NUMERO;RECEITA;DATA;HISTORICO;CONTA BANCARIA;FORNECEDOR;VALOR
631;13.2.1.0.10.1.1 - Remuneração de Depósitos Bancários - Principal;30/12/2022;REFERENTE A RENDIMENTO DE APLICAÇÃO FINANCEIRA.;6472165;CAIXA ECONOMICA FEDERAL;94,96
630;13.2.1.0.10.1.1 - Remuneração de Depósitos Bancários - Principal;30/12/2022;REFERENTE A RENDIMENTO DE APLICAÇÃO FINANCEIRA.;485969;BANCO DO BRASIL S.A;62,61
629;13.2.1.0.10.1.1 - Remuneração de Depósitos Bancários - Principal;30/12/2022;REFERENTE A RENDIMENTO DE APLICAÇÃO FINANCEIRA.;6472165;CAIXA ECONOMICA FEDERAL;23,76
628;13.2.1.0.10.1.1 - Remuneração de Depósitos Bancários - Principal;30/12/2022;REFERENTE A RENDIMENTO DE APLICAÇÃO FINANCEIRA.;6240574;CAIXA ECONOMICA FEDERAL;13,56
627;13.2.1.0.10.1.1 - Remuneração de Depósitos Bancários - Principal;30/12/2022;REFERENTE A RENDIMENTO DE APLICAÇÃO FINANCEIRA.;6240582;CAIXA ECONOMICA FEDERAL;317,08
626;13.2.1.0.10.1.1 - Remuneração de Depósitos Bancários - Principal;30/12/2022;REFERENTE A RENDIMENTO DE APLICAÇÃO FINANCEIRA.;6240671;CAIXA ECONOMICA FEDERAL;11,3
625;13.2.1.0.10.1.1 - Remuneração de Depósitos Bancários - Principal;30/12/2022;REFERENTE A RENDIMENTO DE APLICAÇÃO FINANCEIRA.;6240736;CAIXA ECONOMICA FEDERAL;0,09
624;13.2.1.0.10.1.1 - Remuneração de Depósitos Bancários - Principal;30/12/2022;REFERENTE A RENDIMENTO DE APLICAÇÃO FINANCEIRA.;6240779;CAIXA ECONOMICA FEDERAL;813,33
623;13.2.1.0.10.1.1 - Remuneração de Depósitos Bancários - Principal;30/12/2022;REFERENTE A RENDIMENTO DE APLICAÇÃO FINANCEIRA.;6240825;CAIXA ECONOMICA FEDERAL;11.174,87
622;13.2.1.0.10.1.1 - Remuneração de Depósitos Bancários - Principal;30/12/2022;REFERENTE A RENDIMENTO DE APLICAÇÃO FINANCEIRA.;473766;BANCO DO BRASIL S.A;386,45
621;13.2.1.0.10.1.1 - Remuneração de Depósitos Bancários - Principal;30/12/2022;REFERENTE A RENDIMENTO DE APLICAÇÃO FINANCEIRA.;00000016173X;BANCO DO BRASIL S.A;0,04
620;13.2.1.0.10.1.1 - Remuneração de Depósitos Bancários - Principal;30/12/2022;REFERENTE A RENDIMENTO DE APLICAÇÃO FINANCEIRA.;580511;BANCO DO BRASIL S.A;0,1
619;13.2.1.0.10.1.1 - Remuneração de Depósitos Bancários - Principal;30/12/2022;REFERENTE A RENDIMENTO DE APLICAÇÃO FINANCEIRA.;285935;BANCO DO BRASIL S.A;0,79
618;13.2.1.0.10.1.1 - Remuneração de Depósitos Bancários - Principal;30/12/2022;REFERENTE A RENDIMENTO DE APLICAÇÃO FINANCEIRA.;81698;BANCO DO BRASIL S.A;19,54
617;13.2.1.0.10.1.1 - Remuneração de Depósitos Bancários - Principal;30/12/2022;REFERENTE A RENDIMENTO DE APLICAÇÃO FINANCEIRA.;331155;BANCO DO BRASIL S.A;0,56
616;13.2.1.0.10.1.1 - Remuneração de Depósitos Bancários - Principal;30/12/2022;REFERENTE A RENDIMENTO DE APLICAÇÃO FINANCEIRA.;331244;BANCO DO BRASIL S.A;13,1
615;13.2.1.0.10.1.1 - Remuneração de Depósitos Bancários - Principal;30/12/2022;REFERENTE A RENDIMENTO DE APLICAÇÃO FINANCEIRA.;332097;BANCO DO BRASIL S.A;0,34
614;13.2.1.0.10.1.1 - Remuneração de Depósitos Bancários - Principal;30/12/2022;REFERENTE A RENDIMENTO DE APLICAÇÃO FINANCEIRA.;338877;BANCO DO BRASIL S.A;1.394,99
613;13.2.1.0.10.1.1 - Remuneração de Depósitos Bancários - Principal;30/12/2022;REFERENTE A RENDIMENTO DE APLICAÇÃO FINANCEIRA.;261866;BANCO DO BRASIL S.A;19,84
612;13.2.1.0.10.1.1 - Remuneração de Depósitos Bancários - Principal;30/12/2022;REFERENTE A RENDIMENTO DE APLICAÇÃO FINANCEIRA.;261963;BANCO DO BRASIL S.A;0,77
611;13.2.1.0.10.1.1 - Remuneração de Depósitos Bancários - Principal;30/12/2022;REFERENTE A RENDIMENTO DE APLICAÇÃO FINANCEIRA.;281174;BANCO DO BRASIL S.A;954,88
610;13.2.1.0.10.1.1 - Remuneração de Depósitos Bancários - Principal;30/12/2022;REFERENTE A RENDIMENTO DE APLICAÇÃO FINANCEIRA.;282987;BANCO DO BRASIL S.A;0,87
609;13.2.1.0.10.1.1 - Remuneração de Depósitos Bancários - Principal;30/12/2022;REFERENTE A RENDIMENTO DE APLICAÇÃO FINANCEIRA.;291137;BANCO DO BRASIL S.A;0,39
608;13.2.1.0.10.1.1 - Remuneração de Depósitos Bancários - Principal;30/12/2022;REFERENTE A RENDIMENTO DE APLICAÇÃO FINANCEIRA.;324760;BANCO DO BRASIL S.A;572,23
607;13.2.1.0.10.1.1 - Remuneração de Depósitos Bancários - Principal;30/12/2022;REFERENTE A RENDIMENTO DE APLICAÇÃO FINANCEIRA.;324779;BANCO DO BRASIL S.A;5,45
606;13.2.1.0.10.1.1 - Remuneração de Depósitos Bancários - Principal;30/12/2022;REFERENTE A RENDIMENTO DE APLICAÇÃO FINANCEIRA.;324787;BANCO DO BRASIL S.A;1,76
605;13.2.1.0.10.1.1 - Remuneração de Depósitos Bancários - Principal;30/12/2022;REFERENTE A RENDIMENTO DE APLICAÇÃO FINANCEIRA.;324795;BANCO DO BRASIL S.A;85,21
604;13.2.1.0.10.1.1 - Remuneração de Depósitos Bancários - Principal;30/12/2022;REFERENTE A RENDIMENTO DE APLICAÇÃO FINANCEIRA.;327654;BANCO DO BRASIL S.A;8,69
603;13.2.1.0.10.1.1 - Remuneração de Depósitos Bancários - Principal;30/12/2022;REFERENTE A RENDIMENTO DE APLICAÇÃO FINANCEIRA.;327662;BANCO DO BRASIL S.A;1.126,86
602;13.2.1.0.10.1.1 - Remuneração de Depósitos Bancários - Principal;30/12/2022;REFERENTE A RENDIMENTO DE APLICAÇÃO FINANCEIRA.;327670;BANCO DO BRASIL S.A;0,74
601;13.2.1.0.10.1.1 - Remuneração de Depósitos Bancários - Principal;30/12/2022;REFERENTE A RENDIMENTO DE APLICAÇÃO FINANCEIRA.;327689;BANCO DO BRASIL S.A;309,68
600;13.2.1.0.10.1.1 - Remuneração de Depósitos Bancários - Principal;30/12/2022;REFERENTE A RENDIMENTO DE APLICAÇÃO FINANCEIRA.;327697;BANCO DO BRASIL S.A;647,46
599;17.1.3.5.04.1.1 - Transferências de Recursos do Bloco de Manutenção das Ações e Serviços Públicos de Saúde ? Assistência Farmacêutica - Principal;27/12/2022;REFERENTE A CONTRA PARTIDA DO ESTADO DA PARAIBA - ASSISTÊNCIA FARMACÊUTICA, CONFORME EXTRATO BANCÁRIO.;473766;BANCO DO BRASIL S.A;12.157,15
598;17.1.3.5.01.1.1 - Transferências de Recursos do Bloco de Manutenção das Ações e Serviços Públicos de Saúde ? Atenção Primária - Principal;27/12/2022;REFERENTE A CONTRA PARTIDA DO ESTADO DA PARAIBA - SAMU, CONFORME EXTRATO BANCÁRIO.;473766;BANCO DO BRASIL S.A;35.000,00
597;17.1.3.5.01.1.1 - Transferências de Recursos do Bloco de Manutenção das Ações e Serviços Públicos de Saúde ? Atenção Primária - Principal;13/12/2022;REFERENTE A CONTRA PARTIDA DO ESTADO DA PARAIBA - SAMU, CONFORME EXTRATO BANCÁRIO.;473766;BANCO DO BRASIL S.A;35.000,00
596;24.1.1.5.11.1.1 - Transferências de Recursos do Bloco de Estruturação da Rede de Serviços Públicos de Saúde - Atenção Primária - Principal;29/12/2022;ESTRUTURAÇÃO DA ATENÇÃO À SAÚDE BUCAL, Nº DA PROPOSTA: 11902878000122003, Nº DA PORTARIA: 4147,Nº DO PROCESSO: 25000.176329/2022-95.;6240825;CAIXA ECONOMICA FEDERAL;38.005,00
595;24.1.1.5.12.1.1 - Transferências de Recursos do Bloco de Estruturação da Rede de Serviços Públicos de Saúde - Atenção Especializada - Principal;23/12/2022;ESTRUTURAÇÃO DE UNIDADES DE ATENÇÃO ESPECIALIZADA EM SAÚDE, Nº DA PROPOSTA: 11902878000121005, Nº DA PORTARIA: 4186,Nº DO PROCESSO: 25000.174010/2022-25.;6240825;CAIXA ECONOMICA FEDERAL;454.865,00
594;17.1.3.5.01.1.1 - Transferências de Recursos do Bloco de Manutenção das Ações e Serviços Públicos de Saúde ? Atenção Primária - Principal;30/12/2022;PISO DA ATENÇÃO PRIMÁRIA EM SAÚDE - INCENTIVO FINANCEIRO DA APS - CAPITAÇÃO PONDERADA.;6240779;CAIXA ECONOMICA FEDERAL;12.024,50
593;17.1.3.5.01.1.1 - Transferências de Recursos do Bloco de Manutenção das Ações e Serviços Públicos de Saúde ? Atenção Primária - Principal;29/12/2022;PISO DA ATENÇÃO PRIMÁRIA EM SAÚDE - INCENTIVO FINANCEIRO DA APS - DESEMPENHO.;6240779;CAIXA ECONOMICA FEDERAL;13.583,70
592;17.1.3.5.03.1.1 - Transferências de Recursos do Bloco de Manutenção das Ações e Serviços Públicos de Saúde ? Vigilância em Saúde - Principal;29/12/2022;INCENTIVO FINANCEIRO AOS ESTADOS, DISTRITO FEDERAL E MUNICÍPIOS, EXECUÇÃO AÇÕES VIGILÂNCIA SANITÁRIA.;6240779;CAIXA ECONOMICA FEDERAL;26.632,50
591;17.1.3.5.01.1.1 - Transferências de Recursos do Bloco de Manutenção das Ações e Serviços Públicos de Saúde ? Atenção Primária - Principal;29/12/2022;PISO DA ATENÇÃO PRIMÁRIA EM SAÚDE - INCENTIVO FINANCEIRO DA APS - DESEMPENHO.;6240779;CAIXA ECONOMICA FEDERAL;16.030,51
590;17.1.3.5.01.1.1 - Transferências de Recursos do Bloco de Manutenção das Ações e Serviços Públicos de Saúde ? Atenção Primária - Principal;29/12/2022;PISO DA ATENÇÃO PRIMÁRIA EM SAÚDE - INCENTIVO FINANCEIRO DA APS - DESEMPENHO.;6240779;CAIXA ECONOMICA FEDERAL;16.030,51
589;17.1.3.5.01.1.1 - Transferências de Recursos do Bloco de Manutenção das Ações e Serviços Públicos de Saúde ? Atenção Primária - Principal;29/12/2022;PISO DA ATENÇÃO PRIMÁRIA EM SAÚDE - INCENTIVO FINANCEIRO DA APS - CAPITAÇÃO PONDERADA.;6240779;CAIXA ECONOMICA FEDERAL;14.820,63
588;17.1.3.5.04.1.1 - Transferências de Recursos do Bloco de Manutenção das Ações e Serviços Públicos de Saúde ? Assistência Farmacêutica - Principal;16/12/2022;PROMOÇÃO DA ASSISTÊNCIA FARMACÊUTICA E INSUMOS ESTRATÉGICOS NA ATENÇÃO PRIMARIA EM SAÚDE - CV19 - CORONAVIRUS (COVID-19) - SCTIE.;6240779;CAIXA ECONOMICA FEDERAL;4.911,75
587;17.1.3.5.01.1.1 - Transferências de Recursos do Bloco de Manutenção das Ações e Serviços Públicos de Saúde ? Atenção Primária - Principal;14/12/2022;PISO DA ATENÇÃO PRIMÁRIA EM SAÚDE - AGENTE COMUNITÁRIO DE SAÚDE.;6240779;CAIXA ECONOMICA FEDERAL;317.544,00
586;17.1.3.5.01.1.1 - Transferências de Recursos do Bloco de Manutenção das Ações e Serviços Públicos de Saúde ? Atenção Primária - Principal;12/12/2022;PISO DA ATENÇÃO PRIMÁRIA EM SAÚDE - AGENTE COMUNITÁRIO DE SAÚDE.;6240779;CAIXA ECONOMICA FEDERAL;317.544,00
585;17.1.3.5.01.1.1 - Transferências de Recursos do Bloco de Manutenção das Ações e Serviços Públicos de Saúde ? Atenção Primária - Principal;12/12/2022;PISO DA ATENÇÃO PRIMÁRIA EM SAÚDE - INCENTIVO FINANCEIRO DA APS - DESEMPENHO.;6240779;CAIXA ECONOMICA FEDERAL;73.292,06
584;17.1.3.5.01.1.1 - Transferências de Recursos do Bloco de Manutenção das Ações e Serviços Públicos de Saúde ? Atenção Primária - Principal;12/12/2022;PISO DA ATENÇÃO PRIMÁRIA EM SAÚDE - INCENTIVO FINANCEIRO DA APS - CAPITAÇÃO PONDERADA.;6240779;CAIXA ECONOMICA FEDERAL;477.088,39
583;17.1.3.5.04.1.1 - Transferências de Recursos do Bloco de Manutenção das Ações e Serviços Públicos de Saúde ? Assistência Farmacêutica - Principal;12/12/2022;PROMOÇÃO DA ASSISTÊNCIA FARMACÊUTICA E INSUMOS ESTRATÉGICOS NA ATENÇÃO PRIMÁRIA EM SAÚDE.;6240779;CAIXA ECONOMICA FEDERAL;30.738,20
582;17.1.3.5.03.1.1 - Transferências de Recursos do Bloco de Manutenção das Ações e Serviços Públicos de Saúde ? Vigilância em Saúde - Principal;12/12/2022;ASSISTÊNCIA FINANCEIRA COMPLEMENTAR AOS ESTADOS, DISTRITO FEDERAL E MUNICÍPIOS PARA AGENTES DE COMBATE ÀS ENDEMIAS.;6240779;CAIXA ECONOMICA FEDERAL;3.757,20
581;17.1.3.5.01.1.1 - Transferências de Recursos do Bloco de Manutenção das Ações e Serviços Públicos de Saúde ? Atenção Primária - Principal;12/12/2022;PISO DA ATENÇÃO PRIMÁRIA EM SAÚDE - INCENTIVO PARA AÇÕES ESTRATÉGICAS.;6240779;CAIXA ECONOMICA FEDERAL;70.051,50
580;17.1.3.5.01.1.1 - Transferências de Recursos do Bloco de Manutenção das Ações e Serviços Públicos de Saúde ? Atenção Primária - Principal;12/12/2022;PISO DA ATENÇÃO PRIMÁRIA EM SAÚDE - PROGRAMA DE INFORMATIZAÇÃO DA APS.;6240779;CAIXA ECONOMICA FEDERAL;37.400,00
579;17.1.3.5.01.1.1 - Transferências de Recursos do Bloco de Manutenção das Ações e Serviços Públicos de Saúde ? Atenção Primária - Principal;12/12/2022;PISO DA ATENÇÃO PRIMÁRIA EM SAÚDE - INCENTIVO PARA AÇÕES ESTRATÉGICAS.;6240779;CAIXA ECONOMICA FEDERAL;11.675,88
578;17.1.3.5.01.1.1 - Transferências de Recursos do Bloco de Manutenção das Ações e Serviços Públicos de Saúde ? Atenção Primária - Principal;12/12/2022;PISO DA ATENÇÃO PRIMÁRIA EM SAÚDE - INCENTIVO PARA AÇÕES ESTRATÉGICAS.;6240779;CAIXA ECONOMICA FEDERAL;18.760,49
577;17.1.3.5.01.1.1 - Transferências de Recursos do Bloco de Manutenção das Ações e Serviços Públicos de Saúde ? Atenção Primária - Principal;12/12/2022;PISO DA ATENÇÃO PRIMÁRIA EM SAÚDE - INCENTIVO PARA AÇÕES ESTRATÉGICAS.;6240779;CAIXA ECONOMICA FEDERAL;22.422,00
576;17.1.3.5.03.1.1 - Transferências de Recursos do Bloco de Manutenção das Ações e Serviços Públicos de Saúde ? Vigilância em Saúde - Principal;12/12/2022;ASSISTÊNCIA FINANCEIRA COMPLEMENTAR AOS ESTADOS, DISTRITO FEDERAL E MUNICÍPIOS PARA AGENTES DE COMBATE ÀS ENDEMIAS.;6240779;CAIXA ECONOMICA FEDERAL;3.757,20
575;17.1.3.5.03.1.1 - Transferências de Recursos do Bloco de Manutenção das Ações e Serviços Públicos de Saúde ? Vigilância em Saúde - Principal;09/12/2022;ASSISTÊNCIA FINANCEIRA COMPLEMENTAR AOS ESTADOS, DISTRITO FEDERAL E MUNICÍPIOS PARA AGENTES DE COMBATE ÀS ENDEMIAS.;6240779;CAIXA ECONOMICA FEDERAL;71.386,80
574;17.1.3.5.03.1.1 - Transferências de Recursos do Bloco de Manutenção das Ações e Serviços Públicos de Saúde ? Vigilância em Saúde - Principal;09/12/2022;INCENTIVO FINANCEIRO AOS ESTADOS, DISTRITO FEDERAL E MUNICÍPIOS PARA A VIGILÂNCIA EM SAÚDE - DESPESAS DIVERSAS.;6240779;CAIXA ECONOMICA FEDERAL;16.195,14
573;17.1.3.5.03.1.1 - Transferências de Recursos do Bloco de Manutenção das Ações e Serviços Públicos de Saúde ? Vigilância em Saúde - Principal;08/12/2022;INCENTIVO FINANCEIRO ÀS AÇÕES DE VIGILÂNCIA E PREVENÇÃO E CONTROLE DAS DST/AIDS E HEPATITES VIRAIS.;6240779;CAIXA ECONOMICA FEDERAL;4.464,05
572;17.1.3.5.03.1.1 - Transferências de Recursos do Bloco de Manutenção das Ações e Serviços Públicos de Saúde ? Vigilância em Saúde - Principal;08/12/2022;ASSISTÊNCIA FINANCEIRA COMPLEMENTAR AOS ESTADOS, DISTRITO FEDERAL E MUNICÍPIOS PARA AGENTES DE COMBATE ÀS ENDEMIAS.;6240779;CAIXA ECONOMICA FEDERAL;71.386,80
571;17.1.3.5.01.1.1 - Transferências de Recursos do Bloco de Manutenção das Ações e Serviços Públicos de Saúde ? Atenção Primária - Principal;07/12/2022;RECURSO REFERENTE A ATENÇÃO À SAÚDE DA POPULAÇÃO PARA PROCEDIMENTOS NO MAC, CONFORME EXTRATO BANCÁRIO.;6240779;CAIXA ECONOMICA FEDERAL;290.516,22
570;17.1.3.5.03.1.1 - Transferências de Recursos do Bloco de Manutenção das Ações e Serviços Públicos de Saúde ? Vigilância em Saúde - Principal;06/12/2022;INCENTIVO FINANCEIRO AOS ESTADOS, DISTRITO FEDERAL E MUNICÍPIOS, EXECUÇÃO AÇÕES VIGILÂNCIA SANITÁRIA.;6240779;CAIXA ECONOMICA FEDERAL;3.128,80
569;17.1.3.5.01.1.1 - Transferências de Recursos do Bloco de Manutenção das Ações e Serviços Públicos de Saúde ? Atenção Primária - Principal;06/12/2022;RECURSO REFERENTE A ATENÇÃO À SAÚDE DA POPULAÇÃO PARA PROCEDIMENTOS NO MAC - SAMU 192, CONFORME EXTRATO BANCÁRIO.;6240779;CAIXA ECONOMICA FEDERAL;122.745,00
568;17.1.3.5.01.1.1 - Transferências de Recursos do Bloco de Manutenção das Ações e Serviços Públicos de Saúde ? Atenção Primária - Principal;01/12/2022;PISO DA ATENÇÃO PRIMÁRIA EM SAÚDE - INCENTIVO PARA AÇÕES ESTRATÉGICAS.;6240779;CAIXA ECONOMICA FEDERAL;18.760,49
567;19.2.2.9.90.1.1 - Outras Restituições - Principal;01/12/2022;Ref. a devolução de recurso de Antonio Helano Vieira da Silva Segundo, CPF: 087.165.414,80, devido ao cancelamento da agenda de uma diária do dia 28/11/2022, conforme extrato bancário.;281174;ANTONIO HELANO VIEIRA DA SILVA SEGUNDO;320
487;17.1.3.5.04.1.1 - Transferências de Recursos do Bloco de Manutenção das Ações e Serviços Públicos de Saúde ? Assistência Farmacêutica - Principal;21/10/2022;REFERENTE A CONTRA PARTIDA DO ESTADO DA PARAIBA - ASSISTÊNCIA FARMACÊUTICA, CONFORME EXTRATO BANCÁRIO.;473766;BANCO DO BRASIL S.A;12.157,15
486;17.1.3.5.01.1.1 - Transferências de Recursos do Bloco de Manutenção das Ações e Serviços Públicos de Saúde ? Atenção Primária - Principal;19/10/2022;REFERENTE A CONTRA PARTIDA DO ESTADO DA PARAIBA - SAMU, CONFORME EXTRATO BANCÁRIO.;473766;BANCO DO BRASIL S.A;35.000,00
485;17.1.3.5.01.1.1 - Transferências de Recursos do Bloco de Manutenção das Ações e Serviços Públicos de Saúde ? Atenção Primária - Principal;24/10/2022;PISO DA ATENÇÃO PRIMÁRIA EM SAÚDE - INCENTIVO PARA AÇÕES ESTRATÉGICAS.;6240779;CAIXA ECONOMICA FEDERAL;38.887,20
484;17.1.3.5.04.1.1 - Transferências de Recursos do Bloco de Manutenção das Ações e Serviços Públicos de Saúde ? Assistência Farmacêutica - Principal;18/10/2022;PROMOÇÃO DA ASSISTÊNCIA FARMACÊUTICA E INSUMOS ESTRATÉGICOS NA ATENÇÃO PRIMARIA EM SAÚDE - CV19 - CORONAVIRUS (COVID-19) - SCTIE.;6240779;CAIXA ECONOMICA FEDERAL;4.911,75
483;17.1.3.5.04.1.1 - Transferências de Recursos do Bloco de Manutenção das Ações e Serviços Públicos de Saúde ? Assistência Farmacêutica - Principal;18/10/2022;PROMOÇÃO DA ASSISTÊNCIA FARMACÊUTICA E INSUMOS ESTRATÉGICOS NA ATENÇÃO PRIMÁRIA EM SAÚDE.;6240779;CAIXA ECONOMICA FEDERAL;30.738,20
482;17.1.3.5.01.1.1 - Transferências de Recursos do Bloco de Manutenção das Ações e Serviços Públicos de Saúde ? Atenção Primária - Principal;11/10/2022;PISO DA ATENÇÃO PRIMÁRIA EM SAÚDE - INCENTIVO PARA AÇÕES ESTRATÉGICAS.;6240779;CAIXA ECONOMICA FEDERAL;67.598,50
481;17.1.3.5.01.1.1 - Transferências de Recursos do Bloco de Manutenção das Ações e Serviços Públicos de Saúde ? Atenção Primária - Principal;11/10/2022;PISO DA ATENÇÃO PRIMÁRIA EM SAÚDE - INCENTIVO FINANCEIRO DA APS - CAPITAÇÃO PONDERADA.;6240779;CAIXA ECONOMICA FEDERAL;467.144,25
480;17.1.3.5.01.1.1 - Transferências de Recursos do Bloco de Manutenção das Ações e Serviços Públicos de Saúde ? Atenção Primária - Principal;11/10/2022;PISO DA ATENÇÃO PRIMÁRIA EM SAÚDE - INCENTIVO PARA AÇÕES ESTRATÉGICAS.;6240779;CAIXA ECONOMICA FEDERAL;18.760,49
478;17.1.3.5.03.1.1 - Transferências de Recursos do Bloco de Manutenção das Ações e Serviços Públicos de Saúde ? Vigilância em Saúde - Principal;11/10/2022;INCENTIVO FINANCEIRO AOS ESTADOS, DISTRITO FEDERAL E MUNICÍPIOS PARA A VIGILÂNCIA EM SAÚDE - DESPESAS DIVERSAS.;6240779;CAIXA ECONOMICA FEDERAL;27.207,84
477;17.1.3.5.01.1.1 - Transferências de Recursos do Bloco de Manutenção das Ações e Serviços Públicos de Saúde ? Atenção Primária - Principal;11/10/2022;PISO DA ATENÇÃO PRIMÁRIA EM SAÚDE - INCENTIVO FINANCEIRO DA APS - DESEMPENHO.;6240779;CAIXA ECONOMICA FEDERAL;70.845,25
476;17.1.3.5.03.1.1 - Transferências de Recursos do Bloco de Manutenção das Ações e Serviços Públicos de Saúde ? Vigilância em Saúde - Principal;10/10/2022;INCENTIVO FINANCEIRO ÀS AÇÕES DE VIGILÂNCIA E PREVENÇÃO E CONTROLE DAS DST/AIDS E HEPATITES VIRAIS.;6240779;CAIXA ECONOMICA FEDERAL;4.464,05
475;17.1.3.5.01.1.1 - Transferências de Recursos do Bloco de Manutenção das Ações e Serviços Públicos de Saúde ? Atenção Primária - Principal;10/10/2022;PISO DA ATENÇÃO PRIMÁRIA EM SAÚDE - PROGRAMA DE INFORMATIZAÇÃO DA APS.;6240779;CAIXA ECONOMICA FEDERAL;37.400,00
474;17.1.3.5.01.1.1 - Transferências de Recursos do Bloco de Manutenção das Ações e Serviços Públicos de Saúde ? Atenção Primária - Principal;10/10/2022;PISO DA ATENÇÃO PRIMÁRIA EM SAÚDE - AGENTE COMUNITÁRIO DE SAÚDE.;6240779;CAIXA ECONOMICA FEDERAL;317.544,00
473;17.1.3.5.01.1.1 - Transferências de Recursos do Bloco de Manutenção das Ações e Serviços Públicos de Saúde ? Atenção Primária - Principal;06/10/2022;RECURSO REFERENTE A ATENÇÃO À SAÚDE DA POPULAÇÃO PARA PROCEDIMENTOS NO MAC, CONFORME EXTRATO BANCÁRIO.;6240779;CAIXA ECONOMICA FEDERAL;284.376,57
472;17.1.3.5.01.1.1 - Transferências de Recursos do Bloco de Manutenção das Ações e Serviços Públicos de Saúde ? Atenção Primária - Principal;05/10/2022;RECURSO REFERENTE A ATENÇÃO À SAÚDE DA POPULAÇÃO PARA PROCEDIMENTOS NO MAC - SAMU 192, CONFORME EXTRATO BANCÁRIO.;6240779;CAIXA ECONOMICA FEDERAL;122.745,00
471;17.1.3.5.01.1.1 - Transferências de Recursos do Bloco de Manutenção das Ações e Serviços Públicos de Saúde ? Atenção Primária - Principal;05/10/2022;PISO DA ATENÇÃO PRIMÁRIA EM SAÚDE - INCENTIVO PARA AÇÕES ESTRATÉGICAS.;6240779;CAIXA ECONOMICA FEDERAL;18.760,49
470;17.1.3.5.03.1.1 - Transferências de Recursos do Bloco de Manutenção das Ações e Serviços Públicos de Saúde ? Vigilância em Saúde - Principal;05/10/2022;INCENTIVO FINANCEIRO AOS ESTADOS, DISTRITO FEDERAL E MUNICÍPIOS PARA A VIGILÂNCIA EM SAÚDE - DESPESAS DIVERSAS.;6240779;CAIXA ECONOMICA FEDERAL;16.195,14
469;17.1.3.5.03.1.1 - Transferências de Recursos do Bloco de Manutenção das Ações e Serviços Públicos de Saúde ? Vigilância em Saúde - Principal;05/10/2022;INCENTIVO FINANCEIRO AOS ESTADOS, DISTRITO FEDERAL E MUNICÍPIOS, EXECUÇÃO AÇÕES VIGILÂNCIA SANITÁRIA.;6240779;CAIXA ECONOMICA FEDERAL;3.128,80
468;17.1.3.5.03.1.1 - Transferências de Recursos do Bloco de Manutenção das Ações e Serviços Públicos de Saúde ? Vigilância em Saúde - Principal;05/10/2022;ASSISTÊNCIA FINANCEIRA COMPLEMENTAR AOS ESTADOS, DISTRITO FEDERAL E MUNICÍPIOS PARA AGENTES DE COMBATE ÀS ENDEMIAS.;6240779;CAIXA ECONOMICA FEDERAL;3.757,20
467;17.1.3.5.03.1.1 - Transferências de Recursos do Bloco de Manutenção das Ações e Serviços Públicos de Saúde ? Vigilância em Saúde - Principal;05/10/2022;ASSISTÊNCIA FINANCEIRA COMPLEMENTAR AOS ESTADOS, DISTRITO FEDERAL E MUNICÍPIOS PARA AGENTES DE COMBATE ÀS ENDEMIAS.;6240779;CAIXA ECONOMICA FEDERAL;71.386,80
378;17.1.3.5.01.1.1 - Transferências de Recursos do Bloco de Manutenção das Ações e Serviços Públicos de Saúde ? Atenção Primária - Principal;26/08/2022;REFERENTE A CONTRA PARTIDA DO ESTADO DA PARAIBA - SAMU, CONFORME EXTRATO BANCÁRIO.;473766;BANCO DO BRASIL S.A;35.000,00
377;17.1.3.5.01.1.1 - Transferências de Recursos do Bloco de Manutenção das Ações e Serviços Públicos de Saúde ? Atenção Primária - Principal;31/08/2022;PISO DA ATENÇÃO PRIMÁRIA EM SAÚDE - INCENTIVO PARA AÇÕES ESTRATÉGICAS.;6240779;CAIXA ECONOMICA FEDERAL;18.760,49
376;17.1.3.5.03.1.1 - Transferências de Recursos do Bloco de Manutenção das Ações e Serviços Públicos de Saúde ? Vigilância em Saúde - Principal;09/08/2022;INCENTIVO FINANCEIRO ÀS AÇÕES DE VIGILÂNCIA E PREVENÇÃO E CONTROLE DAS DST/AIDS E HEPATITES VIRAIS.;6240779;CAIXA ECONOMICA FEDERAL;4.464,05
375;17.1.3.5.04.1.1 - Transferências de Recursos do Bloco de Manutenção das Ações e Serviços Públicos de Saúde ? Assistência Farmacêutica - Principal;16/08/2022;PROMOÇÃO DA ASSISTÊNCIA FARMACÊUTICA E INSUMOS ESTRATÉGICOS NA ATENÇÃO PRIMÁRIA EM SAÚDE.;6240779;CAIXA ECONOMICA FEDERAL;30.738,20
374;17.1.3.5.04.1.1 - Transferências de Recursos do Bloco de Manutenção das Ações e Serviços Públicos de Saúde ? Assistência Farmacêutica - Principal;16/08/2022;PROMOÇÃO DA ASSISTÊNCIA FARMACÊUTICA E INSUMOS ESTRATÉGICOS NA ATENÇÃO PRIMARIA EM SAÚDE - CV19 - CORONAVIRUS (COVID-19) - SCTIE.;6240779;CAIXA ECONOMICA FEDERAL;4.911,75
373;17.1.3.5.01.1.1 - Transferências de Recursos do Bloco de Manutenção das Ações e Serviços Públicos de Saúde ? Atenção Primária - Principal;16/08/2022;PISO DA ATENÇÃO PRIMÁRIA EM SAÚDE - INCENTIVO FINANCEIRO DA APS - CAPITAÇÃO PONDERADA.;6240779;CAIXA ECONOMICA FEDERAL;458.771,36
372;17.1.3.5.01.1.1 - Transferências de Recursos do Bloco de Manutenção das Ações e Serviços Públicos de Saúde ? Atenção Primária - Principal;16/08/2022;PISO DA ATENÇÃO PRIMÁRIA EM SAÚDE - PROGRAMA DE INFORMATIZAÇÃO DA APS.;6240779;CAIXA ECONOMICA FEDERAL;37.400,00
371;17.1.3.5.01.1.1 - Transferências de Recursos do Bloco de Manutenção das Ações e Serviços Públicos de Saúde ? Atenção Primária - Principal;12/08/2022;PISO DA ATENÇÃO PRIMÁRIA EM SAÚDE - INCENTIVO FINANCEIRO DA APS - DESEMPENHO.;6240779;CAIXA ECONOMICA FEDERAL;86.414,00
370;17.1.3.5.01.1.1 - Transferências de Recursos do Bloco de Manutenção das Ações e Serviços Públicos de Saúde ? Atenção Primária - Principal;12/08/2022;PISO DA ATENÇÃO PRIMÁRIA EM SAÚDE - INCENTIVO PARA AÇÕES ESTRATÉGICAS.;6240779;CAIXA ECONOMICA FEDERAL;67.598,50
369;17.1.3.5.01.1.1 - Transferências de Recursos do Bloco de Manutenção das Ações e Serviços Públicos de Saúde ? Atenção Primária - Principal;12/08/2022;PISO DA ATENÇÃO PRIMÁRIA EM SAÚDE - AGENTE COMUNITÁRIO DE SAÚDE.;6240779;CAIXA ECONOMICA FEDERAL;317.544,00
368;17.1.3.5.01.1.1 - Transferências de Recursos do Bloco de Manutenção das Ações e Serviços Públicos de Saúde ? Atenção Primária - Principal;03/08/2022;RECURSO REFERENTE A ATENÇÃO À SAÚDE DA POPULAÇÃO PARA PROCEDIMENTOS NO MAC, CONFORME EXTRATO BANCÁRIO.;6240779;CAIXA ECONOMICA FEDERAL;276.956,66
367;17.1.3.5.03.1.1 - Transferências de Recursos do Bloco de Manutenção das Ações e Serviços Públicos de Saúde ? Vigilância em Saúde - Principal;03/08/2022;ASSISTÊNCIA FINANCEIRA COMPLEMENTAR AOS ESTADOS, DISTRITO FEDERAL E MUNICÍPIOS PARA AGENTES DE COMBATE ÀS ENDEMIAS.;6240779;CAIXA ECONOMICA FEDERAL;3.757,20
366;17.1.3.5.01.1.1 - Transferências de Recursos do Bloco de Manutenção das Ações e Serviços Públicos de Saúde ? Atenção Primária - Principal;03/08/2022;PISO DA ATENÇÃO PRIMÁRIA EM SAÚDE - INCENTIVO FINANCEIRO DA APS - CAPITAÇÃO PONDERADA.;6240779;CAIXA ECONOMICA FEDERAL;3.378,37
365;17.1.3.5.01.1.1 - Transferências de Recursos do Bloco de Manutenção das Ações e Serviços Públicos de Saúde ? Atenção Primária - Principal;03/08/2022;RECURSO REFERENTE A ATENÇÃO À SAÚDE DA POPULAÇÃO PARA PROCEDIMENTOS NO MAC, CONFORME EXTRATO BANCÁRIO.;6240779;CAIXA ECONOMICA FEDERAL;7.419,91
364;17.1.3.5.01.1.1 - Transferências de Recursos do Bloco de Manutenção das Ações e Serviços Públicos de Saúde ? Atenção Primária - Principal;03/08/2022;RECURSO REFERENTE A ATENÇÃO À SAÚDE DA POPULAÇÃO PARA PROCEDIMENTOS NO MAC, CONFORME EXTRATO BANCÁRIO.;6240779;CAIXA ECONOMICA FEDERAL;7.419,91
363;17.1.3.5.03.1.1 - Transferências de Recursos do Bloco de Manutenção das Ações e Serviços Públicos de Saúde ? Vigilância em Saúde - Principal;03/08/2022;INCENTIVO FINANCEIRO AOS ESTADOS, DISTRITO FEDERAL E MUNICÍPIOS PARA A VIGILÂNCIA EM SAÚDE - DESPESAS DIVERSAS.;6240779;CAIXA ECONOMICA FEDERAL;16.195,14
362;17.1.3.5.01.1.1 - Transferências de Recursos do Bloco de Manutenção das Ações e Serviços Públicos de Saúde ? Atenção Primária - Principal;03/08/2022;RECURSO REFERENTE A ATENÇÃO À SAÚDE DA POPULAÇÃO PARA PROCEDIMENTOS NO MAC - SAMU 192, CONFORME EXTRATO BANCÁRIO.;6240779;CAIXA ECONOMICA FEDERAL;122.745,00
361;17.1.3.5.03.1.1 - Transferências de Recursos do Bloco de Manutenção das Ações e Serviços Públicos de Saúde ? Vigilância em Saúde - Principal;03/08/2022;ASSISTÊNCIA FINANCEIRA COMPLEMENTAR AOS ESTADOS, DISTRITO FEDERAL E MUNICÍPIOS PARA AGENTES DE COMBATE ÀS ENDEMIAS.;6240779;CAIXA ECONOMICA FEDERAL;71.386,80
329;17.1.3.5.04.1.1 - Transferências de Recursos do Bloco de Manutenção das Ações e Serviços Públicos de Saúde ? Assistência Farmacêutica - Principal;28/07/2022;REFERENTE A CONTRA PARTIDA DO ESTADO DA PARAIBA - ASSISTÊNCIA FARMACÊUTICA, CONFORME EXTRATO BANCÁRIO.;473766;BANCO DO BRASIL S.A;12.157,15
328;17.1.3.5.04.1.1 - Transferências de Recursos do Bloco de Manutenção das Ações e Serviços Públicos de Saúde ? Assistência Farmacêutica - Principal;28/07/2022;REFERENTE A CONTRA PARTIDA DO ESTADO DA PARAIBA - ASSISTÊNCIA FARMACÊUTICA, CONFORME EXTRATO BANCÁRIO.;473766;BANCO DO BRASIL S.A;12.157,15
327;17.1.3.5.01.1.1 - Transferências de Recursos do Bloco de Manutenção das Ações e Serviços Públicos de Saúde ? Atenção Primária - Principal;21/07/2022;REFERENTE A CONTRA PARTIDA DO ESTADO DA PARAIBA - SAMU, CONFORME EXTRATO BANCÁRIO.;473766;BANCO DO BRASIL S.A;35.000,00
326;17.1.3.5.01.1.1 - Transferências de Recursos do Bloco de Manutenção das Ações e Serviços Públicos de Saúde ? Atenção Primária - Principal;08/07/2022;REFERENTE A CONTRA PARTIDA DO ESTADO DA PARAIBA - SAMU, CONFORME EXTRATO BANCÁRIO.;473766;BANCO DO BRASIL S.A;35.000,00
325;17.1.3.5.04.1.1 - Transferências de Recursos do Bloco de Manutenção das Ações e Serviços Públicos de Saúde ? Assistência Farmacêutica - Principal;07/07/2022;REFERENTE A CONTRA PARTIDA DO ESTADO DA PARAIBA - ASSISTÊNCIA FARMACÊUTICA, CONFORME EXTRATO BANCÁRIO.;473766;BANCO DO BRASIL S.A;12.157,15
324;17.1.3.5.04.1.1 - Transferências de Recursos do Bloco de Manutenção das Ações e Serviços Públicos de Saúde ? Assistência Farmacêutica - Principal;07/07/2022;PROMOÇÃO DA ASSISTÊNCIA FARMACÊUTICA E INSUMOS ESTRATÉGICOS NA ATENÇÃO PRIMÁRIA EM SAÚDE.;6240779;CAIXA ECONOMICA FEDERAL;30.738,20
323;17.1.3.5.01.1.1 - Transferências de Recursos do Bloco de Manutenção das Ações e Serviços Públicos de Saúde ? Atenção Primária - Principal;13/07/2022;PISO DA ATENÇÃO PRIMÁRIA EM SAÚDE - INCENTIVO FINANCEIRO DA APS - CAPITAÇÃO PONDERADA.;6240779;CAIXA ECONOMICA FEDERAL;466.606,37
322;17.1.3.5.01.1.1 - Transferências de Recursos do Bloco de Manutenção das Ações e Serviços Públicos de Saúde ? Atenção Primária - Principal;12/07/2022;PISO DA ATENÇÃO PRIMÁRIA EM SAÚDE - INCENTIVO FINANCEIRO DA APS - DESEMPENHO.;6240779;CAIXA ECONOMICA FEDERAL;86.414,00
321;17.1.3.5.03.1.1 - Transferências de Recursos do Bloco de Manutenção das Ações e Serviços Públicos de Saúde ? Vigilância em Saúde - Principal;11/07/2022;ASSISTÊNCIA FINANCEIRA COMPLEMENTAR AOS ESTADOS, DISTRITO FEDERAL E MUNICÍPIOS PARA AGENTES DE COMBATE ÀS ENDEMIAS.;6240779;CAIXA ECONOMICA FEDERAL;25.739,30
320;17.1.3.5.03.1.1 - Transferências de Recursos do Bloco de Manutenção das Ações e Serviços Públicos de Saúde ? Vigilância em Saúde - Principal;11/07/2022;ASSISTÊNCIA FINANCEIRA COMPLEMENTAR AOS ESTADOS, DISTRITO FEDERAL E MUNICÍPIOS PARA AGENTES DE COMBATE ÀS ENDEMIAS.;6240779;CAIXA ECONOMICA FEDERAL;1.354,70
319;17.1.3.5.03.1.1 - Transferências de Recursos do Bloco de Manutenção das Ações e Serviços Públicos de Saúde ? Vigilância em Saúde - Principal;08/07/2022;INCENTIVO FINANCEIRO ÀS AÇÕES DE VIGILÂNCIA E PREVENÇÃO E CONTROLE DAS DST/AIDS E HEPATITES VIRAIS.;6240779;CAIXA ECONOMICA FEDERAL;4.521,50
318;17.1.3.5.01.1.1 - Transferências de Recursos do Bloco de Manutenção das Ações e Serviços Públicos de Saúde ? Atenção Primária - Principal;08/07/2022;PISO DA ATENÇÃO PRIMÁRIA EM SAÚDE - AGENTE COMUNITÁRIO DE SAÚDE.;6240779;CAIXA ECONOMICA FEDERAL;317.544,00
317;17.1.3.5.01.1.1 - Transferências de Recursos do Bloco de Manutenção das Ações e Serviços Públicos de Saúde ? Atenção Primária - Principal;08/07/2022;PISO DA ATENÇÃO PRIMÁRIA EM SAÚDE - INCENTIVO PARA AÇÕES ESTRATÉGICAS.;6240779;CAIXA ECONOMICA FEDERAL;18.760,49
316;17.1.3.5.01.1.1 - Transferências de Recursos do Bloco de Manutenção das Ações e Serviços Públicos de Saúde ? Atenção Primária - Principal;08/07/2022;PISO DA ATENÇÃO PRIMÁRIA EM SAÚDE - INCENTIVO PARA AÇÕES ESTRATÉGICAS.;6240779;CAIXA ECONOMICA FEDERAL;67.598,50
315;17.1.3.5.01.1.1 - Transferências de Recursos do Bloco de Manutenção das Ações e Serviços Públicos de Saúde ? Atenção Primária - Principal;08/07/2022;PISO DA ATENÇÃO PRIMÁRIA EM SAÚDE - PROGRAMA DE INFORMATIZAÇÃO DA APS.;6240779;CAIXA ECONOMICA FEDERAL;37.400,00
314;17.1.3.5.03.1.1 - Transferências de Recursos do Bloco de Manutenção das Ações e Serviços Públicos de Saúde ? Vigilância em Saúde - Principal;08/07/2022;INCENTIVO FINANCEIRO AOS ESTADOS, DISTRITO FEDERAL E MUNICÍPIOS PARA A VIGILÂNCIA EM SAÚDE - DESPESAS DIVERSAS.;6240779;CAIXA ECONOMICA FEDERAL;16.195,14
313;17.1.3.5.01.1.1 - Transferências de Recursos do Bloco de Manutenção das Ações e Serviços Públicos de Saúde ? Atenção Primária - Principal;08/07/2022;PISO DA ATENÇÃO PRIMÁRIA EM SAÚDE - AGENTE COMUNITÁRIO DE SAÚDE.;6240779;CAIXA ECONOMICA FEDERAL;114.494,00
312;17.1.3.5.01.1.1 - Transferências de Recursos do Bloco de Manutenção das Ações e Serviços Públicos de Saúde ? Atenção Primária - Principal;08/07/2022;PISO DA ATENÇÃO PRIMÁRIA EM SAÚDE - AGENTE COMUNITÁRIO DE SAÚDE.;6240779;CAIXA ECONOMICA FEDERAL;114.494,00
311;17.1.3.5.03.1.1 - Transferências de Recursos do Bloco de Manutenção das Ações e Serviços Públicos de Saúde ? Vigilância em Saúde - Principal;07/07/2022;ASSISTÊNCIA FINANCEIRA COMPLEMENTAR AOS ESTADOS, DISTRITO FEDERAL E MUNICÍPIOS PARA AGENTES DE COMBATE ÀS ENDEMIAS.;6240779;CAIXA ECONOMICA FEDERAL;1.354,70
310;17.1.3.5.03.1.1 - Transferências de Recursos do Bloco de Manutenção das Ações e Serviços Públicos de Saúde ? Vigilância em Saúde - Principal;07/07/2022;ASSISTÊNCIA FINANCEIRA COMPLEMENTAR AOS ESTADOS, DISTRITO FEDERAL E MUNICÍPIOS PARA AGENTES DE COMBATE ÀS ENDEMIAS.;6240779;CAIXA ECONOMICA FEDERAL;25.739,30
309;17.1.3.5.03.1.1 - Transferências de Recursos do Bloco de Manutenção das Ações e Serviços Públicos de Saúde ? Vigilância em Saúde - Principal;07/07/2022;ASSISTÊNCIA FINANCEIRA COMPLEMENTAR AOS ESTADOS, DISTRITO FEDERAL E MUNICÍPIOS PARA AGENTES DE COMBATE ÀS ENDEMIAS.;6240779;CAIXA ECONOMICA FEDERAL;71.386,80
308;17.1.3.5.03.1.1 - Transferências de Recursos do Bloco de Manutenção das Ações e Serviços Públicos de Saúde ? Vigilância em Saúde - Principal;07/07/2022;ASSISTÊNCIA FINANCEIRA COMPLEMENTAR AOS ESTADOS, DISTRITO FEDERAL E MUNICÍPIOS PARA AGENTES DE COMBATE ÀS ENDEMIAS.;6240779;CAIXA ECONOMICA FEDERAL;3.757,20
307;17.1.3.5.03.1.1 - Transferências de Recursos do Bloco de Manutenção das Ações e Serviços Públicos de Saúde ? Vigilância em Saúde - Principal;07/07/2022;INCENTIVO FINANCEIRO ÀS AÇÕES DE VIGILÂNCIA E PREVENÇÃO E CONTROLE DAS DST/AIDS E HEPATITES VIRAIS.;6240779;CAIXA ECONOMICA FEDERAL;4.464,05
306;17.1.3.5.04.1.1 - Transferências de Recursos do Bloco de Manutenção das Ações e Serviços Públicos de Saúde ? Assistência Farmacêutica - Principal;07/07/2022;PROMOÇÃO DA ASSISTÊNCIA FARMACÊUTICA E INSUMOS ESTRATÉGICOS NA ATENÇÃO PRIMARIA EM SAÚDE - CV19 - CORONAVIRUS (COVID-19) - SCTIE.;6240779;CAIXA ECONOMICA FEDERAL;4.911,75
305;17.1.3.5.01.1.1 - Transferências de Recursos do Bloco de Manutenção das Ações e Serviços Públicos de Saúde ? Atenção Primária - Principal;05/07/2022;RECURSO REFERENTE A ATENÇÃO À SAÚDE DA POPULAÇÃO PARA PROCEDIMENTOS NO MAC - SAMU 192, CONFORME EXTRATO BANCÁRIO.;6240779;CAIXA ECONOMICA FEDERAL;122.745,00
304;17.1.3.5.01.1.1 - Transferências de Recursos do Bloco de Manutenção das Ações e Serviços Públicos de Saúde ? Atenção Primária - Principal;05/07/2022;RECURSO REFERENTE A ATENÇÃO À SAÚDE DA POPULAÇÃO PARA PROCEDIMENTOS NO MAC, CONFORME EXTRATO BANCÁRIO.;6240779;CAIXA ECONOMICA FEDERAL;276.956,66
303;17.1.3.5.09.1.1 - Transferências de Recursos do Bloco de Manutenção das Ações e Serviços Públicos de Saúde ? Outros Programas - Principal;04/07/2022;RECURSO REFERENTE A EDUCACAO E FORMACAO EM SAUDE - FORMACAO DE PROFISSIONAIS TECNICOS DE SAUDE E FORTALECIMENTO DAS ESCOLAS TECNICAS DO SUS, CONFORME EXTRATO.;6240779;CAIXA ECONOMICA FEDERAL;9.662,03
302;13.2.1.0.10.1.1 - Remuneração de Depósitos Bancários - Principal;30/06/2022;REFERENTE A RENDIMENTO DE APLICAÇÃO FINANCEIRA.;6240574;CAIXA ECONOMICA FEDERAL;11,68
301;13.2.1.0.10.1.1 - Remuneração de Depósitos Bancários - Principal;30/06/2022;REFERENTE A RENDIMENTO DE APLICAÇÃO FINANCEIRA.;6240582;CAIXA ECONOMICA FEDERAL;273,16
300;13.2.1.0.10.1.1 - Remuneração de Depósitos Bancários - Principal;30/06/2022;REFERENTE A RENDIMENTO DE APLICAÇÃO FINANCEIRA.;6240671;CAIXA ECONOMICA FEDERAL;9,73
299;13.2.1.0.10.1.1 - Remuneração de Depósitos Bancários - Principal;30/06/2022;REFERENTE A RENDIMENTO DE APLICAÇÃO FINANCEIRA.;6240736;CAIXA ECONOMICA FEDERAL;0,08
298;13.2.1.0.10.1.1 - Remuneração de Depósitos Bancários - Principal;30/06/2022;REFERENTE A RENDIMENTO DE APLICAÇÃO FINANCEIRA.;6240779;CAIXA ECONOMICA FEDERAL;4.219,61
297;13.2.1.0.10.1.1 - Remuneração de Depósitos Bancários - Principal;30/06/2022;REFERENTE A RENDIMENTO DE APLICAÇÃO FINANCEIRA.;6240825;CAIXA ECONOMICA FEDERAL;8.902,00
296;13.2.1.0.10.1.1 - Remuneração de Depósitos Bancários - Principal;30/06/2022;REFERENTE A RENDIMENTO DE APLICAÇÃO FINANCEIRA.;00000016173X;BANCO DO BRASIL S.A;0,03
295;13.2.1.0.10.1.1 - Remuneração de Depósitos Bancários - Principal;30/06/2022;REFERENTE A RENDIMENTO DE APLICAÇÃO FINANCEIRA.;580511;BANCO DO BRASIL S.A;0,09
294;13.2.1.0.10.1.1 - Remuneração de Depósitos Bancários - Principal;30/06/2022;REFERENTE A RENDIMENTO DE APLICAÇÃO FINANCEIRA.;285935;BANCO DO BRASIL S.A;0,7
293;13.2.1.0.10.1.1 - Remuneração de Depósitos Bancários - Principal;30/06/2022;REFERENTE A RENDIMENTO DE APLICAÇÃO FINANCEIRA.;81698;BANCO DO BRASIL S.A;249,37
292;13.2.1.0.10.1.1 - Remuneração de Depósitos Bancários - Principal;30/06/2022;REFERENTE A RENDIMENTO DE APLICAÇÃO FINANCEIRA.;331155;BANCO DO BRASIL S.A;0,5
291;13.2.1.0.10.1.1 - Remuneração de Depósitos Bancários - Principal;30/06/2022;REFERENTE A RENDIMENTO DE APLICAÇÃO FINANCEIRA.;331244;BANCO DO BRASIL S.A;70,37
290;13.2.1.0.10.1.1 - Remuneração de Depósitos Bancários - Principal;30/06/2022;REFERENTE A RENDIMENTO DE APLICAÇÃO FINANCEIRA.;332097;BANCO DO BRASIL S.A;0,28
289;13.2.1.0.10.1.1 - Remuneração de Depósitos Bancários - Principal;30/06/2022;REFERENTE A RENDIMENTO DE APLICAÇÃO FINANCEIRA.;338877;BANCO DO BRASIL S.A;1.242,62
288;13.2.1.0.10.1.1 - Remuneração de Depósitos Bancários - Principal;30/06/2022;REFERENTE A RENDIMENTO DE APLICAÇÃO FINANCEIRA.;351091;BANCO DO BRASIL S.A;19,08
287;13.2.1.0.10.1.1 - Remuneração de Depósitos Bancários - Principal;30/06/2022;REFERENTE A RENDIMENTO DE APLICAÇÃO FINANCEIRA.;261866;BANCO DO BRASIL S.A;16,45
286;13.2.1.0.10.1.1 - Remuneração de Depósitos Bancários - Principal;30/06/2022;REFERENTE A RENDIMENTO DE APLICAÇÃO FINANCEIRA.;261963;BANCO DO BRASIL S.A;0,64
285;13.2.1.0.10.1.1 - Remuneração de Depósitos Bancários - Principal;30/06/2022;REFERENTE A RENDIMENTO DE APLICAÇÃO FINANCEIRA.;281174;BANCO DO BRASIL S.A;677,85
284;13.2.1.0.10.1.1 - Remuneração de Depósitos Bancários - Principal;30/06/2022;REFERENTE A RENDIMENTO DE APLICAÇÃO FINANCEIRA.;282987;BANCO DO BRASIL S.A;0,72
283;13.2.1.0.10.1.1 - Remuneração de Depósitos Bancários - Principal;30/06/2022;REFERENTE A RENDIMENTO DE APLICAÇÃO FINANCEIRA.;291137;BANCO DO BRASIL S.A;0,35
282;13.2.1.0.10.1.1 - Remuneração de Depósitos Bancários - Principal;30/06/2022;REFERENTE A RENDIMENTO DE APLICAÇÃO FINANCEIRA.;324760;BANCO DO BRASIL S.A;474,42
281;13.2.1.0.10.1.1 - Remuneração de Depósitos Bancários - Principal;30/06/2022;REFERENTE A RENDIMENTO DE APLICAÇÃO FINANCEIRA.;324779;BANCO DO BRASIL S.A;4,52
280;13.2.1.0.10.1.1 - Remuneração de Depósitos Bancários - Principal;30/06/2022;REFERENTE A RENDIMENTO DE APLICAÇÃO FINANCEIRA.;324787;BANCO DO BRASIL S.A;1,46
279;13.2.1.0.10.1.1 - Remuneração de Depósitos Bancários - Principal;30/06/2022;REFERENTE A RENDIMENTO DE APLICAÇÃO FINANCEIRA.;324795;BANCO DO BRASIL S.A;70,65
278;13.2.1.0.10.1.1 - Remuneração de Depósitos Bancários - Principal;30/06/2022;REFERENTE A RENDIMENTO DE APLICAÇÃO FINANCEIRA.;327654;BANCO DO BRASIL S.A;7,2
277;13.2.1.0.10.1.1 - Remuneração de Depósitos Bancários - Principal;30/06/2022;REFERENTE A RENDIMENTO DE APLICAÇÃO FINANCEIRA.;327662;BANCO DO BRASIL S.A;1.003,79
276;13.2.1.0.10.1.1 - Remuneração de Depósitos Bancários - Principal;30/06/2022;REFERENTE A RENDIMENTO DE APLICAÇÃO FINANCEIRA.;327670;BANCO DO BRASIL S.A;0,61
275;13.2.1.0.10.1.1 - Remuneração de Depósitos Bancários - Principal;30/06/2022;REFERENTE A RENDIMENTO DE APLICAÇÃO FINANCEIRA.;327689;BANCO DO BRASIL S.A;275,85
274;13.2.1.0.10.1.1 - Remuneração de Depósitos Bancários - Principal;30/06/2022;REFERENTE A RENDIMENTO DE APLICAÇÃO FINANCEIRA.;327697;BANCO DO BRASIL S.A;536,78
273;17.1.3.5.01.1.1 - Transferências de Recursos do Bloco de Manutenção das Ações e Serviços Públicos de Saúde ? Atenção Primária - Principal;24/06/2022;ESTRUTURAÇÃO DA REDE DE SERVIÇOS DE ATENÇÃO PRIMÁRIA DE SAÚDE, Nº DA PROPOSTA: 11902878000122002, Nº DA PORTARIA: 1157.;6240825;CAIXA ECONOMICA FEDERAL;699.958,00
272;17.1.3.5.04.1.1 - Transferências de Recursos do Bloco de Manutenção das Ações e Serviços Públicos de Saúde ? Assistência Farmacêutica - Principal;30/06/2022;REFERENTE A CONTRA PARTIDA DO ESTADO DA PARAIBA - ASSISTÊNCIA FARMACÊUTICA, CONFORME EXTRATO BANCÁRIO.;473766;BANCO DO BRASIL S.A;12.157,15
271;17.1.3.5.01.1.1 - Transferências de Recursos do Bloco de Manutenção das Ações e Serviços Públicos de Saúde ? Atenção Primária - Principal;28/06/2022;REFERENTE A CONTRA PARTIDA DO ESTADO DA PARAIBA - SAMU, CONFORME EXTRATO BANCÁRIO.;473766;BANCO DO BRASIL S.A;35.000,00
270;17.1.3.5.04.1.1 - Transferências de Recursos do Bloco de Manutenção das Ações e Serviços Públicos de Saúde ? Assistência Farmacêutica - Principal;14/06/2022;REFERENTE A CONTRA PARTIDA DO ESTADO DA PARAIBA - ASSISTÊNCIA FARMACÊUTICA, CONFORME EXTRATO BANCÁRIO.;473766;BANCO DO BRASIL S.A;48.628,60
269;17.1.3.5.04.1.1 - Transferências de Recursos do Bloco de Manutenção das Ações e Serviços Públicos de Saúde ? Assistência Farmacêutica - Principal;14/06/2022;REFERENTE A CONTRA PARTIDA DO ESTADO DA PARAIBA - ASSISTÊNCIA FARMACÊUTICA, CONFORME EXTRATO BANCÁRIO.;473766;BANCO DO BRASIL S.A;12.157,15
268;17.1.3.5.01.1.1 - Transferências de Recursos do Bloco de Manutenção das Ações e Serviços Públicos de Saúde ? Atenção Primária - Principal;09/06/2022;REFERENTE A CONTRA PARTIDA DO ESTADO DA PARAIBA - SAMU, CONFORME EXTRATO BANCÁRIO.;473766;BANCO DO BRASIL S.A;35.000,00
267;17.1.3.5.04.1.1 - Transferências de Recursos do Bloco de Manutenção das Ações e Serviços Públicos de Saúde ? Assistência Farmacêutica - Principal;09/06/2022;REFERENTE A CONTRA PARTIDA DO ESTADO DA PARAIBA - ASSISTÊNCIA FARMACÊUTICA, CONFORME EXTRATO BANCÁRIO.;473766;BANCO DO BRASIL S.A;12.157,15
266;17.1.3.5.01.1.1 - Transferências de Recursos do Bloco de Manutenção das Ações e Serviços Públicos de Saúde ? Atenção Primária - Principal;29/06/2022;INCREMENTO TEMPORÁRIO AO CUSTEIO DOS SERVIÇOS DE ATENÇÃO PRIMÁRIA EM SAÚDE PARA CUMPRIMENTO DAS METAS - NACIONAL, Nº DA PROPOSTA 36000469703202200, Nº DA PORTARIA 1827.;6240779;CAIXA ECONOMICA FEDERAL;500.000,00
265;17.1.3.5.01.1.1 - Transferências de Recursos do Bloco de Manutenção das Ações e Serviços Públicos de Saúde ? Atenção Primária - Principal;29/06/2022;INCREMENTO TEMPORÁRIO AO CUSTEIO DOS SERVIÇOS DE ATENÇÃO PRIMÁRIA EM SAÚDE PARA CUMPRIMENTO DAS METAS - NACIONAL, Nº DA PROPOSTA 36000469094202200, Nº DA PORTARIA 1827.;6240779;CAIXA ECONOMICA FEDERAL;2.000.000,00
264;17.1.3.5.01.1.1 - Transferências de Recursos do Bloco de Manutenção das Ações e Serviços Públicos de Saúde ? Atenção Primária - Principal;27/06/2022;PISO DA ATENÇÃO PRIMÁRIA EM SAÚDE - INCENTIVO PARA AÇÕES ESTRATÉGICAS.;6240779;CAIXA ECONOMICA FEDERAL;18.760,49
263;17.1.3.5.03.1.1 - Transferências de Recursos do Bloco de Manutenção das Ações e Serviços Públicos de Saúde ? Vigilância em Saúde - Principal;27/06/2022;INCENTIVO FINANCEIRO ÀS AÇÕES DE VIGILÂNCIA E PREVENÇÃO E CONTROLE DAS DST/AIDS E HEPATITES VIRAIS.;6240779;CAIXA ECONOMICA FEDERAL;4.464,05
262;17.1.3.5.01.1.1 - Transferências de Recursos do Bloco de Manutenção das Ações e Serviços Públicos de Saúde ? Atenção Primária - Principal;20/06/2022;INCREMENTO TEMPORÁRIO AO CUSTEIO DOS SERVIÇOS DE ATENÇÃO PRIMÁRIA EM SAÚDE PARA CUMPRIMENTO DAS METAS - NACIONAL, Nº DA PROPOSTA 36000429654202200, Nº DA PORTARIA 840.;6240779;CAIXA ECONOMICA FEDERAL;300.000,00
261;17.1.3.5.01.1.1 - Transferências de Recursos do Bloco de Manutenção das Ações e Serviços Públicos de Saúde ? Atenção Primária - Principal;20/06/2022;INCREMENTO TEMPORÁRIO AO CUSTEIO DOS SERVIÇOS DE ATENÇÃO PRIMÁRIA EM SAÚDE PARA CUMPRIMENTO DAS METAS - NACIONAL, Nº DA PROPOSTA 36000429658202200, Nº DA PORTARIA 840.;6240779;CAIXA ECONOMICA FEDERAL;100.000,00
260;17.1.3.5.01.1.1 - Transferências de Recursos do Bloco de Manutenção das Ações e Serviços Públicos de Saúde ? Atenção Primária - Principal;17/06/2022;INCREMENTO TEMPORÁRIO AO CUSTEIO DOS SERVIÇOS DE ASSISTÊNCIA HOSPITALAR E AMBULATORIAL PARA CUMPRIMENTO DAS METAS - NACIONAL, Nº DA PROPOSTA 36000429680202200, Nº DA PORTARIA 748.;6240779;CAIXA ECONOMICA FEDERAL;250.000,00
259;17.1.3.5.01.1.1 - Transferências de Recursos do Bloco de Manutenção das Ações e Serviços Públicos de Saúde ? Atenção Primária - Principal;17/06/2022;INCREMENTO TEMPORÁRIO AO CUSTEIO DOS SERVIÇOS DE ASSISTÊNCIA HOSPITALAR E AMBULATORIAL PARA CUMPRIMENTO DAS METAS - NACIONAL, Nº DA PROPOSTA 36000429690202200, Nº DA PORTARIA 748.;6240779;CAIXA ECONOMICA FEDERAL;300.000,00
258;17.1.3.5.01.1.1 - Transferências de Recursos do Bloco de Manutenção das Ações e Serviços Públicos de Saúde ? Atenção Primária - Principal;14/06/2022;PISO DA ATENÇÃO PRIMÁRIA EM SAÚDE - AGENTE COMUNITÁRIO DE SAÚDE.;6240779;CAIXA ECONOMICA FEDERAL;203.050,00
257;17.1.3.5.01.1.1 - Transferências de Recursos do Bloco de Manutenção das Ações e Serviços Públicos de Saúde ? Atenção Primária - Principal;14/06/2022;PISO DA ATENÇÃO PRIMÁRIA EM SAÚDE - INCENTIVO FINANCEIRO DA APS - DESEMPENHO.;6240779;CAIXA ECONOMICA FEDERAL;86.430,00
256;17.1.3.5.01.1.1 - Transferências de Recursos do Bloco de Manutenção das Ações e Serviços Públicos de Saúde ? Atenção Primária - Principal;14/06/2022;PISO DA ATENÇÃO PRIMÁRIA EM SAÚDE - PROGRAMA DE INFORMATIZAÇÃO DA APS.;6240779;CAIXA ECONOMICA FEDERAL;34.000,00
255;17.1.3.5.01.1.1 - Transferências de Recursos do Bloco de Manutenção das Ações e Serviços Públicos de Saúde ? Atenção Primária - Principal;14/06/2022;PISO DA ATENÇÃO PRIMÁRIA EM SAÚDE - INCENTIVO PARA AÇÕES ESTRATÉGICAS.;6240779;CAIXA ECONOMICA FEDERAL;70.051,50
254;17.1.3.5.01.1.1 - Transferências de Recursos do Bloco de Manutenção das Ações e Serviços Públicos de Saúde ? Atenção Primária - Principal;14/06/2022;PISO DA ATENÇÃO PRIMÁRIA EM SAÚDE - INCENTIVO FINANCEIRO DA APS - CAPITAÇÃO PONDERADA.;6240779;CAIXA ECONOMICA FEDERAL;486.733,05
253;17.1.3.5.01.1.1 - Transferências de Recursos do Bloco de Manutenção das Ações e Serviços Públicos de Saúde ? Atenção Primária - Principal;13/06/2022;INCREMENTO TEMPORÁRIO AO CUSTEIO DOS SERVIÇOS DE ASSISTÊNCIA HOSPITALAR E AMBULATORIAL PARA CUMPRIMENTO DAS METAS - NACIONAL, Nº DA PROPOSTA 36000448199202200, Nº DA PORTARIA 749.;6240779;CAIXA ECONOMICA FEDERAL;916.466,00
252;17.1.3.5.01.1.1 - Transferências de Recursos do Bloco de Manutenção das Ações e Serviços Públicos de Saúde ? Atenção Primária - Principal;13/06/2022;INCREMENTO TEMPORÁRIO AO CUSTEIO DOS SERVIÇOS DE ATENÇÃO PRIMÁRIA EM SAÚDE PARA CUMPRIMENTO DAS METAS - NACIONAL, Nº DA PROPOSTA 36000469703202200, Nº DA PORTARIA 1827.;6240779;CAIXA ECONOMICA FEDERAL;500.000,00
251;17.1.3.5.01.1.1 - Transferências de Recursos do Bloco de Manutenção das Ações e Serviços Públicos de Saúde ? Atenção Primária - Principal;13/06/2022;INCREMENTO TEMPORÁRIO AO CUSTEIO DOS SERVIÇOS DE ATENÇÃO PRIMÁRIA EM SAÚDE PARA CUMPRIMENTO DAS METAS - NACIONAL, Nº DA PROPOSTA 36000447932202200, Nº DA PORTARIA 851.;6240779;CAIXA ECONOMICA FEDERAL;111.822,00
250;17.1.3.5.01.1.1 - Transferências de Recursos do Bloco de Manutenção das Ações e Serviços Públicos de Saúde ? Atenção Primária - Principal;13/06/2022;INCREMENTO TEMPORÁRIO AO CUSTEIO DOS SERVIÇOS DE ATENÇÃO PRIMÁRIA EM SAÚDE PARA CUMPRIMENTO DAS METAS - NACIONAL, Nº DA PROPOSTA 36000425587202100, Nº DA PORTARIA 4182.;6240779;CAIXA ECONOMICA FEDERAL;2.000.000,00
249;17.1.3.5.04.1.1 - Transferências de Recursos do Bloco de Manutenção das Ações e Serviços Públicos de Saúde ? Assistência Farmacêutica - Principal;10/06/2022;PROMOÇÃO DA ASSISTÊNCIA FARMACÊUTICA E INSUMOS ESTRATÉGICOS NA ATENÇÃO PRIMARIA EM SAÚDE - CV19 - CORONAVIRUS (COVID-19) - SCTIE.;6240779;CAIXA ECONOMICA FEDERAL;4.911,75
248;17.1.3.5.04.1.1 - Transferências de Recursos do Bloco de Manutenção das Ações e Serviços Públicos de Saúde ? Assistência Farmacêutica - Principal;10/06/2022;PROMOÇÃO DA ASSISTÊNCIA FARMACÊUTICA E INSUMOS ESTRATÉGICOS NA ATENÇÃO PRIMÁRIA EM SAÚDE.;6240779;CAIXA ECONOMICA FEDERAL;30.738,20
247;17.1.3.5.03.1.1 - Transferências de Recursos do Bloco de Manutenção das Ações e Serviços Públicos de Saúde ? Vigilância em Saúde - Principal;08/06/2022;INCENTIVO FINANCEIRO ÀS AÇÕES DE VIGILÂNCIA E PREVENÇÃO E CONTROLE DAS DST/AIDS E HEPATITES VIRAIS.;6240779;CAIXA ECONOMICA FEDERAL;4.464,05
246;17.1.3.5.01.1.1 - Transferências de Recursos do Bloco de Manutenção das Ações e Serviços Públicos de Saúde ? Atenção Primária - Principal;03/06/2022;ATENÇÃO À SAÚDE DA POPULAÇÃO PARA PROCEDIMENTOS NO MAC.;6240779;CAIXA ECONOMICA FEDERAL;275.082,44
245;17.1.3.5.03.1.1 - Transferências de Recursos do Bloco de Manutenção das Ações e Serviços Públicos de Saúde ? Vigilância em Saúde - Principal;03/06/2022;ASSISTÊNCIA FINANCEIRA COMPLEMENTAR AOS ESTADOS, DISTRITO FEDERAL E MUNICÍPIOS PARA AGENTES DE COMBATE ÀS ENDEMIAS.;6240779;CAIXA ECONOMICA FEDERAL;2.402,50
244;17.1.3.5.01.1.1 - Transferências de Recursos do Bloco de Manutenção das Ações e Serviços Públicos de Saúde ? Atenção Primária - Principal;02/06/2022;ATENÇÃO À SAÚDE DA POPULAÇÃO PARA PROCEDIMENTOS NO MAC - SAMU 192.;6240779;CAIXA ECONOMICA FEDERAL;122.745,00
243;17.1.3.5.03.1.1 - Transferências de Recursos do Bloco de Manutenção das Ações e Serviços Públicos de Saúde ? Vigilância em Saúde - Principal;02/06/2022;INCENTIVO FINANCEIRO AOS ESTADOS, DISTRITO FEDERAL E MUNICÍPIOS, EXECUÇÃO AÇÕES VIGILÂNCIA SANITÁRIA.;6240779;CAIXA ECONOMICA FEDERAL;3.128,80
242;17.1.3.5.03.1.1 - Transferências de Recursos do Bloco de Manutenção das Ações e Serviços Públicos de Saúde ? Vigilância em Saúde - Principal;02/06/2022;INCENTIVO FINANCEIRO AOS ESTADOS, DISTRITO FEDERAL E MUNICÍPIOS PARA A VIGILÂNCIA EM SAÚDE - DESPESAS DIVERSAS.;6240779;CAIXA ECONOMICA FEDERAL;16.195,14
241;17.1.3.5.03.1.1 - Transferências de Recursos do Bloco de Manutenção das Ações e Serviços Públicos de Saúde ? Vigilância em Saúde - Principal;02/06/2022;ASSISTÊNCIA FINANCEIRA COMPLEMENTAR AOS ESTADOS, DISTRITO FEDERAL E MUNICÍPIOS PARA AGENTES DE COMBATE ÀS ENDEMIAS.;6240779;CAIXA ECONOMICA FEDERAL;45.647,50
240;13.2.1.0.10.1.1 - Remuneração de Depósitos Bancários - Principal;31/05/2022;REFERENTE A RENDIMENTO DE APLICAÇÃO FINANCEIRA.;6240574;CAIXA ECONOMICA FEDERAL;11,71
239;13.2.1.0.10.1.1 - Remuneração de Depósitos Bancários - Principal;31/05/2022;REFERENTE A RENDIMENTO DE APLICAÇÃO FINANCEIRA.;6240582;CAIXA ECONOMICA FEDERAL;273,9
238;13.2.1.0.10.1.1 - Remuneração de Depósitos Bancários - Principal;31/05/2022;REFERENTE A RENDIMENTO DE APLICAÇÃO FINANCEIRA.;6240671;CAIXA ECONOMICA FEDERAL;9,75
237;13.2.1.0.10.1.1 - Remuneração de Depósitos Bancários - Principal;31/05/2022;REFERENTE A RENDIMENTO DE APLICAÇÃO FINANCEIRA.;6240736;CAIXA ECONOMICA FEDERAL;0,07
236;13.2.1.0.10.1.1 - Remuneração de Depósitos Bancários - Principal;31/05/2022;REFERENTE A RENDIMENTO DE APLICAÇÃO FINANCEIRA.;6240779;CAIXA ECONOMICA FEDERAL;263,5
235;13.2.1.0.10.1.1 - Remuneração de Depósitos Bancários - Principal;31/05/2022;REFERENTE A RENDIMENTO DE APLICAÇÃO FINANCEIRA.;6240825;CAIXA ECONOMICA FEDERAL;8.205,71
234;13.2.1.0.10.1.1 - Remuneração de Depósitos Bancários - Principal;31/05/2022;REFERENTE A RENDIMENTO DE APLICAÇÃO FINANCEIRA.;00000016173X;BANCO DO BRASIL S.A;0,04
233;13.2.1.0.10.1.1 - Remuneração de Depósitos Bancários - Principal;31/05/2022;REFERENTE A RENDIMENTO DE APLICAÇÃO FINANCEIRA.;580511;BANCO DO BRASIL S.A;0,09
232;13.2.1.0.10.1.1 - Remuneração de Depósitos Bancários - Principal;31/05/2022;REFERENTE A RENDIMENTO DE APLICAÇÃO FINANCEIRA.;285935;BANCO DO BRASIL S.A;150,12
231;13.2.1.0.10.1.1 - Remuneração de Depósitos Bancários - Principal;31/05/2022;REFERENTE A RENDIMENTO DE APLICAÇÃO FINANCEIRA.;81698;BANCO DO BRASIL S.A;249,95
230;13.2.1.0.10.1.1 - Remuneração de Depósitos Bancários - Principal;31/05/2022;REFERENTE A RENDIMENTO DE APLICAÇÃO FINANCEIRA.;331155;BANCO DO BRASIL S.A;0,49
229;13.2.1.0.10.1.1 - Remuneração de Depósitos Bancários - Principal;31/05/2022;REFERENTE A RENDIMENTO DE APLICAÇÃO FINANCEIRA.;331244;BANCO DO BRASIL S.A;172,04
228;13.2.1.0.10.1.1 - Remuneração de Depósitos Bancários - Principal;31/05/2022;REFERENTE A RENDIMENTO DE APLICAÇÃO FINANCEIRA.;332097;BANCO DO BRASIL S.A;0,28
227;13.2.1.0.10.1.1 - Remuneração de Depósitos Bancários - Principal;31/05/2022;REFERENTE A RENDIMENTO DE APLICAÇÃO FINANCEIRA.;338877;BANCO DO BRASIL S.A;1.255,57
226;13.2.1.0.10.1.1 - Remuneração de Depósitos Bancários - Principal;31/05/2022;REFERENTE A RENDIMENTO DE APLICAÇÃO FINANCEIRA.;351091;BANCO DO BRASIL S.A;19,29
225;13.2.1.0.10.1.1 - Remuneração de Depósitos Bancários - Principal;31/05/2022;REFERENTE A RENDIMENTO DE APLICAÇÃO FINANCEIRA.;261866;BANCO DO BRASIL S.A;16,63
224;13.2.1.0.10.1.1 - Remuneração de Depósitos Bancários - Principal;31/05/2022;REFERENTE A RENDIMENTO DE APLICAÇÃO FINANCEIRA.;261963;BANCO DO BRASIL S.A;0,65
223;13.2.1.0.10.1.1 - Remuneração de Depósitos Bancários - Principal;31/05/2022;REFERENTE A RENDIMENTO DE APLICAÇÃO FINANCEIRA.;281174;BANCO DO BRASIL S.A;502,64
222;13.2.1.0.10.1.1 - Remuneração de Depósitos Bancários - Principal;31/05/2022;REFERENTE A RENDIMENTO DE APLICAÇÃO FINANCEIRA.;282987;BANCO DO BRASIL S.A;0,73
221;13.2.1.0.10.1.1 - Remuneração de Depósitos Bancários - Principal;31/05/2022;REFERENTE A RENDIMENTO DE APLICAÇÃO FINANCEIRA.;291137;BANCO DO BRASIL S.A;0,34
220;13.2.1.0.10.1.1 - Remuneração de Depósitos Bancários - Principal;31/05/2022;REFERENTE A RENDIMENTO DE APLICAÇÃO FINANCEIRA.;324760;BANCO DO BRASIL S.A;479,36
219;13.2.1.0.10.1.1 - Remuneração de Depósitos Bancários - Principal;31/05/2022;REFERENTE A RENDIMENTO DE APLICAÇÃO FINANCEIRA.;324779;BANCO DO BRASIL S.A;4,56
218;13.2.1.0.10.1.1 - Remuneração de Depósitos Bancários - Principal;31/05/2022;REFERENTE A RENDIMENTO DE APLICAÇÃO FINANCEIRA.;324787;BANCO DO BRASIL S.A;1,47
217;13.2.1.0.10.1.1 - Remuneração de Depósitos Bancários - Principal;31/05/2022;REFERENTE A RENDIMENTO DE APLICAÇÃO FINANCEIRA.;324795;BANCO DO BRASIL S.A;71,38
216;13.2.1.0.10.1.1 - Remuneração de Depósitos Bancários - Principal;31/05/2022;REFERENTE A RENDIMENTO DE APLICAÇÃO FINANCEIRA.;327654;BANCO DO BRASIL S.A;7,29
215;13.2.1.0.10.1.1 - Remuneração de Depósitos Bancários - Principal;31/05/2022;REFERENTE A RENDIMENTO DE APLICAÇÃO FINANCEIRA.;327662;BANCO DO BRASIL S.A;1.014,25
214;13.2.1.0.10.1.1 - Remuneração de Depósitos Bancários - Principal;31/05/2022;REFERENTE A RENDIMENTO DE APLICAÇÃO FINANCEIRA.;327670;BANCO DO BRASIL S.A;0,62
213;13.2.1.0.10.1.1 - Remuneração de Depósitos Bancários - Principal;31/05/2022;REFERENTE A RENDIMENTO DE APLICAÇÃO FINANCEIRA.;327689;BANCO DO BRASIL S.A;278,73
212;13.2.1.0.10.1.1 - Remuneração de Depósitos Bancários - Principal;31/05/2022;REFERENTE A RENDIMENTO DE APLICAÇÃO FINANCEIRA.;327697;BANCO DO BRASIL S.A;542,39
211;17.1.3.5.04.1.1 - Transferências de Recursos do Bloco de Manutenção das Ações e Serviços Públicos de Saúde ? Assistência Farmacêutica - Principal;30/05/2022;PROMOÇÃO DA ASSISTÊNCIA FARMACÊUTICA E INSUMOS ESTRATÉGICOS NA ATENÇÃO PRIMÁRIA EM SAÚDE.;6240779;CAIXA ECONOMICA FEDERAL;30.738,20
210;17.1.3.5.04.1.1 - Transferências de Recursos do Bloco de Manutenção das Ações e Serviços Públicos de Saúde ? Assistência Farmacêutica - Principal;30/05/2022;PROMOÇÃO DA ASSISTÊNCIA FARMACÊUTICA E INSUMOS ESTRATÉGICOS NA ATENÇÃO PRIMARIA EM SAÚDE - CV19 - CORONAVIRUS (COVID-19) - SCTIE.;6240779;CAIXA ECONOMICA FEDERAL;4.911,75
209;17.1.3.5.01.1.1 - Transferências de Recursos do Bloco de Manutenção das Ações e Serviços Públicos de Saúde ? Atenção Primária - Principal;11/05/2022;PISO DA ATENÇÃO PRIMÁRIA EM SAÚDE - INCENTIVO PARA AÇÕES ESTRATÉGICAS.;6240779;CAIXA ECONOMICA FEDERAL;18.760,49
208;17.1.3.5.01.1.1 - Transferências de Recursos do Bloco de Manutenção das Ações e Serviços Públicos de Saúde ? Atenção Primária - Principal;11/05/2022;PISO DA ATENÇÃO PRIMÁRIA EM SAÚDE - INCENTIVO FINANCEIRO DA APS - DESEMPENHO.;6240779;CAIXA ECONOMICA FEDERAL;93.525,00
207;17.1.3.5.01.1.1 - Transferências de Recursos do Bloco de Manutenção das Ações e Serviços Públicos de Saúde ? Atenção Primária - Principal;11/05/2022;PISO DA ATENÇÃO PRIMÁRIA EM SAÚDE - PROGRAMA DE INFORMATIZAÇÃO DA APS.;6240779;CAIXA ECONOMICA FEDERAL;34.000,00
206;17.1.3.5.01.1.1 - Transferências de Recursos do Bloco de Manutenção das Ações e Serviços Públicos de Saúde ? Atenção Primária - Principal;11/05/2022;PISO DA ATENÇÃO PRIMÁRIA EM SAÚDE - AGENTE COMUNITÁRIO DE SAÚDE.;6240779;CAIXA ECONOMICA FEDERAL;203.050,00
205;17.1.3.5.01.1.1 - Transferências de Recursos do Bloco de Manutenção das Ações e Serviços Públicos de Saúde ? Atenção Primária - Principal;11/05/2022;PISO DA ATENÇÃO PRIMÁRIA EM SAÚDE - INCENTIVO PARA AÇÕES ESTRATÉGICAS.;6240779;CAIXA ECONOMICA FEDERAL;70.051,50
204;17.1.3.5.01.1.1 - Transferências de Recursos do Bloco de Manutenção das Ações e Serviços Públicos de Saúde ? Atenção Primária - Principal;11/05/2022;PISO DA ATENÇÃO PRIMÁRIA EM SAÚDE - INCENTIVO FINANCEIRO DA APS - CAPITAÇÃO PONDERADA.;6240779;CAIXA ECONOMICA FEDERAL;484.674,57
203;17.1.3.5.01.1.1 - Transferências de Recursos do Bloco de Manutenção das Ações e Serviços Públicos de Saúde ? Atenção Primária - Principal;11/05/2022;ATENÇÃO À SAÚDE DA POPULAÇÃO PARA PROCEDIMENTOS NO MAC.;6240779;CAIXA ECONOMICA FEDERAL;275.082,44
202;17.1.3.5.01.1.1 - Transferências de Recursos do Bloco de Manutenção das Ações e Serviços Públicos de Saúde ? Atenção Primária - Principal;09/05/2022;ATENÇÃO À SAÚDE DA POPULAÇÃO PARA PROCEDIMENTOS NO MAC - SAMU 192.;6240779;CAIXA ECONOMICA FEDERAL;122.745,00
201;17.1.3.5.01.1.1 - Transferências de Recursos do Bloco de Manutenção das Ações e Serviços Públicos de Saúde ? Atenção Primária - Principal;02/05/2022;REFERENTE A CONTRA PARTIDA DO ESTADO DA PARAIBA - SAMU, CONFORME EXTRATO BANCÁRIO.;285935;BANCO DO BRASIL S.A;35.000,00
200;17.1.3.5.03.1.1 - Transferências de Recursos do Bloco de Manutenção das Ações e Serviços Públicos de Saúde ? Vigilância em Saúde - Principal;05/05/2022;ASSISTÊNCIA FINANCEIRA COMPLEMENTAR AOS ESTADOS, DISTRITO FEDERAL E MUNICÍPIOS PARA AGENTES DE COMBATE ÀS ENDEMIAS.;6240779;CAIXA ECONOMICA FEDERAL;2.402,50
199;17.1.3.5.03.1.1 - Transferências de Recursos do Bloco de Manutenção das Ações e Serviços Públicos de Saúde ? Vigilância em Saúde - Principal;05/05/2022;INCENTIVO FINANCEIRO AOS ESTADOS, DISTRITO FEDERAL E MUNICÍPIOS PARA A VIGILÂNCIA EM SAÚDE - DESPESAS DIVERSAS.;6240779;CAIXA ECONOMICA FEDERAL;16.195,14
198;17.1.3.5.03.1.1 - Transferências de Recursos do Bloco de Manutenção das Ações e Serviços Públicos de Saúde ? Vigilância em Saúde - Principal;05/05/2022;ASSISTÊNCIA FINANCEIRA COMPLEMENTAR AOS ESTADOS, DISTRITO FEDERAL E MUNICÍPIOS PARA AGENTES DE COMBATE ÀS ENDEMIAS.;6240779;CAIXA ECONOMICA FEDERAL;45.647,50
197;17.1.3.5.03.1.1 - Transferências de Recursos do Bloco de Manutenção das Ações e Serviços Públicos de Saúde ? Vigilância em Saúde - Principal;05/05/2022;INCENTIVO FINANCEIRO AOS ESTADOS, DISTRITO FEDERAL E MUNICÍPIOS, EXECUÇÃO AÇÕES VIGILÂNCIA SANITÁRIA.;6240779;CAIXA ECONOMICA FEDERAL;3.128,80
149;13.2.1.0.10.1.1 - Remuneração de Depósitos Bancários - Principal;31/03/2022;REFERENTE A RENDIMENTO DE APLICAÇÃO FINANCEIRA.;81698;BANCO DO BRASIL S.A;219,98
148;13.2.1.0.10.1.1 - Remuneração de Depósitos Bancários - Principal;31/03/2022;REFERENTE A RENDIMENTO DE APLICAÇÃO FINANCEIRA.;580511;BANCO DO BRASIL S.A;0,05
147;13.2.1.0.10.1.1 - Remuneração de Depósitos Bancários - Principal;31/03/2022;REFERENTE A RENDIMENTO DE APLICAÇÃO FINANCEIRA.;00000016173X;BANCO DO BRASIL S.A;0,02
145;13.2.1.0.10.1.1 - Remuneração de Depósitos Bancários - Principal;31/03/2022;REFERENTE A RENDIMENTO DE APLICAÇÃO FINANCEIRA.;6240825;CAIXA ECONOMICA FEDERAL;7.716,97
144;13.2.1.0.10.1.1 - Remuneração de Depósitos Bancários - Principal;31/03/2022;REFERENTE A RENDIMENTO DE APLICAÇÃO FINANCEIRA.;6240779;CAIXA ECONOMICA FEDERAL;731,61
143;13.2.1.0.10.1.1 - Remuneração de Depósitos Bancários - Principal;31/03/2022;REFERENTE A RENDIMENTO DE APLICAÇÃO FINANCEIRA.;6240736;CAIXA ECONOMICA FEDERAL;0,06
142;13.2.1.0.10.1.1 - Remuneração de Depósitos Bancários - Principal;31/03/2022;REFERENTE A RENDIMENTO DE APLICAÇÃO FINANCEIRA.;6240671;CAIXA ECONOMICA FEDERAL;8,43
141;13.2.1.0.10.1.1 - Remuneração de Depósitos Bancários - Principal;31/03/2022;REFERENTE A RENDIMENTO DE APLICAÇÃO FINANCEIRA.;6240582;CAIXA ECONOMICA FEDERAL;236,59
140;13.2.1.0.10.1.1 - Remuneração de Depósitos Bancários - Principal;31/03/2022;REFERENTE A RENDIMENTO DE APLICAÇÃO FINANCEIRA.;6240574;CAIXA ECONOMICA FEDERAL;10,13
139;13.2.1.0.10.1.1 - Remuneração de Depósitos Bancários - Principal;31/03/2022;REFERENTE A RENDIMENTO DE APLICAÇÃO FINANCEIRA.;580511;BANCO DO BRASIL S.A;0,04
138;13.2.1.0.10.1.1 - Remuneração de Depósitos Bancários - Principal;31/03/2022;REFERENTE A RENDIMENTO DE APLICAÇÃO FINANCEIRA.;351091;BANCO DO BRASIL S.A;16,35
137;13.2.1.0.10.1.1 - Remuneração de Depósitos Bancários - Principal;31/03/2022;REFERENTE A RENDIMENTO DE APLICAÇÃO FINANCEIRA.;338877;BANCO DO BRASIL S.A;1.064,49
136;13.2.1.0.10.1.1 - Remuneração de Depósitos Bancários - Principal;31/03/2022;REFERENTE A RENDIMENTO DE APLICAÇÃO FINANCEIRA.;332097;BANCO DO BRASIL S.A;0,24
135;13.2.1.0.10.1.1 - Remuneração de Depósitos Bancários - Principal;31/03/2022;REFERENTE A RENDIMENTO DE APLICAÇÃO FINANCEIRA.;331244;BANCO DO BRASIL S.A;145,85
134;13.2.1.0.10.1.1 - Remuneração de Depósitos Bancários - Principal;31/03/2022;REFERENTE A RENDIMENTO DE APLICAÇÃO FINANCEIRA.;331155;BANCO DO BRASIL S.A;0,42
133;13.2.1.0.10.1.1 - Remuneração de Depósitos Bancários - Principal;31/03/2022;REFERENTE A RENDIMENTO DE APLICAÇÃO FINANCEIRA.;327697;BANCO DO BRASIL S.A;459,84
132;13.2.1.0.10.1.1 - Remuneração de Depósitos Bancários - Principal;31/03/2022;REFERENTE A RENDIMENTO DE APLICAÇÃO FINANCEIRA.;327689;BANCO DO BRASIL S.A;236,31
131;13.2.1.0.10.1.1 - Remuneração de Depósitos Bancários - Principal;31/03/2022;REFERENTE A RENDIMENTO DE APLICAÇÃO FINANCEIRA.;327670;BANCO DO BRASIL S.A;0,52
130;13.2.1.0.10.1.1 - Remuneração de Depósitos Bancários - Principal;31/03/2022;REFERENTE A RENDIMENTO DE APLICAÇÃO FINANCEIRA.;327662;BANCO DO BRASIL S.A;859,89
129;13.2.1.0.10.1.1 - Remuneração de Depósitos Bancários - Principal;31/03/2022;REFERENTE A RENDIMENTO DE APLICAÇÃO FINANCEIRA.;327654;BANCO DO BRASIL S.A;6,17
128;13.2.1.0.10.1.1 - Remuneração de Depósitos Bancários - Principal;31/03/2022;REFERENTE A RENDIMENTO DE APLICAÇÃO FINANCEIRA.;324795;BANCO DO BRASIL S.A;60,52
127;13.2.1.0.10.1.1 - Remuneração de Depósitos Bancários - Principal;31/03/2022;REFERENTE A RENDIMENTO DE APLICAÇÃO FINANCEIRA.;324787;BANCO DO BRASIL S.A;1,24
126;13.2.1.0.10.1.1 - Remuneração de Depósitos Bancários - Principal;31/03/2022;REFERENTE A RENDIMENTO DE APLICAÇÃO FINANCEIRA.;324779;BANCO DO BRASIL S.A;3,87
125;13.2.1.0.10.1.1 - Remuneração de Depósitos Bancários - Principal;31/03/2022;REFERENTE A RENDIMENTO DE APLICAÇÃO FINANCEIRA.;324760;BANCO DO BRASIL S.A;406,41
124;13.2.1.0.10.1.1 - Remuneração de Depósitos Bancários - Principal;31/03/2022;REFERENTE A RENDIMENTO DE APLICAÇÃO FINANCEIRA.;291137;BANCO DO BRASIL S.A;0,3
123;13.2.1.0.10.1.1 - Remuneração de Depósitos Bancários - Principal;31/03/2022;REFERENTE A RENDIMENTO DE APLICAÇÃO FINANCEIRA.;285935;BANCO DO BRASIL S.A;156,82
122;13.2.1.0.10.1.1 - Remuneração de Depósitos Bancários - Principal;31/03/2022;REFERENTE A RENDIMENTO DE APLICAÇÃO FINANCEIRA.;282987;BANCO DO BRASIL S.A;0,63
121;13.2.1.0.10.1.1 - Remuneração de Depósitos Bancários - Principal;31/03/2022;REFERENTE A RENDIMENTO DE APLICAÇÃO FINANCEIRA.;281174;BANCO DO BRASIL S.A;2.199,31
120;13.2.1.0.10.1.1 - Remuneração de Depósitos Bancários - Principal;31/03/2022;REFERENTE A RENDIMENTO DE APLICAÇÃO FINANCEIRA.;261963;BANCO DO BRASIL S.A;0,55
119;13.2.1.0.10.1.1 - Remuneração de Depósitos Bancários - Principal;31/03/2022;REFERENTE A RENDIMENTO DE APLICAÇÃO FINANCEIRA.;261866;BANCO DO BRASIL S.A;14,09
118;13.2.1.0.10.1.1 - Remuneração de Depósitos Bancários - Principal;31/03/2022;REFERENTE A RENDIMENTO DE APLICAÇÃO FINANCEIRA.;81698;BANCO DO BRASIL S.A;307,11
117;13.2.1.0.10.1.1 - Remuneração de Depósitos Bancários - Principal;31/03/2022;REFERENTE A RENDIMENTO DE APLICAÇÃO FINANCEIRA.;00000016173X;BANCO DO BRASIL S.A;0,01
116;17.1.3.5.04.1.1 - Transferências de Recursos do Bloco de Manutenção das Ações e Serviços Públicos de Saúde ? Assistência Farmacêutica - Principal;31/03/2022;PROMOÇÃO DA ASSISTÊNCIA FARMACÊUTICA E INSUMOS ESTRATÉGICOS NA ATENÇÃO BÁSICA EM SAÚDE - CV19 - CORONAVIRUS (COVID-19) - SCTIE;6240779;CAIXA ECONOMICA FEDERAL;4.911,75
115;17.1.3.5.01.1.1 - Transferências de Recursos do Bloco de Manutenção das Ações e Serviços Públicos de Saúde ? Atenção Primária - Principal;31/03/2022;REFERENTE A CONTRA PARTIDA DO ESTADO DA PARAIBA - SAMU, CONFORME EXTRATO BANCÁRIO.;285935;BANCO DO BRASIL S.A;35.000,00
114;17.1.3.5.01.1.1 - Transferências de Recursos do Bloco de Manutenção das Ações e Serviços Públicos de Saúde ? Atenção Primária - Principal;18/03/2022;REFERENTE A CONTRA PARTIDA DO ESTADO DA PARAIBA - SAMU, CONFORME EXTRATO BANCÁRIO.;285935;BANCO DO BRASIL S.A;35.000,00
113;17.1.3.5.01.1.1 - Transferências de Recursos do Bloco de Manutenção das Ações e Serviços Públicos de Saúde ? Atenção Primária - Principal;14/03/2022;PISO DA ATENÇÃO BÁSICA EM SAÚDE - CV19 - CORONAVIRUS (COVID-19) - SAPS.;6240779;CAIXA ECONOMICA FEDERAL;43.632,00
112;17.1.3.5.01.1.1 - Transferências de Recursos do Bloco de Manutenção das Ações e Serviços Públicos de Saúde ? Atenção Primária - Principal;07/03/2022;PISO DA ATENÇÃO BÁSICA EM SAÚDE - CV19 - CORONAVIRUS (COVID-19) - SAPS.;6240779;CAIXA ECONOMICA FEDERAL;120.000,00
111;17.1.3.5.01.1.1 - Transferências de Recursos do Bloco de Manutenção das Ações e Serviços Públicos de Saúde ? Atenção Primária - Principal;14/03/2022;PISO DA ATENÇÃO PRIMÁRIA EM SAÚDE - AGENTE COMUNITÁRIO DE SAÚDE.;6240779;CAIXA ECONOMICA FEDERAL;203.050,00
110;17.1.3.5.01.1.1 - Transferências de Recursos do Bloco de Manutenção das Ações e Serviços Públicos de Saúde ? Atenção Primária - Principal;14/03/2022;PISO DA ATENÇÃO PRIMÁRIA EM SAÚDE - INCENTIVO FINANCEIRO DA APS - DESEMPENHO.;6240779;CAIXA ECONOMICA FEDERAL;93.525,00
109;17.1.3.5.01.1.1 - Transferências de Recursos do Bloco de Manutenção das Ações e Serviços Públicos de Saúde ? Atenção Primária - Principal;14/03/2022;PISO DA ATENÇÃO PRIMÁRIA EM SAÚDE - INCENTIVO FINANCEIRO DA APS - CAPITAÇÃO PONDERADA.;6240779;CAIXA ECONOMICA FEDERAL;492.535,86
108;17.1.3.5.03.1.1 - Transferências de Recursos do Bloco de Manutenção das Ações e Serviços Públicos de Saúde ? Vigilância em Saúde - Principal;16/03/2022;INCENTIVO FINANCEIRO ÀS AÇÕES DE VIGILÂNCIA E PREVENÇÃO E CONTROLE DAS DST/AIDS E HEPATITES VIRAIS.;6240779;CAIXA ECONOMICA FEDERAL;3.333,66
107;17.1.3.5.03.1.1 - Transferências de Recursos do Bloco de Manutenção das Ações e Serviços Públicos de Saúde ? Vigilância em Saúde - Principal;15/03/2022;INCENTIVO FINANCEIRO AOS ESTADOS, DISTRITO FEDERAL E MUNICÍPIOS PARA A VIGILÂNCIA EM SAÚDE - DESPESAS DIVERSAS;6240779;CAIXA ECONOMICA FEDERAL;16.195,14
106;17.1.3.5.01.1.1 - Transferências de Recursos do Bloco de Manutenção das Ações e Serviços Públicos de Saúde ? Atenção Primária - Principal;14/03/2022;PISO DA ATENÇÃO PRIMÁRIA EM SAÚDE - INCENTIVO PARA AÇÕES ESTRATÉGICAS.;6240779;CAIXA ECONOMICA FEDERAL;18.760,49
105;17.1.3.5.01.1.1 - Transferências de Recursos do Bloco de Manutenção das Ações e Serviços Públicos de Saúde ? Atenção Primária - Principal;14/03/2022;PISO DA ATENÇÃO BÁSICA EM SAÚDE - PROGRAMA DE INFORMATIZAÇÃO DA APS.;6240779;CAIXA ECONOMICA FEDERAL;35.700,00
104;17.1.3.5.01.1.1 - Transferências de Recursos do Bloco de Manutenção das Ações e Serviços Públicos de Saúde ? Atenção Primária - Principal;14/03/2022;PISO DA ATENÇÃO PRIMÁRIA EM SAÚDE - INCENTIVO PARA AÇÕES ESTRATÉGICAS.;6240779;CAIXA ECONOMICA FEDERAL;70.051,50
103;17.1.3.5.04.1.1 - Transferências de Recursos do Bloco de Manutenção das Ações e Serviços Públicos de Saúde ? Assistência Farmacêutica - Principal;14/03/2022;PROMOÇÃO DA ASSISTÊNCIA FARMACÊUTICA E INSUMOS ESTRATÉGICOS NA ATENÇÃO BÁSICA EM SAÚDE - CV19 - CORONAVIRUS (COVID-19) - SCTIE;6240779;CAIXA ECONOMICA FEDERAL;4.911,75
102;17.1.3.5.04.1.1 - Transferências de Recursos do Bloco de Manutenção das Ações e Serviços Públicos de Saúde ? Assistência Farmacêutica - Principal;11/03/2022;PROMOÇÃO DA ASSISTÊNCIA FARMACÊUTICA E INSUMOS ESTRATÉGICOS NA ATENÇÃO PRIMÁRIA EM SAÚDE.;6240779;CAIXA ECONOMICA FEDERAL;30.738,20
101;17.1.3.5.03.1.1 - Transferências de Recursos do Bloco de Manutenção das Ações e Serviços Públicos de Saúde ? Vigilância em Saúde - Principal;07/03/2022;ASSISTÊNCIA FINANCEIRA COMPLEMENTAR AOS ESTADOS, DISTRITO FEDERAL E MUNICÍPIOS PARA AGENTES DE COMBATE ÀS ENDEMIAS.;6240779;CAIXA ECONOMICA FEDERAL;2.402,50
100;17.1.3.5.01.1.1 - Transferências de Recursos do Bloco de Manutenção das Ações e Serviços Públicos de Saúde ? Atenção Primária - Principal;07/03/2022;ATENÇÃO À SAÚDE DA POPULAÇÃO PARA PROCEDIMENTOS NO MAC.;6240779;CAIXA ECONOMICA FEDERAL;276.956,66
99;17.1.3.5.03.1.1 - Transferências de Recursos do Bloco de Manutenção das Ações e Serviços Públicos de Saúde ? Vigilância em Saúde - Principal;07/03/2022;INCENTIVO FINANCEIRO AOS ESTADOS, DISTRITO FEDERAL E MUNICÍPIOS EXECUÇÃO AÇÕES VIGILÂNCIA SANITÁRIA.;6240779;CAIXA ECONOMICA FEDERAL;3.128,80
98;17.1.3.5.03.1.1 - Transferências de Recursos do Bloco de Manutenção das Ações e Serviços Públicos de Saúde ? Vigilância em Saúde - Principal;07/03/2022;ASSISTÊNCIA FINANCEIRA COMPLEMENTAR AOS ESTADOS, DISTRITO FEDERAL E MUNICÍPIOS PARA AGENTES DE COMBATE ÀS ENDEMIAS.;6240779;CAIXA ECONOMICA FEDERAL;45.647,50
97;17.1.3.5.01.1.1 - Transferências de Recursos do Bloco de Manutenção das Ações e Serviços Públicos de Saúde ? Atenção Primária - Principal;07/03/2022;ATENÇÃO À SAÚDE DA POPULAÇÃO PARA PROCEDIMENTOS NO MAC - SAMU 192.;6240779;CAIXA ECONOMICA FEDERAL;122.745,00
96;17.1.3.5.01.1.1 - Transferências de Recursos do Bloco de Manutenção das Ações e Serviços Públicos de Saúde ? Atenção Primária - Principal;17/02/2022;REFERENTE A CONTRA PARTIDA DO ESTADO DA PARAIBA - SAMU, CONFORME EXTRATO BANCÁRIO.;285935;BANCO DO BRASIL S.A;35.000,00
95;13.2.1.0.10.1.1 - Remuneração de Depósitos Bancários - Principal;28/02/2022;REFERENTE A RENDIMENTO DE APLICAÇÃO FINANCEIRA.;580511;BANCO DO BRASIL S.A;0,07
94;13.2.1.0.10.1.1 - Remuneração de Depósitos Bancários - Principal;28/02/2022;REFERENTE A RENDIMENTO DE APLICAÇÃO FINANCEIRA.;00000016173X;BANCO DO BRASIL S.A;0,02
93;13.2.1.0.10.1.1 - Remuneração de Depósitos Bancários - Principal;28/02/2022;REFERENTE A RENDIMENTO DE APLICAÇÃO FINANCEIRA.;81698;BANCO DO BRASIL S.A;572,51
92;13.2.1.0.10.1.1 - Remuneração de Depósitos Bancários - Principal;28/02/2022;REFERENTE A RENDIMENTO DE APLICAÇÃO FINANCEIRA.;6240825;CAIXA ECONOMICA FEDERAL;7.212,93
91;13.2.1.0.10.1.1 - Remuneração de Depósitos Bancários - Principal;28/02/2022;REFERENTE A RENDIMENTO DE APLICAÇÃO FINANCEIRA.;6240779;CAIXA ECONOMICA FEDERAL;1.471,34
90;13.2.1.0.10.1.1 - Remuneração de Depósitos Bancários - Principal;28/02/2022;REFERENTE A RENDIMENTO DE APLICAÇÃO FINANCEIRA.;6240736;CAIXA ECONOMICA FEDERAL;0,05
89;13.2.1.0.10.1.1 - Remuneração de Depósitos Bancários - Principal;28/02/2022;REFERENTE A RENDIMENTO DE APLICAÇÃO FINANCEIRA.;6240671;CAIXA ECONOMICA FEDERAL;6,7
88;13.2.1.0.10.1.1 - Remuneração de Depósitos Bancários - Principal;28/02/2022;REFERENTE A RENDIMENTO DE APLICAÇÃO FINANCEIRA.;6240582;CAIXA ECONOMICA FEDERAL;188,13
87;13.2.1.0.10.1.1 - Remuneração de Depósitos Bancários - Principal;28/02/2022;REFERENTE A RENDIMENTO DE APLICAÇÃO FINANCEIRA.;6240574;CAIXA ECONOMICA FEDERAL;8,04
86;13.2.1.0.10.1.1 - Remuneração de Depósitos Bancários - Principal;28/02/2022;REFERENTE A RENDIMENTO DE APLICAÇÃO FINANCEIRA.;351091;BANCO DO BRASIL S.A;13,17
85;13.2.1.0.10.1.1 - Remuneração de Depósitos Bancários - Principal;28/02/2022;REFERENTE A RENDIMENTO DE APLICAÇÃO FINANCEIRA.;338877;BANCO DO BRASIL S.A;857,8
84;13.2.1.0.10.1.1 - Remuneração de Depósitos Bancários - Principal;28/02/2022;REFERENTE A RENDIMENTO DE APLICAÇÃO FINANCEIRA.;332097;BANCO DO BRASIL S.A;0,2
83;13.2.1.0.10.1.1 - Remuneração de Depósitos Bancários - Principal;28/02/2022;REFERENTE A RENDIMENTO DE APLICAÇÃO FINANCEIRA.;331244;BANCO DO BRASIL S.A;117,53
82;13.2.1.0.10.1.1 - Remuneração de Depósitos Bancários - Principal;28/02/2022;REFERENTE A RENDIMENTO DE APLICAÇÃO FINANCEIRA.;331155;BANCO DO BRASIL S.A;0,34
81;13.2.1.0.10.1.1 - Remuneração de Depósitos Bancários - Principal;28/02/2022;REFERENTE A RENDIMENTO DE APLICAÇÃO FINANCEIRA.;327697;BANCO DO BRASIL S.A;372,7
80;13.2.1.0.10.1.1 - Remuneração de Depósitos Bancários - Principal;28/02/2022;REFERENTE A RENDIMENTO DE APLICAÇÃO FINANCEIRA.;327689;BANCO DO BRASIL S.A;190,42
79;13.2.1.0.10.1.1 - Remuneração de Depósitos Bancários - Principal;28/02/2022;REFERENTE A RENDIMENTO DE APLICAÇÃO FINANCEIRA.;327670;BANCO DO BRASIL S.A;0,5
78;13.2.1.0.10.1.1 - Remuneração de Depósitos Bancários - Principal;28/02/2022;REFERENTE A RENDIMENTO DE APLICAÇÃO FINANCEIRA.;327662;BANCO DO BRASIL S.A;692,93
77;13.2.1.0.10.1.1 - Remuneração de Depósitos Bancários - Principal;28/02/2022;REFERENTE A RENDIMENTO DE APLICAÇÃO FINANCEIRA.;327654;BANCO DO BRASIL S.A;4,98
76;13.2.1.0.10.1.1 - Remuneração de Depósitos Bancários - Principal;28/02/2022;REFERENTE A RENDIMENTO DE APLICAÇÃO FINANCEIRA.;324795;BANCO DO BRASIL S.A;48,77
75;13.2.1.0.10.1.1 - Remuneração de Depósitos Bancários - Principal;28/02/2022;REFERENTE A RENDIMENTO DE APLICAÇÃO FINANCEIRA.;324787;BANCO DO BRASIL S.A;1,01
74;13.2.1.0.10.1.1 - Remuneração de Depósitos Bancários - Principal;28/02/2022;REFERENTE A RENDIMENTO DE APLICAÇÃO FINANCEIRA.;324779;BANCO DO BRASIL S.A;3,12
73;13.2.1.0.10.1.1 - Remuneração de Depósitos Bancários - Principal;28/02/2022;REFERENTE A RENDIMENTO DE APLICAÇÃO FINANCEIRA.;324760;BANCO DO BRASIL S.A;327,49
72;13.2.1.0.10.1.1 - Remuneração de Depósitos Bancários - Principal;28/02/2022;REFERENTE A RENDIMENTO DE APLICAÇÃO FINANCEIRA.;291137;BANCO DO BRASIL S.A;0,24
71;13.2.1.0.10.1.1 - Remuneração de Depósitos Bancários - Principal;28/02/2022;REFERENTE A RENDIMENTO DE APLICAÇÃO FINANCEIRA.;285935;BANCO DO BRASIL S.A;67,73
70;13.2.1.0.10.1.1 - Remuneração de Depósitos Bancários - Principal;28/02/2022;REFERENTE A RENDIMENTO DE APLICAÇÃO FINANCEIRA.;282987;BANCO DO BRASIL S.A;0,5
69;13.2.1.0.10.1.1 - Remuneração de Depósitos Bancários - Principal;28/02/2022;REFERENTE A RENDIMENTO DE APLICAÇÃO FINANCEIRA.;281174;BANCO DO BRASIL S.A;899,32
68;13.2.1.0.10.1.1 - Remuneração de Depósitos Bancários - Principal;28/02/2022;REFERENTE A RENDIMENTO DE APLICAÇÃO FINANCEIRA.;261963;BANCO DO BRASIL S.A;0,44
67;13.2.1.0.10.1.1 - Remuneração de Depósitos Bancários - Principal;28/02/2022;REFERENTE A RENDIMENTO DE APLICAÇÃO FINANCEIRA.;261866;BANCO DO BRASIL S.A;11,36
66;17.1.3.5.01.1.1 - Transferências de Recursos do Bloco de Manutenção das Ações e Serviços Públicos de Saúde ? Atenção Primária - Principal;24/02/2022;ESTRUTURAÇÃO DA REDE DE SERVIÇOS DE ATENÇÃO PRIMÁRIA DE SAÚDE, Nº DA PROPOSTA:: 11902878000120002, Nº DA PORTARIA:: 1345.;6240825;CAIXA ECONOMICA FEDERAL;99.991,00
65;17.1.3.5.03.1.1 - Transferências de Recursos do Bloco de Manutenção das Ações e Serviços Públicos de Saúde ? Vigilância em Saúde - Principal;16/02/2022;INCENTIVO FINANCEIRO AOS ESTADOS, DISTRITO FEDERAL E MUNICÍPIOS PARA A VIGILÂNCIA EM SAÚDE - DESPESAS DIVERSAS;6240779;CAIXA ECONOMICA FEDERAL;16.195,14
64;17.1.3.5.03.1.1 - Transferências de Recursos do Bloco de Manutenção das Ações e Serviços Públicos de Saúde ? Vigilância em Saúde - Principal;16/02/2022;INCENTIVO FINANCEIRO ÀS AÇÕES DE VIGILÂNCIA E PREVENÇÃO E CONTROLE DAS DST/AIDS E HEPATITES VIRAIS.;6240779;CAIXA ECONOMICA FEDERAL;3.333,66
63;17.1.3.5.04.1.1 - Transferências de Recursos do Bloco de Manutenção das Ações e Serviços Públicos de Saúde ? Assistência Farmacêutica - Principal;15/02/2022;PROMOÇÃO DA ASSISTÊNCIA FARMACÊUTICA E INSUMOS ESTRATÉGICOS NA ATENÇÃO PRIMÁRIA EM SAÚDE.;6240779;CAIXA ECONOMICA FEDERAL;30.738,20
62;17.1.3.5.01.1.1 - Transferências de Recursos do Bloco de Manutenção das Ações e Serviços Públicos de Saúde ? Atenção Primária - Principal;11/02/2022;PISO DA ATENÇÃO PRIMÁRIA EM SAÚDE - INCENTIVO PARA AÇÕES ESTRATÉGICAS.;6240779;CAIXA ECONOMICA FEDERAL;18.760,49
61;17.1.3.5.01.1.1 - Transferências de Recursos do Bloco de Manutenção das Ações e Serviços Públicos de Saúde ? Atenção Primária - Principal;11/02/2022;ATENÇÃO À SAÚDE DA POPULAÇÃO PARA PROCEDIMENTOS NO MAC - SAMU 192.;6240779;CAIXA ECONOMICA FEDERAL;122.745,00
60;17.1.3.5.01.1.1 - Transferências de Recursos do Bloco de Manutenção das Ações e Serviços Públicos de Saúde ? Atenção Primária - Principal;11/02/2022;PISO DA ATENÇÃO PRIMÁRIA EM SAÚDE - PROGRAMA DE INFORMATIZAÇÃO DA APS.;6240779;CAIXA ECONOMICA FEDERAL;34.000,00
59;17.1.3.5.03.1.1 - Transferências de Recursos do Bloco de Manutenção das Ações e Serviços Públicos de Saúde ? Vigilância em Saúde - Principal;11/02/2022;INCENTIVO FINANCEIRO AOS ESTADOS, DISTRITO FEDERAL E MUNICÍPIOS EXECUÇÃO AÇÕES VIGILÂNCIA SANITÁRIA.;6240779;CAIXA ECONOMICA FEDERAL;3.128,80
58;17.1.3.5.01.1.1 - Transferências de Recursos do Bloco de Manutenção das Ações e Serviços Públicos de Saúde ? Atenção Primária - Principal;11/02/2022;PISO DA ATENÇÃO PRIMÁRIA EM SAÚDE - INCENTIVO FINANCEIRO DA APS - DESEMPENHO.;6240779;CAIXA ECONOMICA FEDERAL;83.850,00
57;17.1.3.5.01.1.1 - Transferências de Recursos do Bloco de Manutenção das Ações e Serviços Públicos de Saúde ? Atenção Primária - Principal;11/02/2022;PISO DA ATENÇÃO PRIMÁRIA EM SAÚDE - INCENTIVO FINANCEIRO DA APS - CAPITAÇÃO PONDERADA.;6240779;CAIXA ECONOMICA FEDERAL;442.035,84
56;17.1.3.5.01.1.1 - Transferências de Recursos do Bloco de Manutenção das Ações e Serviços Públicos de Saúde ? Atenção Primária - Principal;11/02/2022;PISO DA ATENÇÃO PRIMÁRIA EM SAÚDE - INCENTIVO PARA AÇÕES ESTRATÉGICAS.;6240779;CAIXA ECONOMICA FEDERAL;70.051,50
55;17.1.3.5.01.1.1 - Transferências de Recursos do Bloco de Manutenção das Ações e Serviços Públicos de Saúde ? Atenção Primária - Principal;11/02/2022;PISO DA ATENÇÃO PRIMÁRIA EM SAÚDE - AGENTE COMUNITÁRIO DE SAÚDE.;6240779;CAIXA ECONOMICA FEDERAL;195.300,00
54;17.1.3.5.03.1.1 - Transferências de Recursos do Bloco de Manutenção das Ações e Serviços Públicos de Saúde ? Vigilância em Saúde - Principal;11/02/2022;INCENTIVO FINANCEIRO AOS ESTADOS, DISTRITO FEDERAL E MUNICÍPIOS EXECUÇÃO AÇÕES VIGILÂNCIA SANITÁRIA.;6240779;CAIXA ECONOMICA FEDERAL;3.128,80
53;17.1.3.5.01.1.1 - Transferências de Recursos do Bloco de Manutenção das Ações e Serviços Públicos de Saúde ? Atenção Primária - Principal;10/02/2022;ATENÇÃO À SAÚDE DA POPULAÇÃO PARA PROCEDIMENTOS NO MAC.;6240779;CAIXA ECONOMICA FEDERAL;276.956,66
52;17.1.3.5.03.1.1 - Transferências de Recursos do Bloco de Manutenção das Ações e Serviços Públicos de Saúde ? Vigilância em Saúde - Principal;10/02/2022;ASSISTÊNCIA FINANCEIRA COMPLEMENTAR AOS ESTADOS, DISTRITO FEDERAL E MUNICÍPIOS PARA AGENTES DE COMBATE ÀS ENDEMIAS.;6240779;CAIXA ECONOMICA FEDERAL;2.402,50
51;17.1.3.5.03.1.1 - Transferências de Recursos do Bloco de Manutenção das Ações e Serviços Públicos de Saúde ? Vigilância em Saúde - Principal;10/02/2022;ASSISTÊNCIA FINANCEIRA COMPLEMENTAR AOS ESTADOS, DISTRITO FEDERAL E MUNICÍPIOS PARA AGENTES DE COMBATE ÀS ENDEMIAS.;6240779;CAIXA ECONOMICA FEDERAL;45.647,50
50;17.1.3.5.01.1.1 - Transferências de Recursos do Bloco de Manutenção das Ações e Serviços Públicos de Saúde ? Atenção Primária - Principal;09/02/2022;IMPLEMENTACAO DE POLITICAS DE PROMOCAO DA EQUIDADE EM SAUDE - SAPS.;6240779;CAIXA ECONOMICA FEDERAL;2.800,00
49;17.1.3.5.03.1.1 - Transferências de Recursos do Bloco de Manutenção das Ações e Serviços Públicos de Saúde ? Vigilância em Saúde - Principal;08/02/2022;INCENTIVO FINANCEIRO AOS ESTADOS, DISTRITO FEDERAL E MUNICÍPIOS PARA A VIGILÂNCIA EM SAÚDE - DESPESAS DIVERSAS.;6240779;CAIXA ECONOMICA FEDERAL;20.676,22
48;17.1.3.5.01.1.1 - Transferências de Recursos do Bloco de Manutenção das Ações e Serviços Públicos de Saúde ? Atenção Primária - Principal;03/02/2022;PISO DA ATENÇÃO PRIMÁRIA EM SAÚDE - INCENTIVO PARA AÇÕES ESTRATÉGICAS.;6240779;CAIXA ECONOMICA FEDERAL;18.760,49
47;17.1.3.5.03.1.1 - Transferências de Recursos do Bloco de Manutenção das Ações e Serviços Públicos de Saúde ? Vigilância em Saúde - Principal;01/02/2022;INCENTIVO FINANCEIRO ÀS AÇÕES DE VIGILÂNCIA E PREVENÇÃO E CONTROLE DAS DST/AIDS E HEPATITES VIRAIS.;6240779;CAIXA ECONOMICA FEDERAL;3.333,66
46;17.1.3.5.03.1.1 - Transferências de Recursos do Bloco de Manutenção das Ações e Serviços Públicos de Saúde ? Vigilância em Saúde - Principal;01/02/2022;ASSISTÊNCIA FINANCEIRA COMPLEMENTAR AOS ESTADOS, DISTRITO FEDERAL E MUNICÍPIOS PARA AGENTES DE COMBATE ÀS ENDEMIAS.;6240779;CAIXA ECONOMICA FEDERAL;2.402,50
45;17.1.3.5.03.1.1 - Transferências de Recursos do Bloco de Manutenção das Ações e Serviços Públicos de Saúde ? Vigilância em Saúde - Principal;01/02/2022;ASSISTÊNCIA FINANCEIRA COMPLEMENTAR AOS ESTADOS, DISTRITO FEDERAL E MUNICÍPIOS PARA AGENTES DE COMBATE ÀS ENDEMIAS.;6240779;CAIXA ECONOMICA FEDERAL;45.647,50
44;17.1.3.5.03.1.1 - Transferências de Recursos do Bloco de Manutenção das Ações e Serviços Públicos de Saúde ? Vigilância em Saúde - Principal;01/02/2022;INCENTIVO FINANCEIRO AOS ESTADOS, DISTRITO FEDERAL E MUNICÍPIOS PARA A VIGILÂNCIA EM SAÚDE - DESPESAS DIVERSAS;6240779;CAIXA ECONOMICA FEDERAL;16.195,14
43;13.2.1.0.10.1.1 - Remuneração de Depósitos Bancários - Principal;31/01/2022;REFERENTE A RENDIMENTO DE APLICAÇÃO FINANCEIRA.;00000016173X;BANCO DO BRASIL S.A;0,03
42;13.2.1.0.10.1.1 - Remuneração de Depósitos Bancários - Principal;31/01/2022;REFERENTE A RENDIMENTO DE APLICAÇÃO FINANCEIRA.;580511;BANCO DO BRASIL S.A;0,06
41;13.2.1.0.10.1.1 - Remuneração de Depósitos Bancários - Principal;31/01/2022;REFERENTE A RENDIMENTO DE APLICAÇÃO FINANCEIRA.;81698;BANCO DO BRASIL S.A;547,85
40;13.2.1.0.10.1.1 - Remuneração de Depósitos Bancários - Principal;31/01/2022;REFERENTE A RENDIMENTO DE APLICAÇÃO FINANCEIRA.;6240582;CAIXA ECONOMICA FEDERAL;176,03
39;13.2.1.0.10.1.1 - Remuneração de Depósitos Bancários - Principal;31/01/2022;REFERENTE A RENDIMENTO DE APLICAÇÃO FINANCEIRA.;6240574;CAIXA ECONOMICA FEDERAL;7,53
37;13.2.1.0.10.1.1 - Remuneração de Depósitos Bancários - Principal;31/01/2022;REFERENTE A RENDIMENTO DE APLICAÇÃO FINANCEIRA.;6240671;CAIXA ECONOMICA FEDERAL;6,27
36;13.2.1.0.10.1.1 - Remuneração de Depósitos Bancários - Principal;31/01/2022;REFERENTE A RENDIMENTO DE APLICAÇÃO FINANCEIRA.;6240736;CAIXA ECONOMICA FEDERAL;0,05
35;13.2.1.0.10.1.1 - Remuneração de Depósitos Bancários - Principal;31/01/2022;REFERENTE A RENDIMENTO DE APLICAÇÃO FINANCEIRA.;6240779;CAIXA ECONOMICA FEDERAL;84,32
34;13.2.1.0.10.1.1 - Remuneração de Depósitos Bancários - Principal;31/01/2022;REFERENTE A RENDIMENTO DE APLICAÇÃO FINANCEIRA.;6240825;CAIXA ECONOMICA FEDERAL;7.590,17
33;13.2.1.0.10.1.1 - Remuneração de Depósitos Bancários - Principal;31/01/2022;REFERENTE A RENDIMENTO DE APLICAÇÃO FINANCEIRA.;291137;BANCO DO BRASIL S.A;0,22
32;13.2.1.0.10.1.1 - Remuneração de Depósitos Bancários - Principal;31/01/2022;REFERENTE A RENDIMENTO DE APLICAÇÃO FINANCEIRA.;282987;BANCO DO BRASIL S.A;0,47
31;13.2.1.0.10.1.1 - Remuneração de Depósitos Bancários - Principal;31/01/2022;REFERENTE A RENDIMENTO DE APLICAÇÃO FINANCEIRA.;261963;BANCO DO BRASIL S.A;0,42
30;13.2.1.0.10.1.1 - Remuneração de Depósitos Bancários - Principal;31/01/2022;REFERENTE A RENDIMENTO DE APLICAÇÃO FINANCEIRA.;351091;BANCO DO BRASIL S.A;12,42
29;13.2.1.0.10.1.1 - Remuneração de Depósitos Bancários - Principal;31/01/2022;REFERENTE A RENDIMENTO DE APLICAÇÃO FINANCEIRA.;338877;BANCO DO BRASIL S.A;808,72
28;13.2.1.0.10.1.1 - Remuneração de Depósitos Bancários - Principal;31/01/2022;REFERENTE A RENDIMENTO DE APLICAÇÃO FINANCEIRA.;332097;BANCO DO BRASIL S.A;0,18
27;13.2.1.0.10.1.1 - Remuneração de Depósitos Bancários - Principal;31/01/2022;REFERENTE A RENDIMENTO DE APLICAÇÃO FINANCEIRA.;331244;BANCO DO BRASIL S.A;110,8
26;13.2.1.0.10.1.1 - Remuneração de Depósitos Bancários - Principal;31/01/2022;REFERENTE A RENDIMENTO DE APLICAÇÃO FINANCEIRA.;331155;BANCO DO BRASIL S.A;0,32
25;13.2.1.0.10.1.1 - Remuneração de Depósitos Bancários - Principal;31/01/2022;REFERENTE A RENDIMENTO DE APLICAÇÃO FINANCEIRA.;327697;BANCO DO BRASIL S.A;371,54
24;13.2.1.0.10.1.1 - Remuneração de Depósitos Bancários - Principal;31/01/2022;REFERENTE A RENDIMENTO DE APLICAÇÃO FINANCEIRA.;327689;BANCO DO BRASIL S.A;179,54
23;13.2.1.0.10.1.1 - Remuneração de Depósitos Bancários - Principal;31/01/2022;REFERENTE A RENDIMENTO DE APLICAÇÃO FINANCEIRA.;327670;BANCO DO BRASIL S.A;1,18
22;13.2.1.0.10.1.1 - Remuneração de Depósitos Bancários - Principal;31/01/2022;REFERENTE A RENDIMENTO DE APLICAÇÃO FINANCEIRA.;327662;BANCO DO BRASIL S.A;653,28
21;13.2.1.0.10.1.1 - Remuneração de Depósitos Bancários - Principal;31/01/2022;REFERENTE A RENDIMENTO DE APLICAÇÃO FINANCEIRA.;327654;BANCO DO BRASIL S.A;4,69
20;13.2.1.0.10.1.1 - Remuneração de Depósitos Bancários - Principal;31/01/2022;REFERENTE A RENDIMENTO DE APLICAÇÃO FINANCEIRA.;324795;BANCO DO BRASIL S.A;45,98
19;13.2.1.0.10.1.1 - Remuneração de Depósitos Bancários - Principal;31/01/2022;REFERENTE A RENDIMENTO DE APLICAÇÃO FINANCEIRA.;324787;BANCO DO BRASIL S.A;0,95
18;13.2.1.0.10.1.1 - Remuneração de Depósitos Bancários - Principal;31/01/2022;REFERENTE A RENDIMENTO DE APLICAÇÃO FINANCEIRA.;324779;BANCO DO BRASIL S.A;2,94
17;13.2.1.0.10.1.1 - Remuneração de Depósitos Bancários - Principal;31/01/2022;REFERENTE A RENDIMENTO DE APLICAÇÃO FINANCEIRA.;324760;BANCO DO BRASIL S.A;308,76
16;13.2.1.0.10.1.1 - Remuneração de Depósitos Bancários - Principal;31/01/2022;REFERENTE A RENDIMENTO DE APLICAÇÃO FINANCEIRA.;285935;BANCO DO BRASIL S.A;0,51
15;13.2.1.0.10.1.1 - Remuneração de Depósitos Bancários - Principal;31/01/2022;REFERENTE A RENDIMENTO DE APLICAÇÃO FINANCEIRA.;261866;BANCO DO BRASIL S.A;10,71
14;13.2.1.0.10.1.1 - Remuneração de Depósitos Bancários - Principal;31/01/2022;REFERENTE A RENDIMENTO DE APLICAÇÃO FINANCEIRA.;281174;BANCO DO BRASIL S.A;389,13
13;17.1.3.5.04.1.1 - Transferências de Recursos do Bloco de Manutenção das Ações e Serviços Públicos de Saúde ? Assistência Farmacêutica - Principal;18/01/2022;PROMOÇÃO DA ASSISTÊNCIA FARMACÊUTICA E INSUMOS ESTRATÉGICOS NA ATENÇÃO BÁSICA EM SAÚDE - CV19 - CORONAVIRUS (COVID-19) - SCTIE;6240779;CAIXA ECONOMICA FEDERAL;4.911,75
12;17.1.3.5.04.1.1 - Transferências de Recursos do Bloco de Manutenção das Ações e Serviços Públicos de Saúde ? Assistência Farmacêutica - Principal;18/01/2022;PROMOÇÃO DA ASSISTÊNCIA FARMACÊUTICA E INSUMOS ESTRATÉGICOS NA ATENÇÃO BÁSICA EM SAÚDE.;6240779;CAIXA ECONOMICA FEDERAL;30.738,20
11;17.1.3.5.01.1.1 - Transferências de Recursos do Bloco de Manutenção das Ações e Serviços Públicos de Saúde ? Atenção Primária - Principal;17/01/2022;PISO DA ATENÇÃO BÁSICA EM SAÚDE - INCENTIVO FINANCEIRO DA APS - DESEMPENHO.;6240779;CAIXA ECONOMICA FEDERAL;83.850,00
10;17.1.3.5.01.1.1 - Transferências de Recursos do Bloco de Manutenção das Ações e Serviços Públicos de Saúde ? Atenção Primária - Principal;17/01/2022;PISO DA ATENÇÃO BÁSICA EM SAÚDE - INCENTIVO FINANCEIRO DA APS - CAPITAÇÃO PONDERADA.;6240779;CAIXA ECONOMICA FEDERAL;408.815,70
9;17.1.3.5.01.1.1 - Transferências de Recursos do Bloco de Manutenção das Ações e Serviços Públicos de Saúde ? Atenção Primária - Principal;17/01/2022;PISO DA ATENÇÃO BÁSICA EM SAÚDE - PROGRAMA DE INFORMATIZAÇÃO DA APS.;6240779;CAIXA ECONOMICA FEDERAL;35.700,00
8;17.1.3.5.01.1.1 - Transferências de Recursos do Bloco de Manutenção das Ações e Serviços Públicos de Saúde ? Atenção Primária - Principal;17/01/2022;PISO DA ATENÇÃO BÁSICA EM SAÚDE - INCENTIVO PARA AÇÕES ESTRATÉGICAS.;6240779;CAIXA ECONOMICA FEDERAL;7.500,00
7;17.1.3.5.01.1.1 - Transferências de Recursos do Bloco de Manutenção das Ações e Serviços Públicos de Saúde ? Atenção Primária - Principal;12/01/2022;ATENÇÃO À SAÚDE DA POPULAÇÃO PARA PROCEDIMENTOS NO MAC - SAMU 192.;6240779;CAIXA ECONOMICA FEDERAL;122.745,00
6;17.1.3.5.01.1.1 - Transferências de Recursos do Bloco de Manutenção das Ações e Serviços Públicos de Saúde ? Atenção Primária - Principal;10/01/2022;PISO DA ATENÇÃO BÁSICA EM SAÚDE - CV19 - INCENTIVO PARA AÇÕES ESTRATÉGICAS.;6240779;CAIXA ECONOMICA FEDERAL;62.551,50
5;17.1.3.5.01.1.1 - Transferências de Recursos do Bloco de Manutenção das Ações e Serviços Públicos de Saúde ? Atenção Primária - Principal;10/01/2022;ATENÇÃO À SAÚDE DA POPULAÇÃO PARA PROCEDIMENTOS NO MAC.;6240779;CAIXA ECONOMICA FEDERAL;276.956,66
4;17.1.3.5.01.1.1 - Transferências de Recursos do Bloco de Manutenção das Ações e Serviços Públicos de Saúde ? Atenção Primária - Principal;10/01/2022;PISO DA ATENÇÃO BÁSICA EM SAÚDE - AGENTE COMUNITÁRIO DE SAÚDE.;6240779;CAIXA ECONOMICA FEDERAL;201.500,00
3;17.1.3.5.01.1.1 - Transferências de Recursos do Bloco de Manutenção das Ações e Serviços Públicos de Saúde ? Atenção Primária - Principal;10/01/2022;PISO DA ATENÇÃO BÁSICA EM SAÚDE - INCENTIVO FINANCEIRO DA APS - CAPITAÇÃO PONDERADA.;6240779;CAIXA ECONOMICA FEDERAL;30.738,20
2;17.1.3.5.01.1.1 - Transferências de Recursos do Bloco de Manutenção das Ações e Serviços Públicos de Saúde ? Atenção Primária - Principal;03/01/2022;PISO DA ATENÇÃO BÁSICA EM SAÚDE - CV19 - CORONAVIRUS (COVID-19) - SAPS.;6240779;CAIXA ECONOMICA FEDERAL;60.000,00
1;17.1.3.5.04.1.1 - Transferências de Recursos do Bloco de Manutenção das Ações e Serviços Públicos de Saúde ? Assistência Farmacêutica - Principal;03/01/2022;PROMOÇÃO DA ASSISTÊNCIA FARMACÊUTICA E INSUMOS ESTRATÉGICOS NA ATENÇÃO BÁSICA EM SAÚDE - CV19 - CORONAVIRUS (COVID-19) - SCTIE;6240779;CAIXA ECONOMICA FEDERAL;4.911,75
