NÚMERO;DATA;ÓRGÃO;DESPESA;FAVORECIDO;DATA INCLUSÃO;VALOR R$;LIQUIDADO R$;PAGO R$;SALDO R$
254;29/12/2022;02031 - Instituto de Previdência e Assistência Municipal de Cajazeiras;319003 - Pensões do RPPS e do militar;344 - PENSÃO PREVIDENCIARIA;09/01/2023;30130.92;30130.92;30130.92;0.00
253;29/12/2022;02031 - Instituto de Previdência e Assistência Municipal de Cajazeiras;319001 - Aposentadorias do RPPS. Reserva Remunerada e Reformas dos Militares;APOSENTADOS - INATIVOS DA CAMARA MUNICIPAL;09/01/2023;2786.33;2786.33;2786.33;0.00
252;29/12/2022;02031 - Instituto de Previdência e Assistência Municipal de Cajazeiras;319001 - Aposentadorias do RPPS. Reserva Remunerada e Reformas dos Militares;8 APOSENTADOS;09/01/2023;49602.40;49602.40;49602.40;0.00
251;29/12/2022;02031 - Instituto de Previdência e Assistência Municipal de Cajazeiras;319003 - Pensões do RPPS e do militar;29 PENSIONISTAS;09/01/2023;168747.17;168747.17;167535.17;1212.00
250;29/12/2022;02031 - Instituto de Previdência e Assistência Municipal de Cajazeiras;319001 - Aposentadorias do RPPS. Reserva Remunerada e Reformas dos Militares;2 - INATIVOS;09/01/2023;1646200.71;1646200.71;1643776.71;2424.00
249;27/12/2022;02031 - Instituto de Previdência e Assistência Municipal de Cajazeiras;339014 - Diárias - Civil;JONATTAS CAVALCANTE ALVES VIANA;29/12/2022;640.00;640.00;640.00;0.00
248;22/12/2022;02031 - Instituto de Previdência e Assistência Municipal de Cajazeiras;319011 - Vencimentos e Vantagens Fixas - Pessoal Civil;1 - COMISSIONADOS;27/12/2022;28866.00;28866.00;28866.00;0.00
246;20/12/2022;02031 - Instituto de Previdência e Assistência Municipal de Cajazeiras;339039 - Outros Serviços de Terceiros - Pessoa Jurídica;NEMESSIS - CONTABILIDADE;20/12/2022;3000.00;3000.00;3000.00;0.00
245;20/12/2022;02031 - Instituto de Previdência e Assistência Municipal de Cajazeiras;339039 - Outros Serviços de Terceiros - Pessoa Jurídica;G & C ASSESSORIA E CONSULTORIA EIRELI;20/12/2022;3000.00;3000.00;3000.00;0.00
247;19/12/2022;02031 - Instituto de Previdência e Assistência Municipal de Cajazeiras;339039 - Outros Serviços de Terceiros - Pessoa Jurídica;ERICLES MATEUS BATISTA RODRIGUES;20/12/2022;4500.00;4500.00;4500.00;0.00
244;16/12/2022;02031 - Instituto de Previdência e Assistência Municipal de Cajazeiras;319013 - Obrigações Patronais;INSS;19/12/2022;6735.71;6735.71;6735.71;0.00
243;16/12/2022;02031 - Instituto de Previdência e Assistência Municipal de Cajazeiras;339014 - Diárias - Civil;JONATTAS CAVALCANTE ALVES VIANA;16/12/2022;320.00;320.00;320.00;0.00
242;16/12/2022;02031 - Instituto de Previdência e Assistência Municipal de Cajazeiras;319013 - Obrigações Patronais;INSS;16/12/2022;5403.20;5403.20;5403.20;0.00
241;01/12/2022;02031 - Instituto de Previdência e Assistência Municipal de Cajazeiras;339039 - Outros Serviços de Terceiros - Pessoa Jurídica;CAIXA ECONOMICA FEDERAL;14/12/2022;3000.00;2232.58;2232.58;767.42
240;30/11/2022;02031 - Instituto de Previdência e Assistência Municipal de Cajazeiras;339039 - Outros Serviços de Terceiros - Pessoa Jurídica;CAIXA ECONOMICA FEDERAL;24/02/2023;69.58;69.58;69.58;0.00
239;30/11/2022;02031 - Instituto de Previdência e Assistência Municipal de Cajazeiras;339039 - Outros Serviços de Terceiros - Pessoa Jurídica;CAIXA ECONOMICA FEDERAL;24/02/2023;3514.30;3514.30;3514.30;0.00
238;30/11/2022;02031 - Instituto de Previdência e Assistência Municipal de Cajazeiras;339039 - Outros Serviços de Terceiros - Pessoa Jurídica;CAIXA ECONOMICA FEDERAL;24/02/2023;153.78;153.78;153.78;0.00
237;30/11/2022;02031 - Instituto de Previdência e Assistência Municipal de Cajazeiras;339039 - Outros Serviços de Terceiros - Pessoa Jurídica;CAIXA ECONOMICA FEDERAL;24/02/2023;22.00;22.00;22.00;0.00
236;30/11/2022;02031 - Instituto de Previdência e Assistência Municipal de Cajazeiras;339039 - Outros Serviços de Terceiros - Pessoa Jurídica;CAIXA ECONOMICA FEDERAL;24/02/2023;1008.05;1008.05;1008.05;0.00
235;30/11/2022;02031 - Instituto de Previdência e Assistência Municipal de Cajazeiras;339039 - Outros Serviços de Terceiros - Pessoa Jurídica;CAIXA ECONOMICA FEDERAL;24/02/2023;3000.00;0.00;0.00;3000.00
234;30/11/2022;02031 - Instituto de Previdência e Assistência Municipal de Cajazeiras;339030 - Material de Consumo;MELO SUPERMERCADO LTDA;24/02/2023;326.43;0.00;0.00;326.43
233;30/11/2022;02031 - Instituto de Previdência e Assistência Municipal de Cajazeiras;339030 - Material de Consumo;MELO SUPERMERCADO LTDA;24/02/2023;147.65;0.00;0.00;147.65
232;30/11/2022;02031 - Instituto de Previdência e Assistência Municipal de Cajazeiras;339039 - Outros Serviços de Terceiros - Pessoa Jurídica;WALLACE DE OLIVEIRA LIMA;24/02/2023;820.00;0.00;0.00;820.00
231;30/11/2022;02031 - Instituto de Previdência e Assistência Municipal de Cajazeiras;319001 - Aposentadorias do RPPS. Reserva Remunerada e Reformas dos Militares;2 - INATIVOS;24/02/2023;818947.51;818947.51;813180.12;5767.39
230;30/11/2022;02031 - Instituto de Previdência e Assistência Municipal de Cajazeiras;319003 - Pensões do RPPS e do militar;29 PENSIONISTAS;24/02/2023;83969.50;83969.50;83363.50;606.00
229;30/11/2022;02031 - Instituto de Previdência e Assistência Municipal de Cajazeiras;319011 - Vencimentos e Vantagens Fixas - Pessoal Civil;1 - COMISSIONADOS;01/12/2022;30616.83;30616.83;30616.83;0.00
228;30/11/2022;02031 - Instituto de Previdência e Assistência Municipal de Cajazeiras;319003 - Pensões do RPPS e do militar;344 - PENSÃO PREVIDENCIARIA;01/12/2022;15065.43;15065.43;15065.43;0.00
227;30/11/2022;02031 - Instituto de Previdência e Assistência Municipal de Cajazeiras;319001 - Aposentadorias do RPPS. Reserva Remunerada e Reformas dos Militares;APOSENTADOS - INATIVOS DA CAMARA MUNICIPAL;01/12/2022;1393.16;1393.16;1393.16;0.00
226;30/11/2022;02031 - Instituto de Previdência e Assistência Municipal de Cajazeiras;319001 - Aposentadorias do RPPS. Reserva Remunerada e Reformas dos Militares;8 APOSENTADOS;01/12/2022;24801.20;24801.20;24801.20;0.00
225;30/11/2022;02031 - Instituto de Previdência e Assistência Municipal de Cajazeiras;319001 - Aposentadorias do RPPS. Reserva Remunerada e Reformas dos Militares;2 - INATIVOS;01/12/2022;1646721.87;1646721.87;1644297.87;2424.00
224;30/11/2022;02031 - Instituto de Previdência e Assistência Municipal de Cajazeiras;319003 - Pensões do RPPS e do militar;344 - PENSÃO PREVIDENCIARIA;01/12/2022;30130.92;30130.92;30130.92;0.00
223;30/11/2022;02031 - Instituto de Previdência e Assistência Municipal de Cajazeiras;319001 - Aposentadorias do RPPS. Reserva Remunerada e Reformas dos Militares;APOSENTADOS - INATIVOS DA CAMARA MUNICIPAL;01/12/2022;2786.33;2786.33;2786.33;0.00
222;30/11/2022;02031 - Instituto de Previdência e Assistência Municipal de Cajazeiras;319001 - Aposentadorias do RPPS. Reserva Remunerada e Reformas dos Militares;8 APOSENTADOS;01/12/2022;49602.40;49602.40;49602.40;0.00
221;30/11/2022;02031 - Instituto de Previdência e Assistência Municipal de Cajazeiras;319003 - Pensões do RPPS e do militar;29 PENSIONISTAS;01/12/2022;168747.17;168747.17;167535.17;1212.00
220;30/11/2022;02031 - Instituto de Previdência e Assistência Municipal de Cajazeiras;319011 - Vencimentos e Vantagens Fixas - Pessoal Civil;1 - COMISSIONADOS;30/11/2022;30772.00;30772.00;30772.00;0.00
219;30/11/2022;02031 - Instituto de Previdência e Assistência Municipal de Cajazeiras;339039 - Outros Serviços de Terceiros - Pessoa Jurídica;FRANCISCO LUCIANO DE OLIVEIRA;30/11/2022;251.50;251.50;251.50;0.00
218;30/11/2022;02031 - Instituto de Previdência e Assistência Municipal de Cajazeiras;339030 - Material de Consumo;ANA BEATRIZ DIAS DE OLIVEIRA - ME;30/11/2022;621.05;621.05;621.05;0.00
217;21/11/2022;02031 - Instituto de Previdência e Assistência Municipal de Cajazeiras;339039 - Outros Serviços de Terceiros - Pessoa Jurídica;G & C ASSESSORIA E CONSULTORIA EIRELI;22/11/2022;3000.00;3000.00;3000.00;0.00
216;21/11/2022;02031 - Instituto de Previdência e Assistência Municipal de Cajazeiras;339039 - Outros Serviços de Terceiros - Pessoa Jurídica;NEMESSIS - CONTABILIDADE;22/11/2022;3000.00;3000.00;3000.00;0.00
215;21/11/2022;02031 - Instituto de Previdência e Assistência Municipal de Cajazeiras;339030 - Material de Consumo;DISTRIBUIDORA DADA BIJOUTERIAS LTDA;22/11/2022;286.65;286.65;286.65;0.00
214;16/11/2022;02031 - Instituto de Previdência e Assistência Municipal de Cajazeiras;319013 - Obrigações Patronais;INSS;17/11/2022;5403.20;5403.20;5403.20;0.00
213;16/11/2022;02031 - Instituto de Previdência e Assistência Municipal de Cajazeiras;319013 - Obrigações Patronais;INSS;17/11/2022;5403.20;0.00;0.00;0.00
212;07/11/2022;02031 - Instituto de Previdência e Assistência Municipal de Cajazeiras;339014 - Diárias - Civil;JONATTAS CAVALCANTE ALVES VIANA;11/11/2022;320.00;320.00;320.00;0.00
211;07/11/2022;02031 - Instituto de Previdência e Assistência Municipal de Cajazeiras;339030 - Material de Consumo;MELO SUPERMERCADO LTDA;08/11/2022;383.82;383.82;383.82;0.00
210;07/11/2022;02031 - Instituto de Previdência e Assistência Municipal de Cajazeiras;339030 - Material de Consumo;MELO SUPERMERCADO LTDA;08/11/2022;189.27;189.27;189.27;0.00
204;27/10/2022;02031 - Instituto de Previdência e Assistência Municipal de Cajazeiras;319011 - Vencimentos e Vantagens Fixas - Pessoal Civil;1 - COMISSIONADOS;27/10/2022;30878.00;30878.00;30878.00;0.00
203;26/10/2022;02031 - Instituto de Previdência e Assistência Municipal de Cajazeiras;339039 - Outros Serviços de Terceiros - Pessoa Jurídica;E-TICons - Empresa de Tecnologia de Informação e Consultoria Ltda;27/10/2022;2400.00;1600.00;1600.00;800.00
202;24/10/2022;02031 - Instituto de Previdência e Assistência Municipal de Cajazeiras;339039 - Outros Serviços de Terceiros - Pessoa Jurídica;NEMESSIS - CONTABILIDADE;25/10/2022;3000.00;3000.00;3000.00;0.00
201;20/10/2022;02031 - Instituto de Previdência e Assistência Municipal de Cajazeiras;449052 - Equipamentos e Material Permanente;INFOPRINTER COMERCIO & SERVIÇOS;25/10/2022;76.00;76.00;76.00;0.00
200;19/10/2022;02031 - Instituto de Previdência e Assistência Municipal de Cajazeiras;339030 - Material de Consumo;MANOEL ALCINDO DE ANDRADE;25/10/2022;153.00;153.00;153.00;0.00
199;10/10/2022;02031 - Instituto de Previdência e Assistência Municipal de Cajazeiras;319013 - Obrigações Patronais;INSS;11/10/2022;5892.60;5892.60;5892.60;0.00
198;06/10/2022;02031 - Instituto de Previdência e Assistência Municipal de Cajazeiras;339039 - Outros Serviços de Terceiros - Pessoa Jurídica;ROSIANA DANTAS DE BRITO;06/10/2022;80.00;80.00;80.00;0.00
197;05/10/2022;02031 - Instituto de Previdência e Assistência Municipal de Cajazeiras;339039 - Outros Serviços de Terceiros - Pessoa Jurídica;G & C ASSESSORIA E CONSULTORIA EIRELI;06/10/2022;3000.00;3000.00;3000.00;0.00
196;03/10/2022;02031 - Instituto de Previdência e Assistência Municipal de Cajazeiras;339030 - Material de Consumo;MELO SUPERMERCADO LTDA;06/10/2022;287.95;287.95;287.95;0.00
195;03/10/2022;02031 - Instituto de Previdência e Assistência Municipal de Cajazeiras;339030 - Material de Consumo;MELO SUPERMERCADO LTDA;06/10/2022;227.83;227.83;227.83;0.00
194;28/09/2022;02031 - Instituto de Previdência e Assistência Municipal de Cajazeiras;319003 - Pensões do RPPS e do militar;344 - PENSÃO PREVIDENCIARIA;29/09/2022;30130.92;30130.92;30130.92;0.00
193;28/09/2022;02031 - Instituto de Previdência e Assistência Municipal de Cajazeiras;319001 - Aposentadorias do RPPS. Reserva Remunerada e Reformas dos Militares;APOSENTADOS - INATIVOS DA CAMARA MUNICIPAL;29/09/2022;2786.33;2786.33;2786.33;0.00
192;28/09/2022;02031 - Instituto de Previdência e Assistência Municipal de Cajazeiras;319001 - Aposentadorias do RPPS. Reserva Remunerada e Reformas dos Militares;8 APOSENTADOS;29/09/2022;49602.40;49602.40;49602.40;0.00
191;28/09/2022;02031 - Instituto de Previdência e Assistência Municipal de Cajazeiras;319003 - Pensões do RPPS e do militar;29 PENSIONISTAS;29/09/2022;167535.17;167535.17;0.00;167535.17
190;28/09/2022;02031 - Instituto de Previdência e Assistência Municipal de Cajazeiras;319001 - Aposentadorias do RPPS. Reserva Remunerada e Reformas dos Militares;2 - INATIVOS;29/09/2022;1639155.73;1639155.73;0.00;1639155.73
189;27/09/2022;02031 - Instituto de Previdência e Assistência Municipal de Cajazeiras;339039 - Outros Serviços de Terceiros - Pessoa Jurídica;WALLACE DE OLIVEIRA LIMA;29/09/2022;320.00;320.00;0.00;320.00
188;23/09/2022;02031 - Instituto de Previdência e Assistência Municipal de Cajazeiras;339033 - Passagens e Despesas com Locomoção;JONATTAS CAVALCANTE ALVES VIANA;26/09/2022;2776.52;2776.52;2776.52;0.00
187;23/09/2022;02031 - Instituto de Previdência e Assistência Municipal de Cajazeiras;319011 - Vencimentos e Vantagens Fixas - Pessoal Civil;1 - COMISSIONADOS;26/09/2022;30878.00;30878.00;30878.00;0.00
186;23/09/2022;02031 - Instituto de Previdência e Assistência Municipal de Cajazeiras;339030 - Material de Consumo;MANOEL ALCINDO DE ANDRADE;26/09/2022;153.00;153.00;0.00;153.00
185;23/09/2022;02031 - Instituto de Previdência e Assistência Municipal de Cajazeiras;339039 - Outros Serviços de Terceiros - Pessoa Jurídica;NEMESSIS - CONTABILIDADE;26/09/2022;3000.00;3000.00;0.00;3000.00
184;16/09/2022;02031 - Instituto de Previdência e Assistência Municipal de Cajazeiras;339039 - Outros Serviços de Terceiros - Pessoa Jurídica;E-TICons - Empresa de Tecnologia de Informação e Consultoria Ltda;20/09/2022;800.00;800.00;800.00;0.00
183;16/09/2022;02031 - Instituto de Previdência e Assistência Municipal de Cajazeiras;339039 - Outros Serviços de Terceiros - Pessoa Jurídica;CAIXA ECONOMICA FEDERAL;19/09/2022;1000.00;62.70;62.70;937.30
182;08/09/2022;02031 - Instituto de Previdência e Assistência Municipal de Cajazeiras;319013 - Obrigações Patronais;INSS;09/09/2022;5892.60;5892.60;5892.60;0.00
181;05/09/2022;02031 - Instituto de Previdência e Assistência Municipal de Cajazeiras;339039 - Outros Serviços de Terceiros - Pessoa Jurídica;G & C ASSESSORIA E CONSULTORIA EIRELI;09/09/2022;3000.00;3000.00;3000.00;0.00
180;02/09/2022;02031 - Instituto de Previdência e Assistência Municipal de Cajazeiras;339030 - Material de Consumo;MELO SUPERMERCADO LTDA;09/09/2022;266.39;266.39;266.39;0.00
179;02/09/2022;02031 - Instituto de Previdência e Assistência Municipal de Cajazeiras;339030 - Material de Consumo;MELO SUPERMERCADO LTDA;09/09/2022;437.87;437.87;437.87;0.00
178;02/09/2022;02031 - Instituto de Previdência e Assistência Municipal de Cajazeiras;339039 - Outros Serviços de Terceiros - Pessoa Jurídica;FRANCISCO LUCIANO DE OLIVEIRA;09/09/2022;532.00;532.00;532.00;0.00
177;02/09/2022;02031 - Instituto de Previdência e Assistência Municipal de Cajazeiras;339030 - Material de Consumo;MANOEL ALCINDO DE ANDRADE;09/09/2022;120.00;120.00;120.00;0.00
176;02/09/2022;02031 - Instituto de Previdência e Assistência Municipal de Cajazeiras;339030 - Material de Consumo;MANOEL ALCINDO DE ANDRADE;09/09/2022;153.00;153.00;153.00;0.00
175;31/08/2022;02031 - Instituto de Previdência e Assistência Municipal de Cajazeiras;339030 - Material de Consumo;MARIA DE SOUZA ANDRADE 56887469472;02/09/2022;630.00;630.00;630.00;0.00
174;31/08/2022;02031 - Instituto de Previdência e Assistência Municipal de Cajazeiras;319001 - Aposentadorias do RPPS. Reserva Remunerada e Reformas dos Militares;8 APOSENTADOS;01/09/2022;49602.40;49602.40;0.00;49602.40
173;31/08/2022;02031 - Instituto de Previdência e Assistência Municipal de Cajazeiras;319001 - Aposentadorias do RPPS. Reserva Remunerada e Reformas dos Militares;APOSENTADOS - INATIVOS DA CAMARA MUNICIPAL;01/09/2022;2786.33;2786.33;0.00;2786.33
172;31/08/2022;02031 - Instituto de Previdência e Assistência Municipal de Cajazeiras;319003 - Pensões do RPPS e do militar;344 - PENSÃO PREVIDENCIARIA;01/09/2022;30130.92;30130.92;0.00;30130.92
171;31/08/2022;02031 - Instituto de Previdência e Assistência Municipal de Cajazeiras;319003 - Pensões do RPPS e do militar;29 PENSIONISTAS;01/09/2022;167535.17;167535.17;166323.17;1212.00
170;31/08/2022;02031 - Instituto de Previdência e Assistência Municipal de Cajazeiras;319001 - Aposentadorias do RPPS. Reserva Remunerada e Reformas dos Militares;2 - INATIVOS;01/09/2022;1637458.93;1637458.93;1635034.93;2424.00
169;31/08/2022;02031 - Instituto de Previdência e Assistência Municipal de Cajazeiras;449052 - Equipamentos e Material Permanente;INFOPRINTER COMERCIO & SERVIÇOS;01/09/2022;74.11;74.11;74.11;0.00
168;29/08/2022;02031 - Instituto de Previdência e Assistência Municipal de Cajazeiras;339039 - Outros Serviços de Terceiros - Pessoa Jurídica;SAMARA MENDES BATISTA LIRA;01/09/2022;5000.00;6000.00;6000.00;-1000.00
167;25/08/2022;02031 - Instituto de Previdência e Assistência Municipal de Cajazeiras;319011 - Vencimentos e Vantagens Fixas - Pessoal Civil;1 - COMISSIONADOS;29/08/2022;30878.00;30878.00;30878.00;0.00
165;23/08/2022;02031 - Instituto de Previdência e Assistência Municipal de Cajazeiras;339039 - Outros Serviços de Terceiros - Pessoa Jurídica;NEMESSIS - CONTABILIDADE;25/08/2022;3000.00;3000.00;3000.00;0.00
166;22/08/2022;02031 - Instituto de Previdência e Assistência Municipal de Cajazeiras;339039 - Outros Serviços de Terceiros - Pessoa Jurídica;CREDENCE SERVIÇOS E CERTIFICAÇÃO DIGITAL;25/08/2022;210.00;210.00;210.00;0.00
164;19/08/2022;02031 - Instituto de Previdência e Assistência Municipal de Cajazeiras;339014 - Diárias - Civil;JONATTAS CAVALCANTE ALVES VIANA;23/08/2022;2060.00;2060.00;2060.00;0.00
163;19/08/2022;02031 - Instituto de Previdência e Assistência Municipal de Cajazeiras;339030 - Material de Consumo;ELIANE DO NASCIMENTO CAMPOS;23/08/2022;286.00;286.00;286.00;0.00
162;19/08/2022;02031 - Instituto de Previdência e Assistência Municipal de Cajazeiras;339039 - Outros Serviços de Terceiros - Pessoa Jurídica;E-TICons - Empresa de Tecnologia de Informação e Consultoria Ltda;23/08/2022;800.00;800.00;800.00;0.00
161;17/08/2022;02031 - Instituto de Previdência e Assistência Municipal de Cajazeiras;339035 - Serviços de Consultoria;G & C ASSESSORIA E CONSULTORIA EIRELI;18/08/2022;3000.00;3000.00;3000.00;0.00
160;12/08/2022;02031 - Instituto de Previdência e Assistência Municipal de Cajazeiras;319013 - Obrigações Patronais;INSS;12/08/2022;5909.20;5909.20;5909.20;0.00
159;10/08/2022;02031 - Instituto de Previdência e Assistência Municipal de Cajazeiras;339030 - Material de Consumo;MANOEL ALCINDO DE ANDRADE;11/08/2022;153.00;153.00;153.00;0.00
158;08/08/2022;02031 - Instituto de Previdência e Assistência Municipal de Cajazeiras;339039 - Outros Serviços de Terceiros - Pessoa Jurídica;E-TICons - Empresa de Tecnologia de Informação e Consultoria Ltda;10/08/2022;800.00;800.00;800.00;0.00
157;01/08/2022;02031 - Instituto de Previdência e Assistência Municipal de Cajazeiras;339030 - Material de Consumo;MELO SUPERMERCADO LTDA;04/08/2022;341.15;341.15;341.15;0.00
156;01/08/2022;02031 - Instituto de Previdência e Assistência Municipal de Cajazeiras;339030 - Material de Consumo;MELO SUPERMERCADO LTDA;04/08/2022;459.09;459.09;459.09;0.00
155;29/07/2022;02031 - Instituto de Previdência e Assistência Municipal de Cajazeiras;339030 - Material de Consumo;ANA BEATRIZ DIAS DE OLIVEIRA - ME;01/08/2022;494.80;494.80;494.80;0.00
154;28/07/2022;02031 - Instituto de Previdência e Assistência Municipal de Cajazeiras;339039 - Outros Serviços de Terceiros - Pessoa Jurídica;FRANCISCO LUCIANO DE OLIVEIRA;01/08/2022;436.00;436.00;436.00;0.00
153;28/07/2022;02031 - Instituto de Previdência e Assistência Municipal de Cajazeiras;339039 - Outros Serviços de Terceiros - Pessoa Jurídica;SAMARA MENDES BATISTA LIRA;01/08/2022;1000.00;1000.00;1000.00;0.00
152;28/07/2022;02031 - Instituto de Previdência e Assistência Municipal de Cajazeiras;339014 - Diárias - Civil;JONATTAS CAVALCANTE ALVES VIANA;29/07/2022;960.00;960.00;960.00;0.00
151;28/07/2022;02031 - Instituto de Previdência e Assistência Municipal de Cajazeiras;339014 - Diárias - Civil;Gislany Assis da Silva;29/07/2022;960.00;960.00;960.00;0.00
150;27/07/2022;02031 - Instituto de Previdência e Assistência Municipal de Cajazeiras;339039 - Outros Serviços de Terceiros - Pessoa Jurídica;WALLACE DE OLIVEIRA LIMA;28/07/2022;250.00;250.00;250.00;0.00
149;22/07/2022;02031 - Instituto de Previdência e Assistência Municipal de Cajazeiras;319003 - Pensões do RPPS e do militar;344 - PENSÃO PREVIDENCIARIA;26/07/2022;30130.92;30130.92;30130.92;0.00
148;22/07/2022;02031 - Instituto de Previdência e Assistência Municipal de Cajazeiras;319001 - Aposentadorias do RPPS. Reserva Remunerada e Reformas dos Militares;APOSENTADOS - INATIVOS DA CAMARA MUNICIPAL;26/07/2022;2786.33;2786.33;2786.33;0.00
147;22/07/2022;02031 - Instituto de Previdência e Assistência Municipal de Cajazeiras;319001 - Aposentadorias do RPPS. Reserva Remunerada e Reformas dos Militares;8 APOSENTADOS;26/07/2022;49602.40;49602.40;49602.40;0.00
146;22/07/2022;02031 - Instituto de Previdência e Assistência Municipal de Cajazeiras;319003 - Pensões do RPPS e do militar;29 PENSIONISTAS;26/07/2022;169279.57;169279.57;168067.57;1212.00
145;22/07/2022;02031 - Instituto de Previdência e Assistência Municipal de Cajazeiras;319001 - Aposentadorias do RPPS. Reserva Remunerada e Reformas dos Militares;2 - INATIVOS;26/07/2022;1609620.55;1609620.55;1607196.55;2424.00
144;21/07/2022;02031 - Instituto de Previdência e Assistência Municipal de Cajazeiras;339039 - Outros Serviços de Terceiros - Pessoa Jurídica;NEMESSIS - CONTABILIDADE;26/07/2022;3000.00;3000.00;3000.00;0.00
143;21/07/2022;02031 - Instituto de Previdência e Assistência Municipal de Cajazeiras;319011 - Vencimentos e Vantagens Fixas - Pessoal Civil;1 - COMISSIONADOS;26/07/2022;29072.00;29072.00;29072.00;0.00
142;19/07/2022;02031 - Instituto de Previdência e Assistência Municipal de Cajazeiras;339093 - Indenizações e Restituições;2 - INATIVOS;19/07/2022;448.44;448.44;448.44;0.00
141;19/07/2022;02031 - Instituto de Previdência e Assistência Municipal de Cajazeiras;339093 - Indenizações e Restituições;2 - INATIVOS;19/07/2022;404.00;404.00;404.00;0.00
140;15/07/2022;02031 - Instituto de Previdência e Assistência Municipal de Cajazeiras;319013 - Obrigações Patronais;INSS;19/07/2022;8168.91;8168.91;8168.91;0.00
139;14/07/2022;02031 - Instituto de Previdência e Assistência Municipal de Cajazeiras;319013 - Obrigações Patronais;INSS;18/07/2022;50.51;50.51;50.51;0.00
138;14/07/2022;02031 - Instituto de Previdência e Assistência Municipal de Cajazeiras;319013 - Obrigações Patronais;INSS;18/07/2022;54.41;54.41;54.41;0.00
137;14/07/2022;02031 - Instituto de Previdência e Assistência Municipal de Cajazeiras;319013 - Obrigações Patronais;INSS;18/07/2022;55.87;55.87;55.87;0.00
136;14/07/2022;02031 - Instituto de Previdência e Assistência Municipal de Cajazeiras;319013 - Obrigações Patronais;INSS;18/07/2022;56.67;56.67;56.67;0.00
135;14/07/2022;02031 - Instituto de Previdência e Assistência Municipal de Cajazeiras;319013 - Obrigações Patronais;INSS;18/07/2022;6086.52;0.00;0.00;0.00
134;14/07/2022;02031 - Instituto de Previdência e Assistência Municipal de Cajazeiras;449052 - Equipamentos e Material Permanente;ROSIANA DANTAS DE BRITO;15/07/2022;292.56;292.56;292.56;0.00
133;13/07/2022;02031 - Instituto de Previdência e Assistência Municipal de Cajazeiras;339030 - Material de Consumo;ALTIERES LEITE CAROLINO;14/07/2022;270.00;270.00;270.00;0.00
132;11/07/2022;02031 - Instituto de Previdência e Assistência Municipal de Cajazeiras;449052 - Equipamentos e Material Permanente;MAGAZINE LUIZA S/A;13/07/2022;4850.00;4850.00;4850.00;0.00
131;11/07/2022;02031 - Instituto de Previdência e Assistência Municipal de Cajazeiras;339039 - Outros Serviços de Terceiros - Pessoa Jurídica;ASSOCIACAO PARAIBANA DE REGIMES PROPRIOS DE PREVIDENCIA - ASPREVPB;13/07/2022;875.00;875.00;875.00;0.00
130;11/07/2022;02031 - Instituto de Previdência e Assistência Municipal de Cajazeiras;339039 - Outros Serviços de Terceiros - Pessoa Jurídica;ASSOCIACAO PARAIBANA DE REGIMES PROPRIOS DE PREVIDENCIA - ASPREVPB;13/07/2022;875.00;875.00;875.00;0.00
129;08/07/2022;02031 - Instituto de Previdência e Assistência Municipal de Cajazeiras;319001 - Aposentadorias do RPPS. Reserva Remunerada e Reformas dos Militares;APOSENTADOS - INATIVOS DA CAMARA MUNICIPAL;12/07/2022;1393.17;1393.17;1393.17;0.00
128;08/07/2022;02031 - Instituto de Previdência e Assistência Municipal de Cajazeiras;319003 - Pensões do RPPS e do militar;344 - PENSÃO PREVIDENCIARIA;12/07/2022;15065.49;15065.49;15065.49;0.00
127;08/07/2022;02031 - Instituto de Previdência e Assistência Municipal de Cajazeiras;319001 - Aposentadorias do RPPS. Reserva Remunerada e Reformas dos Militares;8 APOSENTADOS;12/07/2022;24801.20;24801.20;24801.20;0.00
126;08/07/2022;02031 - Instituto de Previdência e Assistência Municipal de Cajazeiras;319003 - Pensões do RPPS e do militar;29 PENSIONISTAS;12/07/2022;80718.22;80718.22;80112.22;606.00
125;08/07/2022;02031 - Instituto de Previdência e Assistência Municipal de Cajazeiras;319001 - Aposentadorias do RPPS. Reserva Remunerada e Reformas dos Militares;2 - INATIVOS;12/07/2022;790516.96;790516.96;789304.96;1212.00
124;06/07/2022;02031 - Instituto de Previdência e Assistência Municipal de Cajazeiras;339039 - Outros Serviços de Terceiros - Pessoa Jurídica;CAIXA ECONOMICA FEDERAL;08/07/2022;5000.00;3335.28;3324.83;1675.17
123;04/07/2022;02031 - Instituto de Previdência e Assistência Municipal de Cajazeiras;339040 - SERVIÇOS DE TECNOLOGIA DA INFORMAÇÃO E COMUNICAÇÃO;ELMAR INFORMATICA;06/07/2022;5250.00;5250.00;5250.00;0.00
122;04/07/2022;02031 - Instituto de Previdência e Assistência Municipal de Cajazeiras;339030 - Material de Consumo;MANOEL ALCINDO DE ANDRADE;06/07/2022;264.00;264.00;264.00;0.00
121;04/07/2022;02031 - Instituto de Previdência e Assistência Municipal de Cajazeiras;319013 - Obrigações Patronais;INSS;06/07/2022;6020.52;6020.52;6020.52;0.00
120;04/07/2022;02031 - Instituto de Previdência e Assistência Municipal de Cajazeiras;339030 - Material de Consumo;MELO SUPERMERCADO LTDA;06/07/2022;418.65;418.65;418.65;0.00
119;04/07/2022;02031 - Instituto de Previdência e Assistência Municipal de Cajazeiras;339030 - Material de Consumo;MELO SUPERMERCADO LTDA;06/07/2022;276.01;276.01;276.01;0.00
118;30/06/2022;02031 - Instituto de Previdência e Assistência Municipal de Cajazeiras;339030 - Material de Consumo;MANOEL ALCINDO DE ANDRADE;01/07/2022;60.00;60.00;60.00;0.00
117;28/06/2022;02031 - Instituto de Previdência e Assistência Municipal de Cajazeiras;319003 - Pensões do RPPS e do militar;344 - PENSÃO PREVIDENCIARIA;01/07/2022;30130.92;30130.92;30130.92;0.00
116;28/06/2022;02031 - Instituto de Previdência e Assistência Municipal de Cajazeiras;319001 - Aposentadorias do RPPS. Reserva Remunerada e Reformas dos Militares;APOSENTADOS - INATIVOS DA CAMARA MUNICIPAL;01/07/2022;2786.33;2786.33;2786.33;0.00
115;28/06/2022;02031 - Instituto de Previdência e Assistência Municipal de Cajazeiras;319001 - Aposentadorias do RPPS. Reserva Remunerada e Reformas dos Militares;8 APOSENTADOS;01/07/2022;49602.40;49602.40;49602.40;0.00
114;28/06/2022;02031 - Instituto de Previdência e Assistência Municipal de Cajazeiras;319003 - Pensões do RPPS e do militar;29 PENSIONISTAS;01/07/2022;166262.57;166262.57;165050.57;1212.00
113;28/06/2022;02031 - Instituto de Previdência e Assistência Municipal de Cajazeiras;319001 - Aposentadorias do RPPS. Reserva Remunerada e Reformas dos Militares;2 - INATIVOS;01/07/2022;1602636.29;1602636.29;1600212.29;2424.00
110;23/06/2022;02031 - Instituto de Previdência e Assistência Municipal de Cajazeiras;339039 - Outros Serviços de Terceiros - Pessoa Jurídica;SAMARA MENDES BATISTA LIRA;27/06/2022;1000.00;1000.00;1000.00;0.00
112;22/06/2022;02031 - Instituto de Previdência e Assistência Municipal de Cajazeiras;319011 - Vencimentos e Vantagens Fixas - Pessoal Civil;1 - COMISSIONADOS;01/07/2022;28972.00;28972.00;28972.00;0.00
111;22/06/2022;02031 - Instituto de Previdência e Assistência Municipal de Cajazeiras;339039 - Outros Serviços de Terceiros - Pessoa Jurídica;NEMESSIS - CONTABILIDADE;01/07/2022;3000.00;3000.00;3000.00;0.00
109;13/06/2022;02031 - Instituto de Previdência e Assistência Municipal de Cajazeiras;339039 - Outros Serviços de Terceiros - Pessoa Jurídica;FRANCISCO LUCIANO DE OLIVEIRA;14/06/2022;361.40;361.40;361.40;0.00
108;10/06/2022;02031 - Instituto de Previdência e Assistência Municipal de Cajazeiras;339014 - Diárias - Civil;JONATTAS CAVALCANTE ALVES VIANA;13/06/2022;320.00;320.00;320.00;0.00
107;10/06/2022;02031 - Instituto de Previdência e Assistência Municipal de Cajazeiras;339014 - Diárias - Civil;Gislany Assis da Silva;13/06/2022;320.00;320.00;320.00;0.00
106;09/06/2022;02031 - Instituto de Previdência e Assistência Municipal de Cajazeiras;339039 - Outros Serviços de Terceiros - Pessoa Jurídica;CREDENCE SERVIÇOS E CERTIFICAÇÃO DIGITAL;10/06/2022;420.00;420.00;420.00;0.00
105;03/06/2022;02031 - Instituto de Previdência e Assistência Municipal de Cajazeiras;319013 - Obrigações Patronais;INSS;06/06/2022;5954.52;5954.52;5954.52;0.00
104;02/06/2022;02031 - Instituto de Previdência e Assistência Municipal de Cajazeiras;339030 - Material de Consumo;MELO SUPERMERCADO LTDA;06/06/2022;637.49;637.49;637.49;0.00
103;31/05/2022;02031 - Instituto de Previdência e Assistência Municipal de Cajazeiras;339039 - Outros Serviços de Terceiros - Pessoa Jurídica;SAMARA MENDES BATISTA LIRA;01/06/2022;1000.00;1000.00;1000.00;0.00
102;30/05/2022;02031 - Instituto de Previdência e Assistência Municipal de Cajazeiras;339030 - Material de Consumo;DISTRIBUIDORA DADA BIJOUTERIAS LTDA;01/06/2022;230.67;230.67;230.67;0.00
101;26/05/2022;02031 - Instituto de Previdência e Assistência Municipal de Cajazeiras;319003 - Pensões do RPPS e do militar;344 - PENSÃO PREVIDENCIARIA;27/05/2022;30130.92;30130.92;30130.92;0.00
100;26/05/2022;02031 - Instituto de Previdência e Assistência Municipal de Cajazeiras;319001 - Aposentadorias do RPPS. Reserva Remunerada e Reformas dos Militares;APOSENTADOS - INATIVOS DA CAMARA MUNICIPAL;27/05/2022;2786.33;2786.33;2786.33;0.00
99;26/05/2022;02031 - Instituto de Previdência e Assistência Municipal de Cajazeiras;319001 - Aposentadorias do RPPS. Reserva Remunerada e Reformas dos Militares;8 APOSENTADOS;27/05/2022;49602.40;49602.40;49602.40;0.00
98;26/05/2022;02031 - Instituto de Previdência e Assistência Municipal de Cajazeiras;319003 - Pensões do RPPS e do militar;29 PENSIONISTAS;27/05/2022;166262.57;166262.57;165050.57;1212.00
97;26/05/2022;02031 - Instituto de Previdência e Assistência Municipal de Cajazeiras;319001 - Aposentadorias do RPPS. Reserva Remunerada e Reformas dos Militares;2 - INATIVOS;27/05/2022;1591798.74;1591798.74;1589374.74;2424.00
96;26/05/2022;02031 - Instituto de Previdência e Assistência Municipal de Cajazeiras;319011 - Vencimentos e Vantagens Fixas - Pessoal Civil;1 - COMISSIONADOS;27/05/2022;28672.00;28672.00;28672.00;0.00
95;25/05/2022;02031 - Instituto de Previdência e Assistência Municipal de Cajazeiras;449052 - Equipamentos e Material Permanente;GPINHEIRO LTDA;25/05/2022;2700.00;0.00;0.00;2700.00
94;24/05/2022;02031 - Instituto de Previdência e Assistência Municipal de Cajazeiras;339039 - Outros Serviços de Terceiros - Pessoa Jurídica;WALLACE DE OLIVEIRA LIMA;25/05/2022;180.00;180.00;180.00;0.00
93;18/05/2022;02031 - Instituto de Previdência e Assistência Municipal de Cajazeiras;449052 - Equipamentos e Material Permanente;RUSBENIO LIRA BEZERRA ME;24/05/2022;1730.00;1730.00;1730.00;0.00
92;18/05/2022;02031 - Instituto de Previdência e Assistência Municipal de Cajazeiras;339039 - Outros Serviços de Terceiros - Pessoa Jurídica;NEMESSIS - CONTABILIDADE;24/05/2022;3000.00;3000.00;3000.00;0.00
91;09/05/2022;02031 - Instituto de Previdência e Assistência Municipal de Cajazeiras;319013 - Obrigações Patronais;INSS;12/05/2022;6175.84;6175.84;6175.84;0.00
90;06/05/2022;02031 - Instituto de Previdência e Assistência Municipal de Cajazeiras;339014 - Diárias - Civil;Gislany Assis da Silva;06/05/2022;320.00;320.00;320.00;0.00
89;04/05/2022;02031 - Instituto de Previdência e Assistência Municipal de Cajazeiras;339039 - Outros Serviços de Terceiros - Pessoa Jurídica;BANCO BRADESCO;06/05/2022;5000.00;2064.58;1877.80;3122.20
88;04/05/2022;02031 - Instituto de Previdência e Assistência Municipal de Cajazeiras;339014 - Diárias - Civil;JONATTAS CAVALCANTE ALVES VIANA;05/05/2022;960.00;960.00;960.00;0.00
87;04/05/2022;02031 - Instituto de Previdência e Assistência Municipal de Cajazeiras;339039 - Outros Serviços de Terceiros - Pessoa Jurídica;FRANCISCO LUCIANO DE OLIVEIRA;05/05/2022;239.40;239.40;239.40;0.00
86;04/05/2022;02031 - Instituto de Previdência e Assistência Municipal de Cajazeiras;339030 - Material de Consumo;ANA BEATRIZ DIAS DE OLIVEIRA - ME;05/05/2022;584.75;584.75;584.75;0.00
85;02/05/2022;02031 - Instituto de Previdência e Assistência Municipal de Cajazeiras;339030 - Material de Consumo;MANOEL ALCINDO DE ANDRADE;05/05/2022;95.00;95.00;95.00;0.00
84;29/04/2022;02031 - Instituto de Previdência e Assistência Municipal de Cajazeiras;339030 - Material de Consumo;MELO SUPERMERCADO LTDA;02/05/2022;401.62;401.62;401.62;0.00
83;29/04/2022;02031 - Instituto de Previdência e Assistência Municipal de Cajazeiras;339030 - Material de Consumo;MELO SUPERMERCADO LTDA;02/05/2022;320.01;320.01;320.01;0.00
82;29/04/2022;02031 - Instituto de Previdência e Assistência Municipal de Cajazeiras;339039 - Outros Serviços de Terceiros - Pessoa Jurídica;SAMARA MENDES BATISTA LIRA;02/05/2022;1000.00;1000.00;1000.00;0.00
81;27/04/2022;02031 - Instituto de Previdência e Assistência Municipal de Cajazeiras;319003 - Pensões do RPPS e do militar;29 PENSIONISTAS;02/05/2022;163705.25;163705.25;0.00;163705.25
80;27/04/2022;02031 - Instituto de Previdência e Assistência Municipal de Cajazeiras;319001 - Aposentadorias do RPPS. Reserva Remunerada e Reformas dos Militares;2 - INATIVOS;02/05/2022;1595469.37;1595469.37;7965.29;1587504.08
79;27/04/2022;02031 - Instituto de Previdência e Assistência Municipal de Cajazeiras;319003 - Pensões do RPPS e do militar;344 - PENSÃO PREVIDENCIARIA;02/05/2022;30130.92;30130.92;1502.00;28628.92
78;27/04/2022;02031 - Instituto de Previdência e Assistência Municipal de Cajazeiras;319001 - Aposentadorias do RPPS. Reserva Remunerada e Reformas dos Militares;APOSENTADOS - INATIVOS DA CAMARA MUNICIPAL;02/05/2022;2786.33;2786.33;0.00;2786.33
77;27/04/2022;02031 - Instituto de Previdência e Assistência Municipal de Cajazeiras;319001 - Aposentadorias do RPPS. Reserva Remunerada e Reformas dos Militares;8 APOSENTADOS;02/05/2022;49602.40;49602.40;0.00;49602.40
76;26/04/2022;02031 - Instituto de Previdência e Assistência Municipal de Cajazeiras;339039 - Outros Serviços de Terceiros - Pessoa Jurídica;CICERO MONTEIRO DA SILVA;27/04/2022;268.00;268.00;268.00;0.00
75;26/04/2022;02031 - Instituto de Previdência e Assistência Municipal de Cajazeiras;339030 - Material de Consumo;KELLY ALVES BRAGA 09250933436;27/04/2022;600.00;600.00;600.00;0.00
74;25/04/2022;02031 - Instituto de Previdência e Assistência Municipal de Cajazeiras;339039 - Outros Serviços de Terceiros - Pessoa Jurídica;NEMESSIS - CONTABILIDADE;27/04/2022;3000.00;3000.00;3000.00;0.00
73;25/04/2022;02031 - Instituto de Previdência e Assistência Municipal de Cajazeiras;319011 - Vencimentos e Vantagens Fixas - Pessoal Civil;1 - COMISSIONADOS;26/04/2022;28072.00;28072.00;28072.00;0.00
72;18/04/2022;02031 - Instituto de Previdência e Assistência Municipal de Cajazeiras;339039 - Outros Serviços de Terceiros - Pessoa Jurídica;BRISANET SERVIÇOS TELECOMUNICAÇÕES LTDA;19/04/2022;203.88;201.94;135.92;67.96
70;07/04/2022;02031 - Instituto de Previdência e Assistência Municipal de Cajazeiras;339014 - Diárias - Civil;JONATTAS CAVALCANTE ALVES VIANA;11/04/2022;640.00;640.00;640.00;0.00
71;06/04/2022;02031 - Instituto de Previdência e Assistência Municipal de Cajazeiras;339030 - Material de Consumo;MANOEL ALCINDO DE ANDRADE;11/04/2022;40.00;40.00;40.00;0.00
69;05/04/2022;02031 - Instituto de Previdência e Assistência Municipal de Cajazeiras;319013 - Obrigações Patronais;INSS;07/04/2022;6086.52;6086.52;6086.52;0.00
68;30/03/2022;02031 - Instituto de Previdência e Assistência Municipal de Cajazeiras;319003 - Pensões do RPPS e do militar;344 - PENSÃO PREVIDENCIARIA;01/04/2022;30130.92;30130.92;30130.92;0.00
67;30/03/2022;02031 - Instituto de Previdência e Assistência Municipal de Cajazeiras;319001 - Aposentadorias do RPPS. Reserva Remunerada e Reformas dos Militares;APOSENTADOS - INATIVOS DA CAMARA MUNICIPAL;01/04/2022;2786.33;2786.33;2786.33;0.00
66;30/03/2022;02031 - Instituto de Previdência e Assistência Municipal de Cajazeiras;319001 - Aposentadorias do RPPS. Reserva Remunerada e Reformas dos Militares;8 APOSENTADOS;01/04/2022;49602.40;49602.40;49602.40;0.00
65;30/03/2022;02031 - Instituto de Previdência e Assistência Municipal de Cajazeiras;319003 - Pensões do RPPS e do militar;29 PENSIONISTAS;01/04/2022;163705.25;163705.25;152036.08;11669.17
64;30/03/2022;02031 - Instituto de Previdência e Assistência Municipal de Cajazeiras;319001 - Aposentadorias do RPPS. Reserva Remunerada e Reformas dos Militares;2 - INATIVOS;01/04/2022;1582766.91;1582766.91;1578884.11;3882.80
63;30/03/2022;02031 - Instituto de Previdência e Assistência Municipal de Cajazeiras;449052 - Equipamentos e Material Permanente;RUSBENIO LIRA BEZERRA ME;01/04/2022;1155.00;1155.00;1155.00;0.00
62;29/03/2022;02031 - Instituto de Previdência e Assistência Municipal de Cajazeiras;319011 - Vencimentos e Vantagens Fixas - Pessoal Civil;1 - COMISSIONADOS;31/03/2022;27666.00;27666.00;27666.00;0.00
61;29/03/2022;02031 - Instituto de Previdência e Assistência Municipal de Cajazeiras;339039 - Outros Serviços de Terceiros - Pessoa Jurídica;SAMARA MENDES BATISTA LIRA;31/03/2022;1000.00;1000.00;1000.00;0.00
60;25/03/2022;02031 - Instituto de Previdência e Assistência Municipal de Cajazeiras;339030 - Material de Consumo;MELO SUPERMERCADO LTDA;31/03/2022;264.61;264.61;264.61;0.00
59;25/03/2022;02031 - Instituto de Previdência e Assistência Municipal de Cajazeiras;339030 - Material de Consumo;MELO SUPERMERCADO LTDA;31/03/2022;102.98;102.98;102.98;0.00
58;22/03/2022;02031 - Instituto de Previdência e Assistência Municipal de Cajazeiras;339039 - Outros Serviços de Terceiros - Pessoa Jurídica;NEMESSIS - CONTABILIDADE;31/03/2022;3000.00;3000.00;3000.00;0.00
57;22/03/2022;02031 - Instituto de Previdência e Assistência Municipal de Cajazeiras;339030 - Material de Consumo;ALTIERES LEITE CAROLINO;31/03/2022;100.00;100.00;100.00;0.00
56;14/03/2022;02031 - Instituto de Previdência e Assistência Municipal de Cajazeiras;339030 - Material de Consumo;MANOEL ALCINDO DE ANDRADE;15/03/2022;35.00;35.00;35.00;0.00
55;14/03/2022;02031 - Instituto de Previdência e Assistência Municipal de Cajazeiras;339039 - Outros Serviços de Terceiros - Pessoa Jurídica;REFRIGERAÇÃO BEZERRA - JURACY BEZERRA PONCHET;15/03/2022;596.00;596.00;596.00;0.00
54;08/03/2022;02031 - Instituto de Previdência e Assistência Municipal de Cajazeiras;339039 - Outros Serviços de Terceiros - Pessoa Jurídica;CAIXA ECONOMICA FEDERAL;11/03/2022;5000.00;3532.81;3473.03;1526.97
53;07/03/2022;02031 - Instituto de Previdência e Assistência Municipal de Cajazeiras;449052 - Equipamentos e Material Permanente;RUSBENIO LIRA BEZERRA ME;09/03/2022;8000.00;8000.00;8000.00;0.00
51;04/03/2022;02031 - Instituto de Previdência e Assistência Municipal de Cajazeiras;339093 - Indenizações e Restituições;JONATTAS CAVALCANTE ALVES VIANA;07/03/2022;190.00;190.00;190.00;0.00
50;04/03/2022;02031 - Instituto de Previdência e Assistência Municipal de Cajazeiras;339093 - Indenizações e Restituições;Gislany Assis da Silva;07/03/2022;190.00;190.00;190.00;0.00
52;03/03/2022;02031 - Instituto de Previdência e Assistência Municipal de Cajazeiras;339030 - Material de Consumo;INFOPRINTER COMERCIO & SERVIÇOS;07/03/2022;262.00;262.00;262.00;0.00
48;22/02/2022;02031 - Instituto de Previdência e Assistência Municipal de Cajazeiras;339039 - Outros Serviços de Terceiros - Pessoa Jurídica;NEMESSIS - CONTABILIDADE;25/02/2022;3000.00;3000.00;0.00;3000.00
47;22/02/2022;02031 - Instituto de Previdência e Assistência Municipal de Cajazeiras;319003 - Pensões do RPPS e do militar;344 - PENSÃO PREVIDENCIARIA;25/02/2022;30130.92;30130.92;0.00;30130.92
46;22/02/2022;02031 - Instituto de Previdência e Assistência Municipal de Cajazeiras;319001 - Aposentadorias do RPPS. Reserva Remunerada e Reformas dos Militares;APOSENTADOS - INATIVOS DA CAMARA MUNICIPAL;25/02/2022;2786.33;2786.33;0.00;2786.33
45;22/02/2022;02031 - Instituto de Previdência e Assistência Municipal de Cajazeiras;319001 - Aposentadorias do RPPS. Reserva Remunerada e Reformas dos Militares;8 APOSENTADOS;25/02/2022;49602.40;49602.40;1502.00;48100.40
44;22/02/2022;02031 - Instituto de Previdência e Assistência Municipal de Cajazeiras;319003 - Pensões do RPPS e do militar;29 PENSIONISTAS;25/02/2022;154571.81;154571.81;606.00;153965.81
43;22/02/2022;02031 - Instituto de Previdência e Assistência Municipal de Cajazeiras;319001 - Aposentadorias do RPPS. Reserva Remunerada e Reformas dos Militares;2 - INATIVOS;25/02/2022;1589680.71;1589680.71;1212.00;1588468.71
42;22/02/2022;02031 - Instituto de Previdência e Assistência Municipal de Cajazeiras;319011 - Vencimentos e Vantagens Fixas - Pessoal Civil;1 - COMISSIONADOS;25/02/2022;27666.00;27666.00;0.00;27666.00
41;21/02/2022;02031 - Instituto de Previdência e Assistência Municipal de Cajazeiras;339039 - Outros Serviços de Terceiros - Pessoa Jurídica;ANDERSON RODRIGES ROLIM;23/02/2022;530.00;530.00;530.00;0.00
40;21/02/2022;02031 - Instituto de Previdência e Assistência Municipal de Cajazeiras;339030 - Material de Consumo;MELO SUPERMERCADO LTDA;23/02/2022;121.83;121.83;121.83;0.00
39;21/02/2022;02031 - Instituto de Previdência e Assistência Municipal de Cajazeiras;339030 - Material de Consumo;MELO SUPERMERCADO LTDA;23/02/2022;177.43;177.43;177.43;0.00
38;21/02/2022;02031 - Instituto de Previdência e Assistência Municipal de Cajazeiras;339014 - Diárias - Civil;JONATTAS CAVALCANTE ALVES VIANA;22/02/2022;960.00;960.00;960.00;0.00
37;18/02/2022;02031 - Instituto de Previdência e Assistência Municipal de Cajazeiras;339014 - Diárias - Civil;Gislany Assis da Silva;21/02/2022;960.00;960.00;960.00;0.00
36;17/02/2022;02031 - Instituto de Previdência e Assistência Municipal de Cajazeiras;319013 - Obrigações Patronais;INSS;21/02/2022;6086.52;6086.52;6086.52;0.00
35;16/02/2022;02031 - Instituto de Previdência e Assistência Municipal de Cajazeiras;339039 - Outros Serviços de Terceiros - Pessoa Jurídica;INOVE CONSULTORIA ATUARIAL LTDA;18/02/2022;3000.00;3000.00;0.00;3000.00
34;16/02/2022;02031 - Instituto de Previdência e Assistência Municipal de Cajazeiras;339030 - Material de Consumo;MANOEL ALCINDO DE ANDRADE;18/02/2022;40.00;40.00;40.00;0.00
32;15/02/2022;02031 - Instituto de Previdência e Assistência Municipal de Cajazeiras;339039 - Outros Serviços de Terceiros - Pessoa Jurídica;UNIVERSO SERVIÇOS DE TELECOMUNICAÇÕES LTDA - CE;17/02/2022;203.88;0.00;0.00;203.88
33;14/02/2022;02031 - Instituto de Previdência e Assistência Municipal de Cajazeiras;319092 - Despesas de Exercícios Anteriores;UNIVERSO SERVIÇOS DE TELECOMUNICAÇÕES LTDA - CE;17/02/2022;16.99;16.99;16.99;0.00
30;14/02/2022;02031 - Instituto de Previdência e Assistência Municipal de Cajazeiras;339039 - Outros Serviços de Terceiros - Pessoa Jurídica;ASSOCIACAO PARAIBANA DE REGIMES PROPRIOS DE PREVIDENCIA - ASPREVPB;15/02/2022;600.00;600.00;600.00;0.00
31;11/02/2022;02031 - Instituto de Previdência e Assistência Municipal de Cajazeiras;339030 - Material de Consumo;ANA BEATRIZ DIAS DE OLIVEIRA - ME;15/02/2022;490.40;490.40;490.40;0.00
29;10/02/2022;02031 - Instituto de Previdência e Assistência Municipal de Cajazeiras;339039 - Outros Serviços de Terceiros - Pessoa Jurídica;ASSOCIACAO PARAIBANA DE REGIMES PROPRIOS DE PREVIDENCIA - ASPREVPB;11/02/2022;600.00;600.00;600.00;0.00
28;10/02/2022;02031 - Instituto de Previdência e Assistência Municipal de Cajazeiras;339092 - Despesas de Exercícios Anteriores;BRISANET SERVIÇOS TELECOMUNICAÇÕES LTDA;11/02/2022;130.00;130.00;130.00;0.00
27;09/02/2022;02031 - Instituto de Previdência e Assistência Municipal de Cajazeiras;319092 - Despesas de Exercícios Anteriores;UNIVERSO SERVIÇOS DE TELECOMUNICAÇÕES LTDA - CE;10/02/2022;101.94;101.94;101.94;0.00
26;08/02/2022;02031 - Instituto de Previdência e Assistência Municipal de Cajazeiras;339030 - Material de Consumo;ELIANE DO NASCIMENTO CAMPOS;09/02/2022;642.63;642.63;642.63;0.00
25;03/02/2022;02031 - Instituto de Previdência e Assistência Municipal de Cajazeiras;449052 - Equipamentos e Material Permanente;GPINHEIRO LTDA;08/02/2022;6460.00;6460.00;6460.00;0.00
24;02/02/2022;02031 - Instituto de Previdência e Assistência Municipal de Cajazeiras;339039 - Outros Serviços de Terceiros - Pessoa Jurídica;ROSIANA DANTAS DE BRITO;08/02/2022;323.00;323.00;323.00;0.00
23;31/01/2022;02031 - Instituto de Previdência e Assistência Municipal de Cajazeiras;319003 - Pensões do RPPS e do militar;344 - PENSÃO PREVIDENCIARIA;02/02/2022;30130.92;30130.92;30130.92;0.00
22;31/01/2022;02031 - Instituto de Previdência e Assistência Municipal de Cajazeiras;319001 - Aposentadorias do RPPS. Reserva Remunerada e Reformas dos Militares;APOSENTADOS - INATIVOS DA CAMARA MUNICIPAL;02/02/2022;2786.33;2786.33;2786.33;0.00
21;31/01/2022;02031 - Instituto de Previdência e Assistência Municipal de Cajazeiras;319001 - Aposentadorias do RPPS. Reserva Remunerada e Reformas dos Militares;8 APOSENTADOS;02/02/2022;49602.40;49602.40;49602.40;0.00
20;31/01/2022;02031 - Instituto de Previdência e Assistência Municipal de Cajazeiras;319003 - Pensões do RPPS e do militar;29 PENSIONISTAS;02/02/2022;154341.24;154341.24;153129.24;1212.00
19;31/01/2022;02031 - Instituto de Previdência e Assistência Municipal de Cajazeiras;319001 - Aposentadorias do RPPS. Reserva Remunerada e Reformas dos Militares;2 - INATIVOS;02/02/2022;1563229.93;1563229.93;1560805.93;2424.00
18;31/01/2022;02031 - Instituto de Previdência e Assistência Municipal de Cajazeiras;319011 - Vencimentos e Vantagens Fixas - Pessoal Civil;1 - COMISSIONADOS;02/02/2022;27666.00;27666.00;27666.00;0.00
17;25/01/2022;02031 - Instituto de Previdência e Assistência Municipal de Cajazeiras;339030 - Material de Consumo;MELO SUPERMERCADO LTDA;31/01/2022;227.00;227.00;227.00;0.00
16;25/01/2022;02031 - Instituto de Previdência e Assistência Municipal de Cajazeiras;339030 - Material de Consumo;MELO SUPERMERCADO LTDA;31/01/2022;93.39;93.39;93.39;0.00
15;25/01/2022;02031 - Instituto de Previdência e Assistência Municipal de Cajazeiras;339039 - Outros Serviços de Terceiros - Pessoa Jurídica;INOVE CONSULTORIA ATUARIAL LTDA;31/01/2022;3000.00;3000.00;0.00;3000.00
14;22/01/2022;02031 - Instituto de Previdência e Assistência Municipal de Cajazeiras;339039 - Outros Serviços de Terceiros - Pessoa Jurídica;NEMESSIS - CONTABILIDADE;25/01/2022;3000.00;3000.00;3000.00;0.00
49;18/01/2022;02031 - Instituto de Previdência e Assistência Municipal de Cajazeiras;339040 - SERVIÇOS DE TECNOLOGIA DA INFORMAÇÃO E COMUNICAÇÃO;UNIVERSO SERVIÇOS DE TELECOMUNICAÇÕES LTDA - CE;25/02/2022;16.99;16.99;16.99;0.00
9;18/01/2022;02031 - Instituto de Previdência e Assistência Municipal de Cajazeiras;339092 - Despesas de Exercícios Anteriores;BRISANET SERVIÇOS TELECOMUNICAÇÕES LTDA;24/01/2022;83.00;83.00;83.00;0.00
8;18/01/2022;02031 - Instituto de Previdência e Assistência Municipal de Cajazeiras;339092 - Despesas de Exercícios Anteriores;BRISANET SERVIÇOS TELECOMUNICAÇÕES LTDA;24/01/2022;83.00;83.00;83.00;0.00
13;10/01/2022;02031 - Instituto de Previdência e Assistência Municipal de Cajazeiras;339039 - Outros Serviços de Terceiros - Pessoa Jurídica;INOVE CONSULTORIA ATUARIAL LTDA;24/01/2022;3000.00;0.00;0.00;0.00
12;03/01/2022;02031 - Instituto de Previdência e Assistência Municipal de Cajazeiras;339039 - Outros Serviços de Terceiros - Pessoa Jurídica;CREDENCE SERVIÇOS E CERTIFICAÇÃO DIGITAL;24/01/2022;390.00;390.00;390.00;0.00
11;03/01/2022;02031 - Instituto de Previdência e Assistência Municipal de Cajazeiras;339040 - SERVIÇOS DE TECNOLOGIA DA INFORMAÇÃO E COMUNICAÇÃO;ELMAR INFORMATICA;24/01/2022;4500.00;3800.00;3050.00;750.00
10;03/01/2022;02031 - Instituto de Previdência e Assistência Municipal de Cajazeiras;339039 - Outros Serviços de Terceiros - Pessoa Jurídica;BRISANET SERVIÇOS TELECOMUNICAÇÕES LTDA;24/01/2022;1000.00;866.00;866.00;134.00
7;03/01/2022;02031 - Instituto de Previdência e Assistência Municipal de Cajazeiras;319013 - Obrigações Patronais;INSS;18/01/2022;3982.00;3982.00;3982.00;0.00
6;03/01/2022;02031 - Instituto de Previdência e Assistência Municipal de Cajazeiras;339039 - Outros Serviços de Terceiros - Pessoa Jurídica;JOAO EUDES FORMIGA CARTAXO;18/01/2022;70.00;70.00;70.00;0.00
5;03/01/2022;02031 - Instituto de Previdência e Assistência Municipal de Cajazeiras;339030 - Material de Consumo;MANOEL ALCINDO DE ANDRADE;18/01/2022;35.00;35.00;35.00;0.00
4;03/01/2022;02031 - Instituto de Previdência e Assistência Municipal de Cajazeiras;339030 - Material de Consumo;MELO SUPERMERCADO LTDA;18/01/2022;218.31;218.31;218.31;0.00
3;03/01/2022;02031 - Instituto de Previdência e Assistência Municipal de Cajazeiras;339030 - Material de Consumo;MELO SUPERMERCADO LTDA;18/01/2022;176.72;176.72;176.72;0.00
2;03/01/2022;02031 - Instituto de Previdência e Assistência Municipal de Cajazeiras;339039 - Outros Serviços de Terceiros - Pessoa Jurídica;BANCO DO BRASIL SA;18/01/2022;300.00;91.50;75.75;224.25
1;03/01/2022;02031 - Instituto de Previdência e Assistência Municipal de Cajazeiras;339039 - Outros Serviços de Terceiros - Pessoa Jurídica;CAIXA ECONOMICA FEDERAL;18/01/2022;3000.00;2176.81;2176.81;823.19
