NU_ANO_CENSO;NO_MUNICIPIO;CO_MUNICIPIO;NO_ENTIDADE;TP_DEPENDENCIA;QT_MAT_BAS;QT_MAT_INF;QT_MAT_INF_CRE;QT_MAT_INF_PRE;QT_MAT_FUND;QT_MAT_FUND_AI;QT_MAT_FUND_AF
2013;Cajazeiras;2503704;CENTRO EDUC DOM ZACARIAS - COLEGIO E CURSO;4;0;0;0;0;0;0;0
2013;Cajazeiras;2503704;COLEGIO DIOCESANO PADRE ROLIM;4;0;0;0;0;0;0;0
2013;Cajazeiras;2503704;COLEGIO NOSSA SRª DE LOURDES;4;1087;151;38;113;612;283;329
2013;Cajazeiras;2503704;COLEGIO NOSSA SRA DO CARMO LTDA;4;661;49;36;13;374;161;213
2013;Cajazeiras;2503704;COLEGIO ALTERNATIVO MASTER;4;47;22;0;22;25;25;0
2013;Cajazeiras;2503704;EEIFM ARCO IRIS;4;186;36;1;35;150;63;87
2013;Cajazeiras;2503704;EEEFM PROF MANOEL MANGUEIRA LIMA;2;621;0;0;0;315;0;315
2013;Cajazeiras;2503704;EEEFM PROFº CRISPIM COELHO;2;995;0;0;0;309;0;309
2013;Cajazeiras;2503704;EEEF DOM MOISES COELHO;2;889;0;0;0;778;157;621
2013;Cajazeiras;2503704;EEEF DESEMBARGADOR BOTO DE MENEZES;2;255;0;0;0;196;196;0
2013;Cajazeiras;2503704;EEEIEF JANDUY CARNEIRO;2;64;0;0;0;64;64;0
2013;Cajazeiras;2503704;EEEF CEL JOAQUIM MATOS;2;185;0;0;0;165;165;0
2013;Cajazeiras;2503704;EEEFM CRISTIANO CARTAXO;2;479;0;0;0;0;0;0
2013;Cajazeiras;2503704;EEEF JOAQUIM VICTOR JUREMA;2;214;0;0;0;157;157;0
2013;Cajazeiras;2503704;EEEF MONSENHOR JOAO MILANES;2;247;0;0;0;239;0;239
2013;Cajazeiras;2503704;EEEF SINHAZINHA RAMALHO;2;271;0;0;0;218;218;0
2013;Cajazeiras;2503704;EEEFM MONS CONSTANTINO VIEIRA;2;860;0;0;0;80;0;80
2013;Cajazeiras;2503704;EEEF DE FAZENDA SAO JOSE;2;74;0;0;0;26;26;0
2013;Cajazeiras;2503704;EEEF JOSE MANOEL DE ABREU;2;85;0;0;0;48;48;0
2013;Cajazeiras;2503704;EMEIEF ANTONIO DE SOUSA DIAS;3;528;38;0;38;490;211;279
2013;Cajazeiras;2503704;EMEIEF GABRIEL LUCINDO PEREIRA;3;46;9;0;9;37;37;0
2013;Cajazeiras;2503704;EMEIEF FRANCISCO ARCANJO DE ALBUQUERQUE;3;21;5;0;5;16;16;0
2013;Cajazeiras;2503704;EMEIEF TRAJANO BORGES;3;19;2;0;2;17;17;0
2013;Cajazeiras;2503704;EMEIEF ANIBAL GOMES DE SA;3;5;1;0;1;4;4;0
2013;Cajazeiras;2503704;EMEIEF AUGUSTO BERNARDINO DE SOUZA;3;171;30;0;30;141;87;54
2013;Cajazeiras;2503704;EMEIEF CAROLINO DE SOUSA NETO;3;205;20;0;20;185;82;103
2013;Cajazeiras;2503704;EMEIEF CECILIA ESTOLANO MEIRELES;3;460;52;0;52;392;197;195
2013;Cajazeiras;2503704;EMEIEF COSTA E SILVA;3;558;71;0;71;376;141;235
2013;Cajazeiras;2503704;EMEIEF JOSE DANIEL DE SOUSA;3;17;3;0;3;14;14;0
2013;Cajazeiras;2503704;EMEIEF DR PAULO PIRES FERREIRA;3;0;0;0;0;0;0;0
2013;Cajazeiras;2503704;EMEIEF GALDINO PIRES FERREIRA;3;0;0;0;0;0;0;0
2013;Cajazeiras;2503704;EMEIEF JOAO BATISTA DE ALBUQUERQUE;3;0;0;0;0;0;0;0
2013;Cajazeiras;2503704;EMEIEF JOAO FRANCISCO DE SOUZA;3;21;8;0;8;13;13;0
2013;Cajazeiras;2503704;EMEIEF JOSE COSMO DE ABREU;3;18;9;0;9;9;9;0
2013;Cajazeiras;2503704;EMEIEF JOSE LEITE ROLIM;3;263;58;0;58;180;180;0
2013;Cajazeiras;2503704;EMEIEF JOSE MARTINS DE OLIVEIRA;3;222;31;0;31;191;104;87
2013;Cajazeiras;2503704;EMEIEF JOSE TEMOTEO DE CARVALHO;3;0;0;0;0;0;0;0
2013;Cajazeiras;2503704;EMEIEF LUIZ CARTAXO ROLIM;3;290;47;0;47;220;94;126
2013;Cajazeiras;2503704;EMEIEF MANOEL GONCALVES DA SILVA;3;204;23;0;23;181;110;71
2013;Cajazeiras;2503704;EMEIEF MANOEL PEREIRA DA COSTA;3;17;4;0;4;13;13;0
2013;Cajazeiras;2503704;EMEIEF MATIAS DUARTE ROLIM;3;289;48;0;48;241;157;84
2013;Cajazeiras;2503704;EMEIEF CRISPIM COELHO;3;387;72;0;72;207;207;0
2013;Cajazeiras;2503704;EMEIEF VITAL ALVES DE FREITAS;3;21;2;0;2;19;19;0
2013;Cajazeiras;2503704;EMEIEF JOSE GUEDES ROLIM;3;0;0;0;0;0;0;0
2013;Cajazeiras;2503704;EMEIEF REGINA VIEIRA DA COSTA;3;15;4;0;4;11;11;0
2013;Cajazeiras;2503704;EMEIEF ELIZA BEZERRA LEANDRO;3;10;1;0;1;9;9;0
2013;Cajazeiras;2503704;EMEIEF MARIA GUIMARAES COELHO;3;199;28;0;28;171;112;59
2013;Cajazeiras;2503704;ESCOLA MUNDO INFANTIL;4;137;48;16;32;89;89;0
2013;Cajazeiras;2503704;ESCOLA VITORIA-REGIA;4;599;112;32;80;487;261;226
2013;Cajazeiras;2503704;ESC PROFISSIONAL MONTE CARMELO;2;179;0;0;0;179;179;0
2013;Cajazeiras;2503704;INSTITUTO FEDERAL DA PARAIBA - CAMPUS CAJAZEIRAS;1;703;0;0;0;0;0;0
2013;Cajazeiras;2503704;EMEIEF VITORIA BEZERRA;3;362;27;0;27;335;195;140
2013;Cajazeiras;2503704;EMEIEF GALDINO PIRES FERREIRA;3;240;41;0;41;173;112;61
2013;Cajazeiras;2503704;ESCOLA TECNICA DE SAUDE DE CAJAZEIRAS;1;357;0;0;0;0;0;0
2013;Cajazeiras;2503704;CEJA - CENTRO DE EDUCACAO DE JOVENS ADULTOS MONS VICENTE FREITAS;2;1079;0;0;0;0;0;0
2013;Cajazeiras;2503704;EEEF ANTONIO DIAS DA SILVA;2;64;0;0;0;38;38;0
2013;Cajazeiras;2503704;EMEIEF JOSE ANTONIO DO NASCIMENTO;3;18;4;0;4;14;14;0
2013;Cajazeiras;2503704;EMEIEF JOSE ANTONIO DIAS;3;276;22;0;22;254;110;144
2013;Cajazeiras;2503704;EMEIEF ANTONIO TABOSA RODRIGUES - CAIC;3;508;131;81;50;297;194;103
2013;Cajazeiras;2503704;CENTRO EDUCACIONAL JOSUE ROBERTO;4;71;29;18;11;42;42;0
2013;Cajazeiras;2503704;EEIF SAGRADO CORACAO DE JESUS;4;35;35;0;35;0;0;0
2013;Cajazeiras;2503704;DECISIVO COLEGIO E CURSO;4;81;22;3;19;59;39;20
2013;Cajazeiras;2503704;CRECHE FRANCISCA LEANDRO DE SOUSA;3;56;56;18;38;0;0;0
2013;Cajazeiras;2503704;ESC DE ENS FUND NOVA GERACAO;4;16;9;4;5;7;7;0
2013;Cajazeiras;2503704;EDUC CHAPEUZINHO VERMELHO;4;76;40;10;30;36;35;1
2013;Cajazeiras;2503704;EMEIEF IRMA NIRVANDA LEITE ROLIM;3;111;21;0;21;39;39;0
2013;Cajazeiras;2503704;ESCOLA MENINO MALUQUINHO;4;33;19;0;19;14;14;0
2013;Cajazeiras;2503704;CENTRO EDUCACIONAL SENHORA DA PIEDADE;4;55;27;0;27;28;28;0
2013;Cajazeiras;2503704;ESCOLA SORRISO INFANTIL;4;159;61;0;61;98;98;0
2013;Cajazeiras;2503704;DEFINICAO COLEGIO E CURSO;4;304;28;0;28;159;50;109
2013;Cajazeiras;2503704;CENTRO EDUCACIONAL IMACULADA CONCEICAO;4;87;29;0;29;58;58;0
2013;Cajazeiras;2503704;ESCOLA MAE RAINHA;4;0;0;0;0;0;0;0
2013;Cajazeiras;2503704;EEIF NOVO SECULO;4;47;21;0;21;26;26;0
2013;Cajazeiras;2503704;ESCOLA DE EDUC ESPECIAL ANGELINA TAVARES DE MELO;4;0;0;0;0;0;0;0
2013;Cajazeiras;2503704;ASSOCIACAO DAS ANTIGAS ALUNAS DOROTEIAS;4;51;51;51;0;0;0;0
2013;Cajazeiras;2503704;CRECHE NOSSA SENHORA DA PIEDADE;3;108;108;66;42;0;0;0
2013;Cajazeiras;2503704;INSTITUTO EDUCACIONAL NOSSA SENHORA DE FATIMA;4;65;29;7;22;36;36;0
2013;Cajazeiras;2503704;EEIF ESTRELA CADENTE;4;97;63;22;41;34;34;0
2013;Cajazeiras;2503704;SESC LER CAJAZEIRAS;4;83;0;0;0;0;0;0
2013;Cajazeiras;2503704;EDUCANDARIO PASSOS FIRMES;4;72;50;2;48;22;22;0
2013;Cajazeiras;2503704;EEIF FENIX;4;39;24;9;15;15;15;0
2014;Cajazeiras;2503704;COLEGIO NOSSA SRª DE LOURDES;4;1092;163;90;73;619;279;340
2014;Cajazeiras;2503704;COLEGIO NOSSA SRA DO CARMO LTDA;4;687;64;17;47;392;181;211
2014;Cajazeiras;2503704;COLEGIO ALTERNATIVO MASTER;4;59;24;8;16;35;26;9
2014;Cajazeiras;2503704;EEIFM ARCO IRIS;4;200;29;12;17;171;84;87
2014;Cajazeiras;2503704;EEEFM PROF MANOEL MANGUEIRA LIMA;2;629;0;0;0;328;0;328
2014;Cajazeiras;2503704;EEEFM PROFº CRISPIM COELHO;2;730;0;0;0;201;0;201
2014;Cajazeiras;2503704;EEEF DOM MOISES COELHO;2;872;0;0;0;772;133;639
2014;Cajazeiras;2503704;EEEF DESEMBARGADOR BOTO DE MENEZES;2;267;0;0;0;220;220;0
2014;Cajazeiras;2503704;EEEIEF JANDUY CARNEIRO;2;66;0;0;0;66;66;0
2014;Cajazeiras;2503704;EEEF CEL JOAQUIM MATOS;2;194;0;0;0;165;165;0
2014;Cajazeiras;2503704;EEEFM CRISTIANO CARTAXO;2;445;0;0;0;0;0;0
2014;Cajazeiras;2503704;EEEF JOAQUIM VICTOR JUREMA;2;193;0;0;0;151;151;0
2014;Cajazeiras;2503704;EEEF MONSENHOR JOAO MILANES;2;224;0;0;0;210;0;210
2014;Cajazeiras;2503704;EEEF SINHAZINHA RAMALHO;2;223;0;0;0;186;186;0
2014;Cajazeiras;2503704;EEEFM MONS CONSTANTINO VIEIRA;2;819;0;0;0;21;0;21
2014;Cajazeiras;2503704;EEEF DE FAZENDA SAO JOSE;2;48;0;0;0;20;20;0
2014;Cajazeiras;2503704;EEEF JOSE MANOEL DE ABREU;2;80;0;0;0;40;40;0
2014;Cajazeiras;2503704;EMEIEF ANTONIO DE SOUSA DIAS;3;543;54;0;54;464;196;268
2014;Cajazeiras;2503704;EMEIEF GABRIEL LUCINDO PEREIRA;3;44;7;0;7;37;37;0
2014;Cajazeiras;2503704;EMEIEF FRANCISCO ARCANJO DE ALBUQUERQUE;3;17;5;0;5;12;12;0
2014;Cajazeiras;2503704;EMEIEF TRAJANO BORGES;3;24;5;0;5;19;19;0
2014;Cajazeiras;2503704;EMEIEF ANIBAL GOMES DE SA;3;0;0;0;0;0;0;0
2014;Cajazeiras;2503704;EMEIEF AUGUSTO BERNARDINO DE SOUZA;3;171;27;0;27;144;91;53
2014;Cajazeiras;2503704;EMEIEF CAROLINO DE SOUSA NETO;3;191;20;0;20;171;91;80
2014;Cajazeiras;2503704;EMEIEF CECILIA ESTOLANO MEIRELES;3;450;63;0;63;387;190;197
2014;Cajazeiras;2503704;EMEIEF COSTA E SILVA;3;642;78;0;78;420;182;238
2014;Cajazeiras;2503704;EMEIEF JOSE DANIEL DE SOUSA;3;21;3;0;3;18;18;0
2014;Cajazeiras;2503704;EMEIEF DR PAULO PIRES FERREIRA;3;0;0;0;0;0;0;0
2014;Cajazeiras;2503704;EMEIEF GALDINO PIRES FERREIRA;3;0;0;0;0;0;0;0
2014;Cajazeiras;2503704;EMEIEF JOAO BATISTA DE ALBUQUERQUE;3;0;0;0;0;0;0;0
2014;Cajazeiras;2503704;EMEIEF JOAO FRANCISCO DE SOUZA;3;18;7;0;7;11;11;0
2014;Cajazeiras;2503704;EMEIEF JOSE COSMO DE ABREU;3;19;5;0;5;14;14;0
2014;Cajazeiras;2503704;EMEIEF JOSE LEITE ROLIM;3;268;50;0;50;197;197;0
2014;Cajazeiras;2503704;EMEIEF JOSE MARTINS DE OLIVEIRA;3;221;23;0;23;198;103;95
2014;Cajazeiras;2503704;EMEIEF JOSE TEMOTEO DE CARVALHO;3;0;0;0;0;0;0;0
2014;Cajazeiras;2503704;EMEIEF LUIZ CARTAXO ROLIM;3;307;54;0;54;220;94;126
2014;Cajazeiras;2503704;EMEIEF MANOEL GONCALVES DA SILVA;3;222;27;0;27;174;102;72
2014;Cajazeiras;2503704;EMEIEF MANOEL PEREIRA DA COSTA;3;0;0;0;0;0;0;0
2014;Cajazeiras;2503704;EMEIEF MATIAS DUARTE ROLIM;3;305;49;0;49;256;147;109
2014;Cajazeiras;2503704;EMEIEF CRISPIM COELHO;3;367;56;0;56;177;177;0
2014;Cajazeiras;2503704;EMEIEF VITAL ALVES DE FREITAS;3;20;2;0;2;18;18;0
2014;Cajazeiras;2503704;EMEIEF JOSE GUEDES ROLIM;3;0;0;0;0;0;0;0
2014;Cajazeiras;2503704;EMEIEF REGINA VIEIRA DA COSTA;3;0;0;0;0;0;0;0
2014;Cajazeiras;2503704;EMEIEF ELIZA BEZERRA LEANDRO;3;0;0;0;0;0;0;0
2014;Cajazeiras;2503704;EMEIEF MARIA GUIMARAES COELHO;3;188;28;0;28;160;104;56
2014;Cajazeiras;2503704;ESCOLA MUNDO INFANTIL;4;159;52;21;31;107;107;0
2014;Cajazeiras;2503704;ESCOLA VITORIA-REGIA;4;603;116;31;85;487;260;227
2014;Cajazeiras;2503704;ESC PROFISSIONAL MONTE CARMELO;2;185;0;0;0;165;165;0
2014;Cajazeiras;2503704;INSTITUTO FEDERAL DA PARAIBA - CAMPUS CAJAZEIRAS;1;653;0;0;0;0;0;0
2014;Cajazeiras;2503704;EMEIEF VITORIA BEZERRA;3;479;51;0;51;331;214;117
2014;Cajazeiras;2503704;EMEIEF GALDINO PIRES FERREIRA;3;253;54;0;54;146;96;50
2014;Cajazeiras;2503704;ESCOLA TECNICA DE SAUDE DE CAJAZEIRAS;1;392;0;0;0;0;0;0
2014;Cajazeiras;2503704;CEJA - CENTRO DE EDUCACAO DE JOVENS ADULTOS MONS VICENTE FREITAS;2;1109;0;0;0;0;0;0
2014;Cajazeiras;2503704;EEEF ANTONIO DIAS DA SILVA;2;57;0;0;0;37;37;0
2014;Cajazeiras;2503704;EMEIEF JOSE ANTONIO DO NASCIMENTO;3;22;9;0;9;13;13;0
2014;Cajazeiras;2503704;EMEIEF JOSE ANTONIO DIAS;3;260;16;0;16;244;136;108
2014;Cajazeiras;2503704;EMEIEF ANTONIO TABOSA RODRIGUES - CAIC;3;453;124;66;58;249;157;92
2014;Cajazeiras;2503704;CENTRO EDUCACIONAL JOSUE ROBERTO;4;86;39;20;19;47;47;0
2014;Cajazeiras;2503704;EEIF SAGRADO CORACAO DE JESUS;4;40;40;0;40;0;0;0
2014;Cajazeiras;2503704;DECISIVO COLEGIO E CURSO;4;0;0;0;0;0;0;0
2014;Cajazeiras;2503704;CRECHE FRANCISCA LEANDRO DE SOUSA;3;63;63;25;38;0;0;0
2014;Cajazeiras;2503704;ESC DE ENS FUND NOVA GERACAO;4;15;6;0;6;9;9;0
2014;Cajazeiras;2503704;EDUC CHAPEUZINHO VERMELHO;4;99;53;14;39;46;46;0
2014;Cajazeiras;2503704;EMEIEF IRMA NIRVANDA LEITE ROLIM;3;109;17;0;17;49;49;0
2014;Cajazeiras;2503704;ESCOLA MENINO MALUQUINHO;4;36;13;0;13;23;23;0
2014;Cajazeiras;2503704;CENTRO EDUCACIONAL SENHORA DA PIEDADE;4;47;19;0;19;28;28;0
2014;Cajazeiras;2503704;ESCOLA SORRISO INFANTIL;4;214;74;0;74;140;140;0
2014;Cajazeiras;2503704;DEFINICAO COLEGIO E CURSO;4;386;53;0;53;230;107;123
2014;Cajazeiras;2503704;CENTRO EDUCACIONAL IMACULADA CONCEICAO;4;86;34;0;34;52;52;0
2014;Cajazeiras;2503704;EEIF NOVO SECULO;4;42;16;0;16;26;26;0
2014;Cajazeiras;2503704;ASSOCIACAO DAS ANTIGAS ALUNAS DOROTEIAS;4;48;48;48;0;0;0;0
2014;Cajazeiras;2503704;CRECHE NOSSA SENHORA DA PIEDADE;3;106;106;68;38;0;0;0
2014;Cajazeiras;2503704;INSTITUTO EDUCACIONAL NOSSA SENHORA DE FATIMA;4;81;48;24;24;33;33;0
2014;Cajazeiras;2503704;EEIF ESTRELA CADENTE;4;106;80;0;80;26;26;0
2014;Cajazeiras;2503704;SESC LER CAJAZEIRAS;4;78;0;0;0;0;0;0
2014;Cajazeiras;2503704;EDUCANDARIO PASSOS FIRMES;4;75;54;28;26;21;21;0
2014;Cajazeiras;2503704;EEIF FENIX;4;41;24;0;24;17;17;0
2014;Cajazeiras;2503704;EDUCANDARIO SONHO MEU;4;47;27;9;18;20;20;0
2014;Cajazeiras;2503704;MASTERS GOLD COLEGIO E CURSO;4;114;0;0;0;41;0;41
2015;Cajazeiras;2503704;COLEGIO NOSSA SRª DE LOURDES;4;1096;186;60;126;618;282;336
2015;Cajazeiras;2503704;COLEGIO NOSSA SRA DO CARMO LTDA;4;693;71;37;34;418;195;223
2015;Cajazeiras;2503704;COLEGIO ALTERNATIVO MASTER;4;51;19;4;15;32;19;13
2015;Cajazeiras;2503704;EEIFM ARCO IRIS;4;174;24;0;24;150;70;80
2015;Cajazeiras;2503704;EEEFM PROF MANOEL MANGUEIRA LIMA;2;662;0;0;0;337;0;337
2015;Cajazeiras;2503704;EEEFM PROFº CRISPIM COELHO;2;642;0;0;0;205;0;205
2015;Cajazeiras;2503704;EEEF DOM MOISES COELHO;2;919;0;0;0;768;118;650
2015;Cajazeiras;2503704;EEEF DESEMBARGADOR BOTO DE MENEZES;2;274;0;0;0;214;214;0
2015;Cajazeiras;2503704;EEEIEF JANDUY CARNEIRO;2;64;0;0;0;64;64;0
2015;Cajazeiras;2503704;EEEF CEL JOAQUIM MATOS;2;183;0;0;0;150;150;0
2015;Cajazeiras;2503704;EEEFM CRISTIANO CARTAXO;2;561;0;0;0;0;0;0
2015;Cajazeiras;2503704;EEEF JOAQUIM VICTOR JUREMA;2;169;0;0;0;139;139;0
2015;Cajazeiras;2503704;EEEF MONSENHOR JOAO MILANES;2;222;0;0;0;222;0;222
2015;Cajazeiras;2503704;EEEF SINHAZINHA RAMALHO;2;271;0;0;0;218;218;0
2015;Cajazeiras;2503704;EEEFM MONS CONSTANTINO VIEIRA;2;863;0;0;0;0;0;0
2015;Cajazeiras;2503704;EEEF DE FAZENDA SAO JOSE;2;61;0;0;0;18;18;0
2015;Cajazeiras;2503704;EEEIF JOSE MANOEL DE ABREU;2;68;0;0;0;31;31;0
2015;Cajazeiras;2503704;EMEIEF ANTONIO DE SOUSA DIAS;3;472;53;0;53;419;197;222
2015;Cajazeiras;2503704;EMEIEF GABRIEL LUCINDO PEREIRA;3;41;3;0;3;38;38;0
2015;Cajazeiras;2503704;EMEIEF FRANCISCO ARCANJO DE ALBUQUERQUE;3;21;6;0;6;15;15;0
2015;Cajazeiras;2503704;EMEIEF TRAJANO BORGES;3;26;10;0;10;16;16;0
2015;Cajazeiras;2503704;EMEIEF ANIBAL GOMES DE SA;3;0;0;0;0;0;0;0
2015;Cajazeiras;2503704;EMEIEF AUGUSTO BERNARDINO DE SOUZA;3;159;21;0;21;138;89;49
2015;Cajazeiras;2503704;EMEIEF CAROLINO DE SOUSA NETO;3;193;23;0;23;170;92;78
2015;Cajazeiras;2503704;EMEIEF CECILIA ESTOLANO MEIRELES;3;554;74;0;74;378;221;157
2015;Cajazeiras;2503704;EMEIEF COSTA E SILVA;3;562;72;0;72;376;157;219
2015;Cajazeiras;2503704;EMEIEF JOSE DANIEL DE SOUSA;3;0;0;0;0;0;0;0
2015;Cajazeiras;2503704;EMEIEF DR PAULO PIRES FERREIRA;3;0;0;0;0;0;0;0
2015;Cajazeiras;2503704;EMEIEF JOAO BATISTA DE ALBUQUERQUE;3;0;0;0;0;0;0;0
2015;Cajazeiras;2503704;EMEIEF JOAO FRANCISCO DE SOUZA;3;23;7;0;7;16;16;0
2015;Cajazeiras;2503704;EMEIEF JOSE COSMO DE ABREU;3;18;5;0;5;13;13;0
2015;Cajazeiras;2503704;EMEIEF JOSE LEITE ROLIM;3;263;46;0;46;202;202;0
2015;Cajazeiras;2503704;EMEIEF JOSE MARTINS DE OLIVEIRA;3;229;27;0;27;202;128;74
2015;Cajazeiras;2503704;EMEIEF JOSE TEMOTEO DE CARVALHO;3;0;0;0;0;0;0;0
2015;Cajazeiras;2503704;EMEIEF LUIZ CARTAXO ROLIM;3;259;31;0;31;201;80;121
2015;Cajazeiras;2503704;EMEIEF MANOEL GONCALVES DA SILVA;3;199;26;0;26;173;87;86
2015;Cajazeiras;2503704;EMEIEF MANOEL PEREIRA DA COSTA;3;0;0;0;0;0;0;0
2015;Cajazeiras;2503704;EMEIEF MATIAS DUARTE ROLIM;3;252;39;0;39;213;132;81
2015;Cajazeiras;2503704;EMEIEF CRISPIM COELHO;3;406;76;0;76;190;190;0
2015;Cajazeiras;2503704;EMEIEF VITAL ALVES DE FREITAS;3;20;3;0;3;17;17;0
2015;Cajazeiras;2503704;EMEIEF JOSE GUEDES ROLIM;3;0;0;0;0;0;0;0
2015;Cajazeiras;2503704;EMEIEF REGINA VIEIRA DA COSTA;3;0;0;0;0;0;0;0
2015;Cajazeiras;2503704;EMEIEF ELIZA BEZERRA LEANDRO;3;0;0;0;0;0;0;0
2015;Cajazeiras;2503704;EMEIEF MARIA GUIMARAES COELHO;3;170;26;0;26;144;90;54
2015;Cajazeiras;2503704;ESCOLA MUNDO INFANTIL;4;198;95;43;52;103;103;0
2015;Cajazeiras;2503704;ESCOLA VITORIA-REGIA;4;584;103;12;91;481;252;229
2015;Cajazeiras;2503704;ESC PROFISSIONAL MONTE CARMELO;2;233;0;0;0;219;219;0
2015;Cajazeiras;2503704;IFPB - CAMPUS CAJAZEIRAS;1;822;0;0;0;0;0;0
2015;Cajazeiras;2503704;EMEIEF VITORIA BEZERRA;3;407;29;0;29;378;251;127
2015;Cajazeiras;2503704;EMEIEF GALDINO PIRES FERREIRA;3;225;66;0;66;159;102;57
2015;Cajazeiras;2503704;UFCG - ESCOLA TECNICA DE SAUDE DE CAJAZEIRAS DA UFCG;1;380;0;0;0;0;0;0
2015;Cajazeiras;2503704;CEJA - CENTRO DE EDUCACAO DE JOVENS ADULTOS MONS VICENTE FREITAS;2;1100;0;0;0;0;0;0
2015;Cajazeiras;2503704;EEEF ANTONIO DIAS DA SILVA;2;66;0;0;0;43;43;0
2015;Cajazeiras;2503704;EMEIEF JOSE ANTONIO DO NASCIMENTO;3;17;9;0;9;8;8;0
2015;Cajazeiras;2503704;EMEIEF JOSE ANTONIO DIAS;3;205;0;0;0;205;120;85
2015;Cajazeiras;2503704;EMEIEF ANTONIO TABOSA RODRIGUES - CAIC;3;270;15;0;15;255;153;102
2015;Cajazeiras;2503704;CENTRO EDUCACIONAL JOSUE ROBERTO;4;56;32;13;19;24;24;0
2015;Cajazeiras;2503704;EEIF SAGRADO CORACAO DE JESUS;4;46;36;0;36;10;10;0
2015;Cajazeiras;2503704;CRECHE FRANCISCA LEANDRO DE SOUSA;3;54;54;30;24;0;0;0
2015;Cajazeiras;2503704;ESC DE ENS FUND NOVA GERACAO;4;11;4;0;4;7;7;0
2015;Cajazeiras;2503704;EDUC CHAPEUZINHO VERMELHO;4;102;54;18;36;48;48;0
2015;Cajazeiras;2503704;EMEIEF IRMA NIRVANDA LEITE ROLIM;3;128;18;0;18;53;53;0
2015;Cajazeiras;2503704;ESCOLA MENINO MALUQUINHO;4;39;17;0;17;22;22;0
2015;Cajazeiras;2503704;CENTRO EDUCACIONAL SENHORA DA PIEDADE;4;40;21;0;21;19;19;0
2015;Cajazeiras;2503704;ESCOLA SORRISO INFANTIL;4;198;83;0;83;115;115;0
2015;Cajazeiras;2503704;DEFINICAO COLEGIO E CURSO;4;389;58;19;39;211;92;119
2015;Cajazeiras;2503704;CENTRO EDUCACIONAL IMACULADA CONCEICAO;4;92;40;0;40;52;52;0
2015;Cajazeiras;2503704;EEIF NOVO SECULO;4;41;20;6;14;21;21;0
2015;Cajazeiras;2503704;ASSOCIACAO DAS ANTIGAS ALUNAS DOROTEIAS;4;54;54;54;0;0;0;0
2015;Cajazeiras;2503704;CRECHE NOSSA SENHORA DA PIEDADE;3;110;110;63;47;0;0;0
2015;Cajazeiras;2503704;INSTITUTO EDUCACIONAL NOSSA SENHORA DE FATIMA;4;85;46;7;39;39;39;0
2015;Cajazeiras;2503704;EEIF ESTRELA CADENTE;4;0;0;0;0;0;0;0
2015;Cajazeiras;2503704;SESC LER CAJAZEIRAS;4;58;0;0;0;0;0;0
2015;Cajazeiras;2503704;CRECHE SAO JOSE;3;109;109;63;46;0;0;0
2015;Cajazeiras;2503704;EDUCANDARIO PASSOS FIRMES;4;49;38;8;30;11;11;0
2015;Cajazeiras;2503704;EEIF FENIX;4;45;30;0;30;15;15;0
2015;Cajazeiras;2503704;EDUCANDARIO SONHO MEU;4;47;30;3;27;17;17;0
2015;Cajazeiras;2503704;MASTERS GOLD COLEGIO E CURSO;4;141;0;0;0;61;28;33
2016;Cajazeiras;2503704;COLEGIO NOSSA SRª DE LOURDES;4;1073;166;55;111;615;298;317
2016;Cajazeiras;2503704;COLEGIO NOSSA SRA DO CARMO LTDA;4;746;74;48;26;475;205;270
2016;Cajazeiras;2503704;COLEGIO ALTERNATIVO MASTER;4;76;23;7;16;53;39;14
2016;Cajazeiras;2503704;EEIFM ARCO IRIS;4;171;21;0;21;150;75;75
2016;Cajazeiras;2503704;EEEFM PROF MANOEL MANGUEIRA LIMA;2;1681;0;0;0;362;0;362
2016;Cajazeiras;2503704;EEEFM PROFº CRISPIM COELHO;2;608;0;0;0;206;0;206
2016;Cajazeiras;2503704;EEEF DOM MOISES COELHO;2;838;0;0;0;696;90;606
2016;Cajazeiras;2503704;EEEF DESEMBARGADOR BOTO DE MENEZES;2;337;0;0;0;229;229;0
2016;Cajazeiras;2503704;EEEIEF JANDUY CARNEIRO;2;50;0;0;0;50;50;0
2016;Cajazeiras;2503704;EEEF CEL JOAQUIM MATOS;2;182;0;0;0;147;147;0
2016;Cajazeiras;2503704;EEEFM CRISTIANO CARTAXO;2;584;0;0;0;0;0;0
2016;Cajazeiras;2503704;EEEF JOAQUIM VICTOR JUREMA;2;212;0;0;0;148;148;0
2016;Cajazeiras;2503704;EEEF MONSENHOR JOAO MILANES;2;229;0;0;0;229;0;229
2016;Cajazeiras;2503704;EEEF SINHAZINHA RAMALHO;2;233;0;0;0;196;196;0
2016;Cajazeiras;2503704;EEEFM MONS CONSTANTINO VIEIRA;2;919;0;0;0;0;0;0
2016;Cajazeiras;2503704;EEEF DE FAZENDA SAO JOSE;2;61;0;0;0;23;23;0
2016;Cajazeiras;2503704;EEEIF JOSE MANOEL DE ABREU;2;82;0;0;0;30;30;0
2016;Cajazeiras;2503704;EMEIEF ANTONIO DE SOUSA DIAS;3;560;55;0;55;409;206;203
2016;Cajazeiras;2503704;EMEIEF GABRIEL LUCINDO PEREIRA;3;39;4;0;4;35;35;0
2016;Cajazeiras;2503704;EMEIEF FRANCISCO ARCANJO DE ALBUQUERQUE;3;20;8;0;8;12;12;0
2016;Cajazeiras;2503704;EMEIEF TRAJANO BORGES;3;0;0;0;0;0;0;0
2016;Cajazeiras;2503704;EMEIEF ANIBAL GOMES DE SA;3;0;0;0;0;0;0;0
2016;Cajazeiras;2503704;EMEIEF AUGUSTO BERNARDINO DE SOUZA;3;173;25;0;25;148;82;66
2016;Cajazeiras;2503704;EMEIEF CAROLINO DE SOUSA NETO;3;226;28;0;28;198;107;91
2016;Cajazeiras;2503704;EMEIEF CECILIA ESTOLANO MEIRELES;3;596;65;0;65;411;251;160
2016;Cajazeiras;2503704;EMEIEF COSTA E SILVA;3;553;69;0;69;388;165;223
2016;Cajazeiras;2503704;EMEIEF JOSE DANIEL DE SOUSA;3;0;0;0;0;0;0;0
2016;Cajazeiras;2503704;EMEIEF JOAO FRANCISCO DE SOUZA;3;21;2;0;2;19;19;0
2016;Cajazeiras;2503704;EMEIEF JOSE COSMO DE ABREU;3;22;7;0;7;15;15;0
2016;Cajazeiras;2503704;EMEIEF JOSE LEITE ROLIM;3;213;20;0;20;193;193;0
2016;Cajazeiras;2503704;EMEIEF JOSE MARTINS DE OLIVEIRA;3;244;40;0;40;204;118;86
2016;Cajazeiras;2503704;EMEIEF LUIZ CARTAXO ROLIM;3;234;26;0;26;208;90;118
2016;Cajazeiras;2503704;EMEIEF MANOEL GONCALVES DA SILVA;3;187;12;0;12;175;99;76
2016;Cajazeiras;2503704;EMEIEF MATIAS DUARTE ROLIM;3;269;48;0;48;221;135;86
2016;Cajazeiras;2503704;EMEIEF CRISPIM COELHO;3;386;73;0;73;159;159;0
2016;Cajazeiras;2503704;EMEIEF VITAL ALVES DE FREITAS;3;14;3;0;3;11;11;0
2016;Cajazeiras;2503704;EMEIEF REGINA VIEIRA DA COSTA;3;0;0;0;0;0;0;0
2016;Cajazeiras;2503704;EMEIEF ELIZA BEZERRA LEANDRO;3;0;0;0;0;0;0;0
2016;Cajazeiras;2503704;EMEIEF MARIA GUIMARAES COELHO;3;143;24;0;24;119;89;30
2016;Cajazeiras;2503704;ESCOLA MUNDO INFANTIL;4;238;127;50;77;111;111;0
2016;Cajazeiras;2503704;ESCOLA VITORIA-REGIA;4;571;125;36;89;446;236;210
2016;Cajazeiras;2503704;ESC PROFISSIONAL MONTE CARMELO;2;226;0;0;0;226;226;0
2016;Cajazeiras;2503704;IFPB - CAMPUS CAJAZEIRAS;1;808;0;0;0;0;0;0
2016;Cajazeiras;2503704;EMEIEF VITORIA BEZERRA;3;379;20;0;20;359;214;145
2016;Cajazeiras;2503704;EMEIEF GALDINO PIRES FERREIRA;3;247;62;0;62;185;114;71
2016;Cajazeiras;2503704;UFCG - ESCOLA TECNICA DE SAUDE DE CAJAZEIRAS DA UFCG;1;386;0;0;0;0;0;0
2016;Cajazeiras;2503704;CEJA - CENTRO DE EDUCACAO DE JOVENS ADULTOS MONS VICENTE FREITAS;2;0;0;0;0;0;0;0
2016;Cajazeiras;2503704;EEEF ANTONIO DIAS DA SILVA;2;88;0;0;0;54;54;0
2016;Cajazeiras;2503704;EMEIEF JOSE ANTONIO DO NASCIMENTO;3;21;9;0;9;12;12;0
2016;Cajazeiras;2503704;EMEIEF JOSE ANTONIO DIAS;3;197;0;0;0;197;108;89
2016;Cajazeiras;2503704;EMEIEF ANTONIO TABOSA RODRIGUES - CAIC;3;255;20;0;20;235;146;89
2016;Cajazeiras;2503704;CENTRO EDUCACIONAL JOSUE ROBERTO;4;76;45;15;30;31;31;0
2016;Cajazeiras;2503704;EEIF SAGRADO CORACAO DE JESUS;4;47;40;0;40;7;7;0
2016;Cajazeiras;2503704;CRECHE FRANCISCA LEANDRO DE SOUSA;3;55;55;28;27;0;0;0
2016;Cajazeiras;2503704;ESC DE ENS FUND NOVA GERACAO;4;10;3;0;3;7;7;0
2016;Cajazeiras;2503704;ESCOLA CHAPEUZINHO VERMELHO;4;107;53;13;40;54;54;0
2016;Cajazeiras;2503704;EMEIEF IRMA NIRVANDA LEITE ROLIM;3;81;22;0;22;59;59;0
2016;Cajazeiras;2503704;ESCOLA MENINO MALUQUINHO;4;31;8;0;8;23;23;0
2016;Cajazeiras;2503704;CENTRO EDUCACIONAL SENHORA DA PIEDADE;4;0;0;0;0;0;0;0
2016;Cajazeiras;2503704;ESCOLA SORRISO INFANTIL;4;264;96;0;96;168;144;24
2016;Cajazeiras;2503704;DEFINICAO COLEGIO E CURSO;4;368;63;30;33;189;80;109
2016;Cajazeiras;2503704;CENTRO EDUCACIONAL IMACULADA CONCEICAO;4;101;51;14;37;50;50;0
2016;Cajazeiras;2503704;EEIF NOVO SECULO;4;50;20;0;20;30;30;0
2016;Cajazeiras;2503704;ASSOCIACAO DAS ANTIGAS ALUNAS DOROTEIAS;4;47;47;47;0;0;0;0
2016;Cajazeiras;2503704;CRECHE NOSSA SENHORA DA PIEDADE;3;95;95;59;36;0;0;0
2016;Cajazeiras;2503704;INSTITUTO EDUCACIONAL NOSSA SENHORA DE FATIMA;4;68;33;10;23;35;35;0
2016;Cajazeiras;2503704;SESC LER CAJAZEIRAS;4;45;0;0;0;0;0;0
2016;Cajazeiras;2503704;CRECHE SAO JOSE;3;130;130;74;56;0;0;0
2016;Cajazeiras;2503704;CRECHE SANTA TEREZINHA DO MENINO JESUS;3;82;82;65;17;0;0;0
2016;Cajazeiras;2503704;EDUCANDARIO PASSOS FIRMES;4;56;33;4;29;23;23;0
2016;Cajazeiras;2503704;EEIF FENIX;4;32;23;0;23;9;9;0
2016;Cajazeiras;2503704;EDUCANDARIO SONHO MEU;4;49;29;3;26;20;20;0
2016;Cajazeiras;2503704;MASTERS GOLD COLEGIO E CURSO;4;236;24;13;11;120;47;73
2017;Cajazeiras;2503704;COLEGIO NOSSA SRª DE LOURDES;4;1060;152;52;100;610;297;313
2017;Cajazeiras;2503704;COLEGIO NOSSA SRA DO CARMO LTDA;4;733;78;42;36;461;195;266
2017;Cajazeiras;2503704;COLEGIO ALTERNATIVO MASTER;4;90;23;7;16;67;43;24
2017;Cajazeiras;2503704;EEIFM ARCO IRIS;4;180;28;10;18;152;76;76
2017;Cajazeiras;2503704;EEEFM PROF MANOEL MANGUEIRA LIMA;2;834;0;0;0;393;0;393
2017;Cajazeiras;2503704;EEEFM PROFº CRISPIM COELHO;2;614;0;0;0;208;0;208
2017;Cajazeiras;2503704;EEEF DOM MOISES COELHO;2;755;0;0;0;646;0;646
2017;Cajazeiras;2503704;EEEF DESEMBARGADOR BOTO DE MENEZES;2;380;0;0;0;263;263;0
2017;Cajazeiras;2503704;EEEIEF JANDUY CARNEIRO;2;0;0;0;0;0;0;0
2017;Cajazeiras;2503704;EEEF CEL JOAQUIM MATOS;2;197;0;0;0;167;167;0
2017;Cajazeiras;2503704;EEEFM CRISTIANO CARTAXO;2;396;0;0;0;0;0;0
2017;Cajazeiras;2503704;EEEF JOAQUIM VICTOR JUREMA;2;222;0;0;0;137;137;0
2017;Cajazeiras;2503704;EEEF MONSENHOR JOAO MILANES;2;257;0;0;0;257;0;257
2017;Cajazeiras;2503704;EEEF SINHAZINHA RAMALHO;2;264;0;0;0;194;194;0
2017;Cajazeiras;2503704;EEEFM MONS CONSTANTINO VIEIRA;2;776;0;0;0;0;0;0
2017;Cajazeiras;2503704;EEEF DE FAZENDA SAO JOSE;2;0;0;0;0;0;0;0
2017;Cajazeiras;2503704;EEEIF JOSE MANOEL DE ABREU;2;0;0;0;0;0;0;0
2017;Cajazeiras;2503704;EMEIEF ANTONIO DE SOUSA DIAS;3;569;73;0;73;376;188;188
2017;Cajazeiras;2503704;EMEIEF GABRIEL LUCINDO PEREIRA;3;27;1;0;1;26;26;0
2017;Cajazeiras;2503704;EMEIEF FRANCISCO ARCANJO DE ALBUQUERQUE;3;21;5;0;5;16;16;0
2017;Cajazeiras;2503704;EMEIEF TRAJANO BORGES;3;0;0;0;0;0;0;0
2017;Cajazeiras;2503704;EMEIEF AUGUSTO BERNARDINO DE SOUZA;3;161;27;0;27;134;75;59
2017;Cajazeiras;2503704;EMEIEF CAROLINO DE SOUSA NETO;3;248;39;0;39;209;115;94
2017;Cajazeiras;2503704;EMEIEF CECILIA ESTOLANO MEIRELES;3;623;56;0;56;429;252;177
2017;Cajazeiras;2503704;EMEIEF COSTA E SILVA;3;529;61;0;61;365;155;210
2017;Cajazeiras;2503704;EMEIEF JOSE DANIEL DE SOUSA;3;0;0;0;0;0;0;0
2017;Cajazeiras;2503704;EMEIEF JOAO FRANCISCO DE SOUZA;3;31;10;0;10;21;21;0
2017;Cajazeiras;2503704;EMEIEF JOSE COSMO DE ABREU;3;28;8;0;8;20;20;0
2017;Cajazeiras;2503704;EMEIEF JOSE LEITE ROLIM;3;211;29;0;29;182;182;0
2017;Cajazeiras;2503704;EMEIEF JOSE MARTINS DE OLIVEIRA;3;273;43;0;43;212;121;91
2017;Cajazeiras;2503704;EMEIEF LUIZ CARTAXO ROLIM;3;266;41;0;41;204;95;109
2017;Cajazeiras;2503704;EMEIEF MANOEL GONCALVES DA SILVA;3;174;13;0;13;161;89;72
2017;Cajazeiras;2503704;EMEIEF MATIAS DUARTE ROLIM;3;261;47;0;47;214;139;75
2017;Cajazeiras;2503704;EMEIEF CRISPIM COELHO;3;277;52;0;52;140;140;0
2017;Cajazeiras;2503704;EMEIEF VITAL ALVES DE FREITAS;3;12;3;0;3;9;9;0
2017;Cajazeiras;2503704;EMEIEF MARIA GUIMARAES COELHO;3;159;29;0;29;130;95;35
2017;Cajazeiras;2503704;ESCOLA MUNDO INFANTIL;4;238;127;44;83;111;111;0
2017;Cajazeiras;2503704;ESCOLA VITORIA-REGIA;4;551;123;31;92;428;226;202
2017;Cajazeiras;2503704;ESC PROFISSIONAL MONTE CARMELO;2;298;0;0;0;298;298;0
2017;Cajazeiras;2503704;IFPB - CAMPUS CAJAZEIRAS;1;753;0;0;0;0;0;0
2017;Cajazeiras;2503704;EMEIEF VITORIA BEZERRA;3;382;24;0;24;358;222;136
2017;Cajazeiras;2503704;EMEIEF GALDINO PIRES FERREIRA;3;191;25;0;25;166;111;55
2017;Cajazeiras;2503704;UFCG - ESCOLA TECNICA DE SAUDE DE CAJAZEIRAS DA UFCG;1;362;0;0;0;0;0;0
2017;Cajazeiras;2503704;EEEF ANTONIO DIAS DA SILVA;2;0;0;0;0;0;0;0
2017;Cajazeiras;2503704;EMEIEF JOSE ANTONIO DO NASCIMENTO;3;37;6;0;6;14;14;0
2017;Cajazeiras;2503704;EMEIEF JOSE ANTONIO DIAS;3;239;0;0;0;239;143;96
2017;Cajazeiras;2503704;EMEIEF ANTONIO TABOSA RODRIGUES - CAIC;3;248;19;0;19;229;153;76
2017;Cajazeiras;2503704;CENTRO EDUCACIONAL JOSUE ROBERTO;4;49;24;9;15;25;25;0
2017;Cajazeiras;2503704;EEIF SAGRADO CORACAO DE JESUS;4;60;55;0;55;5;5;0
2017;Cajazeiras;2503704;CRECHE FRANCISCA LEANDRO DE SOUSA;3;68;68;26;42;0;0;0
2017;Cajazeiras;2503704;ESC DE ENS FUND NOVA GERACAO;4;0;0;0;0;0;0;0
2017;Cajazeiras;2503704;ESCOLA CHAPEUZINHO VERMELHO;4;123;56;12;44;67;67;0
2017;Cajazeiras;2503704;EMEIEF IRMA NIRVANDA LEITE ROLIM;3;120;26;0;26;59;59;0
2017;Cajazeiras;2503704;ESCOLA MENINO MALUQUINHO;4;37;15;0;15;22;22;0
2017;Cajazeiras;2503704;ESCOLA SORRISO INFANTIL;4;221;89;0;89;132;132;0
2017;Cajazeiras;2503704;DEFINICAO COLEGIO E CURSO;4;283;47;22;25;146;73;73
2017;Cajazeiras;2503704;CENTRO EDUCACIONAL IMACULADA CONCEICAO;4;90;40;10;30;50;50;0
2017;Cajazeiras;2503704;EEIF NOVO SECULO;4;44;24;7;17;20;20;0
2017;Cajazeiras;2503704;ASSOCIACAO DAS ANTIGAS ALUNAS DOROTEIAS;4;49;49;31;18;0;0;0
2017;Cajazeiras;2503704;CRECHE NOSSA SENHORA DA PIEDADE;3;98;98;75;23;0;0;0
2017;Cajazeiras;2503704;INSTITUTO EDUCACIONAL NOSSA SENHORA DE FATIMA;4;76;35;8;27;41;41;0
2017;Cajazeiras;2503704;SESC LER CAJAZEIRAS;4;40;0;0;0;0;0;0
2017;Cajazeiras;2503704;CRECHE SAO JOSE;3;135;135;72;63;0;0;0
2017;Cajazeiras;2503704;CRECHE SANTA TEREZINHA DO MENINO JESUS;3;107;107;63;44;0;0;0
2017;Cajazeiras;2503704;EDUCANDARIO PASSOS FIRMES;4;53;36;2;34;17;17;0
2017;Cajazeiras;2503704;E C I T PROFESSORA NICEIA CLAUDINO PINHEIRO;2;172;0;0;0;0;0;0
2017;Cajazeiras;2503704;EEIF FENIX;4;45;30;10;20;15;15;0
2017;Cajazeiras;2503704;EDUCANDARIO SONHO MEU;4;50;34;3;31;16;16;0
2017;Cajazeiras;2503704;MASTERS GOLD COLEGIO E CURSO;4;499;56;31;25;150;68;82
2018;Cajazeiras;2503704;COLEGIO NOSSA SRª DE LOURDES;4;1034;157;58;99;588;297;291
2018;Cajazeiras;2503704;COLEGIO NOSSA SRA DO CARMO LTDA;4;698;72;22;50;454;183;271
2018;Cajazeiras;2503704;COLEGIO ALTERNATIVO MASTER;4;124;23;4;19;101;69;32
2018;Cajazeiras;2503704;EEIFM ARCO IRIS;4;161;25;9;16;136;58;78
2018;Cajazeiras;2503704;EEEFM PROF MANOEL MANGUEIRA LIMA;2;1111;0;0;0;403;0;403
2018;Cajazeiras;2503704;EEEFM PROFº CRISPIM COELHO;2;216;0;0;0;117;0;117
2018;Cajazeiras;2503704;EEEFM DOM MOISES COELHO;2;902;0;0;0;685;0;685
2018;Cajazeiras;2503704;EEEF DESEMBARGADOR BOTO DE MENEZES;2;304;0;0;0;268;268;0
2018;Cajazeiras;2503704;EEEIEF JANDUY CARNEIRO;2;0;0;0;0;0;0;0
2018;Cajazeiras;2503704;EEEF CEL JOAQUIM MATOS;2;184;0;0;0;158;158;0
2018;Cajazeiras;2503704;ECIT CRISTIANO CARTAXO;2;156;0;0;0;0;0;0
2018;Cajazeiras;2503704;EEEF JOAQUIM VICTOR JUREMA;2;239;0;0;0;160;160;0
2018;Cajazeiras;2503704;EEEF MONSENHOR JOAO MILANES;2;246;0;0;0;246;0;246
2018;Cajazeiras;2503704;EEEF SINHAZINHA RAMALHO;2;189;0;0;0;146;146;0
2018;Cajazeiras;2503704;EEEFM MONS CONSTANTINO VIEIRA;2;991;0;0;0;0;0;0
2018;Cajazeiras;2503704;EEEF DE FAZENDA SAO JOSE;2;0;0;0;0;0;0;0
2018;Cajazeiras;2503704;EEEIF JOSE MANOEL DE ABREU;2;0;0;0;0;0;0;0
2018;Cajazeiras;2503704;EMEIEF ANTONIO DE SOUSA DIAS;3;467;84;0;84;383;184;199
2018;Cajazeiras;2503704;EMEIEF GABRIEL LUCINDO PEREIRA;3;21;4;0;4;17;17;0
2018;Cajazeiras;2503704;EMEIEF FRANCISCO ARCANJO DE ALBUQUERQUE;3;13;3;0;3;10;10;0
2018;Cajazeiras;2503704;EMEIEF TRAJANO BORGES;3;0;0;0;0;0;0;0
2018;Cajazeiras;2503704;EMEIEF AUGUSTO BERNARDINO DE SOUZA;3;154;18;0;18;136;76;60
2018;Cajazeiras;2503704;EMEIEF CAROLINO DE SOUSA NETO;3;329;35;0;35;256;143;113
2018;Cajazeiras;2503704;EMEIEF CECILIA ESTOLANO MEIRELES;3;638;55;0;55;444;275;169
2018;Cajazeiras;2503704;EMEIEF COSTA E SILVA;3;554;64;0;64;394;162;232
2018;Cajazeiras;2503704;EMEIEF JOSE DANIEL DE SOUSA;3;0;0;0;0;0;0;0
2018;Cajazeiras;2503704;EMEIEF JOAO FRANCISCO DE SOUZA;3;16;5;0;5;11;11;0
2018;Cajazeiras;2503704;EMEIEF JOSE COSMO DE ABREU;3;19;7;0;7;12;12;0
2018;Cajazeiras;2503704;EMEIEF JOSE LEITE ROLIM;3;225;48;0;48;177;177;0
2018;Cajazeiras;2503704;EMEIEF JOSE MARTINS DE OLIVEIRA;3;262;37;0;37;199;118;81
2018;Cajazeiras;2503704;EMEIEF LUIZ CARTAXO ROLIM;3;319;78;0;78;204;100;104
2018;Cajazeiras;2503704;EMEIEF MANOEL GONCALVES DA SILVA;3;169;18;0;18;151;80;71
2018;Cajazeiras;2503704;EMEIEF MATIAS DUARTE ROLIM;3;292;53;0;53;239;145;94
2018;Cajazeiras;2503704;EMEIEF CRISPIM COELHO;3;295;39;0;39;170;170;0
2018;Cajazeiras;2503704;EMEIEF VITAL ALVES DE FREITAS;3;16;3;0;3;13;13;0
2018;Cajazeiras;2503704;EMEIEF MARIA GUIMARAES COELHO;3;149;47;0;47;102;102;0
2018;Cajazeiras;2503704;ESCOLA MUNDO INFANTIL;4;219;94;22;72;125;125;0
2018;Cajazeiras;2503704;ESCOLA VITORIA-REGIA;4;516;113;30;83;403;198;205
2018;Cajazeiras;2503704;ESC PROFISSIONAL MONTE CARMELO;2;323;0;0;0;323;323;0
2018;Cajazeiras;2503704;IFPB - CAMPUS CAJAZEIRAS;1;696;0;0;0;0;0;0
2018;Cajazeiras;2503704;EMEIEF VITORIA BEZERRA;3;319;0;0;0;319;175;144
2018;Cajazeiras;2503704;EMEIEF GALDINO PIRES FERREIRA;3;104;32;0;32;72;0;72
2018;Cajazeiras;2503704;UFCG - ESCOLA TECNICA DE SAUDE DE CAJAZEIRAS DA UFCG;1;364;0;0;0;0;0;0
2018;Cajazeiras;2503704;CEJA - CENTRO DE EDUCACAO DE JOVENS ADULTOS MONS VICENTE FREITAS;2;0;0;0;0;0;0;0
2018;Cajazeiras;2503704;EEEF ANTONIO DIAS DA SILVA;2;0;0;0;0;0;0;0
2018;Cajazeiras;2503704;EMEIEF JOSE ANTONIO DO NASCIMENTO;3;17;3;0;3;14;14;0
2018;Cajazeiras;2503704;EMEIEF JOSE ANTONIO DIAS;3;277;0;0;0;245;158;87
2018;Cajazeiras;2503704;EMEIEF ANTONIO TABOSA RODRIGUES - CAIC;3;201;57;0;57;144;144;0
2018;Cajazeiras;2503704;CENTRO EDUCACIONAL JOSUE ROBERTO;4;38;19;9;10;19;19;0
2018;Cajazeiras;2503704;EEIF SAGRADO CORACAO DE JESUS;4;38;38;0;38;0;0;0
2018;Cajazeiras;2503704;CRECHE FRANCISCA LEANDRO DE SOUSA;3;59;59;19;40;0;0;0
2018;Cajazeiras;2503704;ESCOLA CHAPEUZINHO VERMELHO;4;115;49;14;35;66;66;0
2018;Cajazeiras;2503704;EMEIEF IRMA NIRVANDA LEITE ROLIM;3;124;34;0;34;69;69;0
2018;Cajazeiras;2503704;ESCOLA MENINO MALUQUINHO;4;41;24;0;24;17;17;0
2018;Cajazeiras;2503704;ESCOLA SORRISO INFANTIL;4;243;120;0;120;123;123;0
2018;Cajazeiras;2503704;DEFINICAO COLEGIO E CURSO;4;270;48;22;26;149;75;74
2018;Cajazeiras;2503704;CENTRO EDUCACIONAL IMACULADA CONCEICAO;4;84;43;0;43;41;41;0
2018;Cajazeiras;2503704;EEIF NOVO SECULO;4;50;31;16;15;19;19;0
2018;Cajazeiras;2503704;ASSOCIACAO DAS ANTIGAS ALUNAS DOROTEIAS;4;53;53;34;19;0;0;0
2018;Cajazeiras;2503704;CRECHE NOSSA SENHORA DA PIEDADE;3;87;87;87;0;0;0;0
2018;Cajazeiras;2503704;INSTITUTO EDUCACIONAL NOSSA SENHORA DE FATIMA;4;93;40;16;24;53;53;0
2018;Cajazeiras;2503704;SESC LER CAJAZEIRAS;4;49;0;0;0;0;0;0
2018;Cajazeiras;2503704;CRECHE SAO JOSE;3;139;139;139;0;0;0;0
2018;Cajazeiras;2503704;CRECHE SANTA TEREZINHA DO MENINO JESUS;3;89;89;89;0;0;0;0
2018;Cajazeiras;2503704;EDUCANDARIO PASSOS FIRMES;4;66;36;3;33;30;30;0
2018;Cajazeiras;2503704;ECIT NICEIA CLAUDINO PINHEIRO;2;307;0;0;0;0;0;0
2018;Cajazeiras;2503704;EEEFM ARIANO VILAR SUASSUNA;2;173;0;0;0;0;0;0
2018;Cajazeiras;2503704;COLEGIO E CURSO MULTIPLA ESCOLHA;4;143;55;26;29;88;50;38
2018;Cajazeiras;2503704;EEIF FENIX;4;38;20;0;20;18;18;0
2018;Cajazeiras;2503704;EDUCANDARIO SONHO MEU;4;45;29;4;25;16;16;0
2018;Cajazeiras;2503704;MASTERS GOLD COLEGIO E CURSO;4;430;50;34;16;120;58;62
2019;Cajazeiras;2503704;COLEGIO NOSSA SRª DE LOURDES;4;1066;154;63;91;583;302;281
2019;Cajazeiras;2503704;COLEGIO NOSSA SRA DO CARMO LTDA;4;666;68;13;55;439;200;239
2019;Cajazeiras;2503704;COLEGIO ALTERNATIVO MASTER;4;177;50;25;25;127;81;46
2019;Cajazeiras;2503704;EEIFM ARCO IRIS;4;166;31;14;17;135;59;76
2019;Cajazeiras;2503704;EEEFM PROF MANOEL MANGUEIRA LIMA;2;1394;0;0;0;243;0;243
2019;Cajazeiras;2503704;EEEFM PROFº CRISPIM COELHO;2;123;0;0;0;47;0;47
2019;Cajazeiras;2503704;EEEFM DOM MOISES COELHO;2;964;0;0;0;725;0;725
2019;Cajazeiras;2503704;EEEF DESEMBARGADOR BOTO DE MENEZES;2;299;0;0;0;283;283;0
2019;Cajazeiras;2503704;EEEIEF JANDUY CARNEIRO;2;0;0;0;0;0;0;0
2019;Cajazeiras;2503704;EEEF CEL JOAQUIM MATOS;2;153;0;0;0;153;153;0
2019;Cajazeiras;2503704;ECIT CRISTIANO CARTAXO;2;289;0;0;0;0;0;0
2019;Cajazeiras;2503704;EEEF JOAQUIM VICTOR JUREMA;2;137;0;0;0;137;137;0
2019;Cajazeiras;2503704;EEEF MONSENHOR JOAO MILANES;2;265;0;0;0;236;0;236
2019;Cajazeiras;2503704;EEEF SINHAZINHA RAMALHO;2;129;0;0;0;129;129;0
2019;Cajazeiras;2503704;EEEFM MONS CONSTANTINO VIEIRA;2;956;0;0;0;0;0;0
2019;Cajazeiras;2503704;EEEF DE FAZENDA SAO JOSE;2;0;0;0;0;0;0;0
2019;Cajazeiras;2503704;EEEIF JOSE MANOEL DE ABREU;2;0;0;0;0;0;0;0
2019;Cajazeiras;2503704;EMEIEF ANTONIO DE SOUSA DIAS;3;557;69;0;69;383;186;197
2019;Cajazeiras;2503704;EMEIEF GABRIEL LUCINDO PEREIRA;3;41;6;2;4;15;15;0
2019;Cajazeiras;2503704;EMEIEF FRANCISCO ARCANJO DE ALBUQUERQUE;3;14;3;0;3;11;11;0
2019;Cajazeiras;2503704;EMEIEF TRAJANO BORGES;3;0;0;0;0;0;0;0
2019;Cajazeiras;2503704;EMEIEF AUGUSTO BERNARDINO DE SOUZA;3;162;16;0;16;146;75;71
2019;Cajazeiras;2503704;EMEIEF CAROLINO DE SOUSA NETO;3;319;31;0;31;247;133;114
2019;Cajazeiras;2503704;EMEIEF CECILIA ESTOLANO MEIRELES;3;696;56;0;56;452;266;186
2019;Cajazeiras;2503704;EMEIEF COSTA E SILVA;3;622;53;0;53;422;157;265
2019;Cajazeiras;2503704;EMEIEF JOSE DANIEL DE SOUSA;3;0;0;0;0;0;0;0
2019;Cajazeiras;2503704;EMEIEF JOAO FRANCISCO DE SOUZA;3;16;3;0;3;13;13;0
2019;Cajazeiras;2503704;EMEIEF JOSE COSMO DE ABREU;3;40;7;2;5;7;7;0
2019;Cajazeiras;2503704;EMEIEF JOSE LEITE ROLIM;3;203;43;0;43;160;160;0
2019;Cajazeiras;2503704;EMEIEF JOSE MARTINS DE OLIVEIRA;3;252;37;8;29;173;111;62
2019;Cajazeiras;2503704;EMEIEF LUIZ CARTAXO ROLIM;3;431;117;0;117;263;127;136
2019;Cajazeiras;2503704;EMEIEF MANOEL GONCALVES DA SILVA;3;200;12;0;12;153;85;68
2019;Cajazeiras;2503704;EMEIEF MATIAS DUARTE ROLIM;3;273;42;0;42;231;145;86
2019;Cajazeiras;2503704;EMEIEF CRISPIM COELHO;3;371;38;0;38;192;192;0
2019;Cajazeiras;2503704;EMEIEF VITAL ALVES DE FREITAS;3;20;2;0;2;18;18;0
2019;Cajazeiras;2503704;EMEIEF MARIA GUIMARAES COELHO;3;113;30;11;19;83;83;0
2019;Cajazeiras;2503704;ESCOLA MUNDO INFANTIL;4;196;70;15;55;126;126;0
2019;Cajazeiras;2503704;ESCOLA VITORIA-REGIA;4;503;113;35;78;390;194;196
2019;Cajazeiras;2503704;ESC PROFISSIONAL MONTE CARMELO;2;349;0;0;0;349;349;0
2019;Cajazeiras;2503704;IFPB - CAMPUS CAJAZEIRAS;1;704;0;0;0;0;0;0
2019;Cajazeiras;2503704;EMEIEF VITORIA BEZERRA;3;330;0;0;0;330;166;164
2019;Cajazeiras;2503704;EMEIEF GALDINO PIRES FERREIRA;3;134;46;6;40;88;11;77
2019;Cajazeiras;2503704;UFCG - ESCOLA TECNICA DE SAUDE DE CAJAZEIRAS;1;389;0;0;0;0;0;0
2019;Cajazeiras;2503704;CEJA - CENTRO DE EDUCACAO DE JOVENS ADULTOS MONS VICENTE FREITAS;2;0;0;0;0;0;0;0
2019;Cajazeiras;2503704;EEEF ANTONIO DIAS DA SILVA;2;0;0;0;0;0;0;0
2019;Cajazeiras;2503704;EMEIEF JOSE ANTONIO DO NASCIMENTO;3;53;10;2;8;10;10;0
2019;Cajazeiras;2503704;EMEIEF JOSE ANTONIO DIAS;3;301;0;0;0;256;151;105
2019;Cajazeiras;2503704;EMEIEF ANTONIO TABOSA RODRIGUES - CAIC;3;547;267;200;67;280;146;134
2019;Cajazeiras;2503704;CENTRO EDUCACIONAL JOSUE ROBERTO;4;10;10;0;10;0;0;0
2019;Cajazeiras;2503704;EEIF SAGRADO CORACAO DE JESUS;4;34;34;0;34;0;0;0
2019;Cajazeiras;2503704;CRECHE FRANCISCA LEANDRO DE SOUSA;3;70;70;35;35;0;0;0
2019;Cajazeiras;2503704;ESCOLA CHAPEUZINHO VERMELHO;4;129;64;25;39;65;65;0
2019;Cajazeiras;2503704;EMEIEF IRMA NIRVANDA LEITE ROLIM;3;151;27;1;26;79;79;0
2019;Cajazeiras;2503704;ESCOLA MENINO MALUQUINHO;4;60;41;0;41;19;19;0
2019;Cajazeiras;2503704;ESCOLA SORRISO INFANTIL;4;293;126;0;126;167;167;0
2019;Cajazeiras;2503704;DEFINICAO COLEGIO E CURSO;4;248;49;18;31;147;73;74
2019;Cajazeiras;2503704;CENTRO EDUCACIONAL IMACULADA CONCEICAO;4;73;35;0;35;38;38;0
2019;Cajazeiras;2503704;EEIF NOVO SECULO;4;53;38;0;38;15;15;0
2019;Cajazeiras;2503704;ASSOCIACAO DAS ANTIGAS ALUNAS DOROTEIAS;4;70;70;70;0;0;0;0
2019;Cajazeiras;2503704;CRECHE NOSSA SENHORA DA PIEDADE;3;111;111;111;0;0;0;0
2019;Cajazeiras;2503704;INSTITUTO EDUCACIONAL NOSSA SENHORA DE FATIMA;4;94;54;13;41;40;40;0
2019;Cajazeiras;2503704;SESC LER CAJAZEIRAS;4;56;0;0;0;0;0;0
2019;Cajazeiras;2503704;CRECHE SAO JOSE;3;0;0;0;0;0;0;0
2019;Cajazeiras;2503704;CRECHE SANTA TEREZINHA DO MENINO JESUS;3;106;106;106;0;0;0;0
2019;Cajazeiras;2503704;EDUCANDARIO PASSOS FIRMES;4;53;33;6;27;20;20;0
2019;Cajazeiras;2503704;ECIT NICEIA CLAUDINO PINHEIRO;2;430;0;0;0;0;0;0
2019;Cajazeiras;2503704;EEEFM ARIANO VILAR SUASSUNA;2;138;0;0;0;0;0;0
2019;Cajazeiras;2503704;COLEGIO E CURSO MULTIPLA ESCOLHA;4;154;67;23;44;87;53;34
2019;Cajazeiras;2503704;EEIF FENIX;4;38;24;0;24;14;14;0
2019;Cajazeiras;2503704;EDUCANDARIO SONHO MEU;4;39;23;2;21;16;16;0
2019;Cajazeiras;2503704;MASTERS GOLD COLEGIO E CURSO;4;517;56;30;26;111;45;66
2020;Cajazeiras;2503704;COLEGIO NOSSA SRª DE LOURDES;4;1138;179;86;93;605;306;299
2020;Cajazeiras;2503704;COLEGIO NOSSA SRA DO CARMO LTDA;4;550;62;8;54;388;183;205
2020;Cajazeiras;2503704;COLEGIO ALTERNATIVO MASTER;4;145;40;8;32;105;65;40
2020;Cajazeiras;2503704;EEIFM ARCO IRIS;4;150;29;5;24;121;52;69
2020;Cajazeiras;2503704;EEEFM PROF MANOEL MANGUEIRA LIMA;2;1007;0;0;0;128;0;128
2020;Cajazeiras;2503704;ECI PROFESSOR CRISPIM COELHO;2;253;0;0;0;112;0;112
2020;Cajazeiras;2503704;EEEF DOM MOISES COELHO;2;1026;0;0;0;653;0;653
2020;Cajazeiras;2503704;EEEFM DESEMBARGADOR BOTO DE MENEZES;2;292;0;0;0;270;270;0
2020;Cajazeiras;2503704;EEEF CEL JOAQUIM MATOS;2;114;0;0;0;114;114;0
2020;Cajazeiras;2503704;ECIT CRISTIANO CARTAXO;2;213;0;0;0;0;0;0
2020;Cajazeiras;2503704;EEEF JOAQUIM VICTOR JUREMA;2;104;0;0;0;104;81;23
2020;Cajazeiras;2503704;EEEF MONSENHOR JOAO MILANES;2;229;0;0;0;229;0;229
2020;Cajazeiras;2503704;EEEF SINHAZINHA RAMALHO;2;0;0;0;0;0;0;0
2020;Cajazeiras;2503704;EEEFM MONS CONSTANTINO VIEIRA;2;887;0;0;0;0;0;0
2020;Cajazeiras;2503704;EMEIEF ANTONIO DE SOUSA DIAS;3;595;67;14;53;394;206;188
2020;Cajazeiras;2503704;EMEIEF GABRIEL LUCINDO PEREIRA;3;39;6;1;5;13;13;0
2020;Cajazeiras;2503704;EMEIEF FRANCISCO ARCANJO DE ALBUQUERQUE;3;15;5;1;4;10;10;0
2020;Cajazeiras;2503704;EMEIEF AUGUSTO BERNARDINO DE SOUZA;3;167;22;0;22;145;72;73
2020;Cajazeiras;2503704;EMEIEF CAROLINO DE SOUSA NETO;3;294;30;3;27;230;122;108
2020;Cajazeiras;2503704;EMEIEF CECILIA ESTOLANO MEIRELES;3;768;72;0;72;539;297;242
2020;Cajazeiras;2503704;EMEIEF COSTA E SILVA;3;653;64;0;64;414;163;251
2020;Cajazeiras;2503704;EMEIEF JOAO FRANCISCO DE SOUZA;3;19;9;4;5;10;10;0
2020;Cajazeiras;2503704;EMEIEF JOSE COSMO DE ABREU;3;34;2;0;2;12;12;0
2020;Cajazeiras;2503704;EMEIEF JOSE LEITE ROLIM;3;195;59;15;44;136;136;0
2020;Cajazeiras;2503704;EMEIEF JOSE MARTINS DE OLIVEIRA;3;221;38;8;30;162;99;63
2020;Cajazeiras;2503704;EMEIEF LUIZ CARTAXO ROLIM;3;487;128;23;105;319;174;145
2020;Cajazeiras;2503704;EMEIEF MANOEL GONCALVES DA SILVA;3;197;12;1;11;159;89;70
2020;Cajazeiras;2503704;EMEIEF MATIAS DUARTE ROLIM;3;288;44;0;44;244;149;95
2020;Cajazeiras;2503704;EMEIEF CRISPIM COELHO;3;376;46;0;46;187;187;0
2020;Cajazeiras;2503704;EMEIEF VITAL ALVES DE FREITAS;3;23;5;3;2;18;18;0
2020;Cajazeiras;2503704;EMEIEF MARIA GUIMARAES COELHO;3;110;38;15;23;72;72;0
2020;Cajazeiras;2503704;ESCOLA MUNDO INFANTIL;4;179;56;12;44;123;123;0
2020;Cajazeiras;2503704;ESCOLA VITORIA-REGIA;4;477;113;49;64;364;195;169
2020;Cajazeiras;2503704;ESC PROFISSIONAL MONTE CARMELO;2;360;0;0;0;360;360;0
2020;Cajazeiras;2503704;IFPB - CAMPUS CAJAZEIRAS;1;712;0;0;0;0;0;0
2020;Cajazeiras;2503704;EMEIEF VITORIA BEZERRA;3;378;0;0;0;348;163;185
2020;Cajazeiras;2503704;EMEIEF GALDINO PIRES FERREIRA;3;171;51;8;43;120;28;92
2020;Cajazeiras;2503704;UFCG - ESCOLA TECNICA DE SAUDE DE CAJAZEIRAS;1;388;0;0;0;0;0;0
2020;Cajazeiras;2503704;EMEIEF JOSE ANTONIO DO NASCIMENTO;3;36;9;1;8;6;6;0
2020;Cajazeiras;2503704;EMEIEF JOSE ANTONIO DIAS;3;292;0;0;0;254;134;120
2020;Cajazeiras;2503704;EMEIEF ANTONIO TABOSA RODRIGUES - CAIC;3;773;328;222;106;424;277;147
2020;Cajazeiras;2503704;CENTRO EDUCACIONAL JOSUE ROBERTO;4;0;0;0;0;0;0;0
2020;Cajazeiras;2503704;EEIF SAGRADO CORACAO DE JESUS;4;36;36;0;36;0;0;0
2020;Cajazeiras;2503704;CRECHE FRANCISCA LEANDRO DE SOUSA;3;71;71;43;28;0;0;0
2020;Cajazeiras;2503704;ESCOLA CHAPEUZINHO VERMELHO;4;71;21;0;21;50;50;0
2020;Cajazeiras;2503704;EMEIEF IRMA NIRVANDA LEITE ROLIM;3;149;30;4;26;81;81;0
2020;Cajazeiras;2503704;ESCOLA MENINO MALUQUINHO;4;66;51;0;51;15;15;0
2020;Cajazeiras;2503704;ESCOLA SORRISO INFANTIL;4;195;70;0;70;125;125;0
2020;Cajazeiras;2503704;DEFINICAO COLEGIO E CURSO;4;193;31;12;19;124;60;64
2020;Cajazeiras;2503704;CENTRO EDUCACIONAL IMACULADA CONCEICAO;4;79;29;0;29;50;50;0
2020;Cajazeiras;2503704;EEIF NOVO SECULO;4;29;17;0;17;12;12;0
2020;Cajazeiras;2503704;ASSOCIACAO DAS ANTIGAS ALUNAS DOROTEIAS;4;93;93;93;0;0;0;0
2020;Cajazeiras;2503704;CRECHE NOSSA SENHORA DA PIEDADE;3;96;96;96;0;0;0;0
2020;Cajazeiras;2503704;INSTITUTO EDUCACIONAL NOSSA SENHORA DE FATIMA;4;93;54;2;52;39;39;0
2020;Cajazeiras;2503704;SESC LER CAJAZEIRAS;4;26;0;0;0;0;0;0
2020;Cajazeiras;2503704;CRECHE SAO JOSE;3;0;0;0;0;0;0;0
2020;Cajazeiras;2503704;CRECHE SANTA TEREZINHA DO MENINO JESUS;3;114;114;114;0;0;0;0
2020;Cajazeiras;2503704;EDUCANDARIO PASSOS FIRMES;4;73;51;20;31;22;22;0
2020;Cajazeiras;2503704;ECIT NICEA CLAUDINO PINHEIRO;2;449;0;0;0;0;0;0
2020;Cajazeiras;2503704;EEEFM ARIANO VILAR SUASSUNA;2;230;0;0;0;0;0;0
2020;Cajazeiras;2503704;COLEGIO E CURSO MULTIPLA ESCOLHA;4;147;55;16;39;92;56;36
2020;Cajazeiras;2503704;EEIF FENIX;4;37;17;10;7;20;20;0
2020;Cajazeiras;2503704;EDUCANDARIO SONHO MEU;4;22;15;6;9;7;7;0
2020;Cajazeiras;2503704;MASTERS GOLD COLEGIO E CURSO;4;408;41;17;24;115;50;65
2021;Cajazeiras;2503704;COLEGIO DIOCESANO PADRE ROLIM;4;53;0;0;0;31;0;31
2021;Cajazeiras;2503704;COLEGIO NOSSA SRª DE LOURDES;4;1003;128;61;67;563;286;277
2021;Cajazeiras;2503704;COLEGIO NOSSA SRA DO CARMO LTDA;4;427;30;5;25;336;140;196
2021;Cajazeiras;2503704;COLEGIO ALTERNATIVO MASTER;4;120;11;0;11;109;53;56
2021;Cajazeiras;2503704;EEIFM ARCO IRIS;4;121;9;0;9;112;47;65
2021;Cajazeiras;2503704;EEEFM PROF MANOEL MANGUEIRA LIMA;2;936;0;0;0;95;0;95
2021;Cajazeiras;2503704;ECI PROFESSOR CRISPIM COELHO;2;319;0;0;0;100;0;100
2021;Cajazeiras;2503704;EEEF DOM MOISES COELHO;2;1001;0;0;0;581;0;581
2021;Cajazeiras;2503704;EEEFM DESEMBARGADOR BOTO DE MENEZES;2;270;0;0;0;251;251;0
2021;Cajazeiras;2503704;EEEF CEL JOAQUIM MATOS;2;132;0;0;0;132;132;0
2021;Cajazeiras;2503704;ECIT CRISTIANO CARTAXO;2;262;0;0;0;0;0;0
2021;Cajazeiras;2503704;EEEF JOAQUIM VICTOR JUREMA;2;111;0;0;0;111;56;55
2021;Cajazeiras;2503704;EEEF MONSENHOR JOAO MILANES;2;227;0;0;0;227;0;227
2021;Cajazeiras;2503704;EEEF SINHAZINHA RAMALHO;2;0;0;0;0;0;0;0
2021;Cajazeiras;2503704;EEEFM MONS CONSTANTINO VIEIRA;2;862;0;0;0;0;0;0
2021;Cajazeiras;2503704;EMEIEF ANTONIO DE SOUSA DIAS;3;555;74;18;56;406;205;201
2021;Cajazeiras;2503704;EMEIEF GABRIEL LUCINDO PEREIRA;3;16;3;1;2;13;13;0
2021;Cajazeiras;2503704;EMEIEF FRANCISCO ARCANJO DE ALBUQUERQUE;3;18;7;1;6;11;11;0
2021;Cajazeiras;2503704;EMEIEF AUGUSTO BERNARDINO DE SOUZA;3;178;32;0;32;146;74;72
2021;Cajazeiras;2503704;EMEIEF CAROLINO DE SOUSA NETO;3;295;26;2;24;248;113;135
2021;Cajazeiras;2503704;EMEIEF CECILIA ESTOLANO MEIRELES;3;833;82;0;82;616;341;275
2021;Cajazeiras;2503704;EMEIEF COSTA E SILVA;3;723;91;7;84;469;168;301
2021;Cajazeiras;2503704;EMEIEF JOAO FRANCISCO DE SOUZA;3;20;10;2;8;10;10;0
2021;Cajazeiras;2503704;EMEIEF JOSE COSMO DE ABREU;3;30;0;0;0;7;7;0
2021;Cajazeiras;2503704;EMEIEF JOSE LEITE ROLIM;3;201;67;5;62;134;134;0
2021;Cajazeiras;2503704;EMEIEF JOSE MARTINS DE OLIVEIRA;3;273;45;4;41;174;99;75
2021;Cajazeiras;2503704;EMEIEF LUIZ CARTAXO ROLIM;3;552;138;0;138;386;194;192
2021;Cajazeiras;2503704;EMEIEF MANOEL GONCALVES DA SILVA;3;211;34;10;24;146;68;78
2021;Cajazeiras;2503704;EMEIEF MATIAS DUARTE ROLIM;3;330;60;0;60;270;159;111
2021;Cajazeiras;2503704;EMEIEF CRISPIM COELHO;3;414;68;0;68;211;211;0
2021;Cajazeiras;2503704;EMEIEF VITAL ALVES DE FREITAS;3;19;7;0;7;12;12;0
2021;Cajazeiras;2503704;EMEIEF MARIA GUIMARAES COELHO;3;121;55;13;42;66;66;0
2021;Cajazeiras;2503704;ESCOLA MUNDO INFANTIL;4;99;13;0;13;86;86;0
2021;Cajazeiras;2503704;ESCOLA VITORIA-REGIA;4;312;25;5;20;287;152;135
2021;Cajazeiras;2503704;ESC PROFISSIONAL MONTE CARMELO;2;350;0;0;0;350;350;0
2021;Cajazeiras;2503704;IFPB - CAMPUS CAJAZEIRAS;1;707;0;0;0;0;0;0
2021;Cajazeiras;2503704;EMEIEF VITORIA BEZERRA;3;399;0;0;0;372;141;231
2021;Cajazeiras;2503704;EMEIEF GALDINO PIRES FERREIRA;3;172;41;0;41;131;26;105
2021;Cajazeiras;2503704;UFCG - ESCOLA TECNICA DE SAUDE DE CAJAZEIRAS;1;354;0;0;0;0;0;0
2021;Cajazeiras;2503704;EMEIEF JOSE ANTONIO DO NASCIMENTO;3;34;8;4;4;10;10;0
2021;Cajazeiras;2503704;EMEIEF JOSE ANTONIO DIAS;3;306;0;0;0;257;126;131
2021;Cajazeiras;2503704;EMEIEF ANTONIO TABOSA RODRIGUES - CAIC;3;875;375;233;142;473;285;188
2021;Cajazeiras;2503704;EEIF SAGRADO CORACAO DE JESUS;4;0;0;0;0;0;0;0
2021;Cajazeiras;2503704;CRECHE FRANCISCA LEANDRO DE SOUSA;3;78;78;39;39;0;0;0
2021;Cajazeiras;2503704;ESCOLA CHAPEUZINHO VERMELHO;4;91;33;0;33;58;58;0
2021;Cajazeiras;2503704;EMEIEF IRMA NIRVANDA LEITE ROLIM;3;169;37;4;33;82;82;0
2021;Cajazeiras;2503704;ESCOLA MENINO MALUQUINHO;4;47;24;0;24;23;23;0
2021;Cajazeiras;2503704;ESCOLA SORRISO INFANTIL;4;61;20;0;20;41;41;0
2021;Cajazeiras;2503704;DEFINICAO COLEGIO E CURSO;4;109;5;0;5;81;35;46
2021;Cajazeiras;2503704;CENTRO EDUCACIONAL IMACULADA CONCEICAO;4;33;7;0;7;26;26;0
2021;Cajazeiras;2503704;EEIF NOVO SECULO;4;0;0;0;0;0;0;0
2021;Cajazeiras;2503704;ASSOCIACAO DAS ANTIGAS ALUNAS DOROTEIAS;4;117;117;117;0;0;0;0
2021;Cajazeiras;2503704;CRECHE NOSSA SENHORA DA PIEDADE;3;111;111;111;0;0;0;0
2021;Cajazeiras;2503704;INSTITUTO EDUCACIONAL NOSSA SENHORA DE FATIMA;4;43;21;7;14;22;22;0
2021;Cajazeiras;2503704;SESC LER CAJAZEIRAS;4;35;0;0;0;0;0;0
2021;Cajazeiras;2503704;CRECHE SAO JOSE;3;0;0;0;0;0;0;0
2021;Cajazeiras;2503704;CRECHE SANTA TEREZINHA DO MENINO JESUS;3;115;115;115;0;0;0;0
2021;Cajazeiras;2503704;EDUCANDARIO PASSOS FIRMES;4;36;20;8;12;16;16;0
2021;Cajazeiras;2503704;ECIT PROFESSORA NICEA CLAUDINO PINHEIRO;2;436;0;0;0;0;0;0
2021;Cajazeiras;2503704;EEEFM ARIANO VILAR SUASSUNA;2;265;0;0;0;0;0;0
2021;Cajazeiras;2503704;COLEGIO E CURSO MULTIPLA ESCOLHA;4;87;10;0;10;77;43;34
2021;Cajazeiras;2503704;EEIF FENIX;4;0;0;0;0;0;0;0
2021;Cajazeiras;2503704;EDUCANDARIO SONHO MEU;4;11;5;2;3;6;6;0
2021;Cajazeiras;2503704;MASTERS GOLD COLEGIO E CURSO;4;433;11;3;8;128;56;72
2022;Cajazeiras;2503704;CENTRO EDUC DOM ZACARIAS - COLEGIO E CURSO;4;;;;;;;
2022;Cajazeiras;2503704;COLEGIO DIOCESANO PADRE ROLIM;4;127;0;0;0;79;29;50
2022;Cajazeiras;2503704;COLEGIO NOSSA SRª DE LOURDES;4;1052;196;110;86;557;283;274
2022;Cajazeiras;2503704;COLEGIO NOSSA SRA DO CARMO LTDA;4;489;48;10;38;357;153;204
2022;Cajazeiras;2503704;COLEGIO ALTERNATIVO MASTER;4;127;27;5;22;100;53;47
2022;Cajazeiras;2503704;EEIFM ARCO IRIS;4;137;28;15;13;109;56;53
2022;Cajazeiras;2503704;EEEFM PROF MANOEL MANGUEIRA LIMA;2;525;0;0;0;68;0;68
2022;Cajazeiras;2503704;ECI PROFESSOR CRISPIM COELHO;2;430;0;0;0;157;0;157
2022;Cajazeiras;2503704;EEEF DOM MOISES COELHO;2;886;0;0;0;410;0;410
2022;Cajazeiras;2503704;EEEFM DESEMBARGADOR BOTO DE MENEZES;2;203;0;0;0;185;185;0
2022;Cajazeiras;2503704;EEEF CEL JOAQUIM MATOS;2;105;0;0;0;105;105;0
2022;Cajazeiras;2503704;ECIT CRISTIANO CARTAXO;2;270;0;0;0;0;0;0
2022;Cajazeiras;2503704;EEEF JOAQUIM VICTOR JUREMA;2;147;0;0;0;147;21;126
2022;Cajazeiras;2503704;EEEF MONSENHOR JOAO MILANES;2;246;0;0;0;246;0;246
2022;Cajazeiras;2503704;EEEF SINHAZINHA RAMALHO;2;;;;;;;
2022;Cajazeiras;2503704;EEEFM MONS CONSTANTINO VIEIRA;2;815;0;0;0;0;0;0
2022;Cajazeiras;2503704;EMEIEF ANTONIO DE SOUSA DIAS;3;540;78;27;51;396;206;190
2022;Cajazeiras;2503704;EMEIEF GABRIEL LUCINDO PEREIRA;3;36;6;3;3;11;11;0
2022;Cajazeiras;2503704;EMEIEF FRANCISCO ARCANJO DE ALBUQUERQUE;3;11;2;0;2;9;9;0
2022;Cajazeiras;2503704;EMEIEF AUGUSTO BERNARDINO DE SOUZA;3;200;29;8;21;134;70;64
2022;Cajazeiras;2503704;EMEIEF CAROLINO DE SOUSA NETO;3;300;33;0;33;238;100;138
2022;Cajazeiras;2503704;EMEIEF CECILIA ESTOLANO MEIRELES;3;891;89;0;89;673;362;311
2022;Cajazeiras;2503704;EMEIEF COSTA E SILVA;3;745;73;0;73;515;182;333
2022;Cajazeiras;2503704;EMEIEF JOAO FRANCISCO DE SOUZA;3;15;8;0;8;7;7;0
2022;Cajazeiras;2503704;EMEIEF JOSE COSMO DE ABREU;3;28;7;5;2;4;4;0
2022;Cajazeiras;2503704;EMEIEF JOSE LEITE ROLIM;3;187;72;17;55;115;115;0
2022;Cajazeiras;2503704;EMEIEF JOSE MARTINS DE OLIVEIRA;3;263;40;5;35;167;85;82
2022;Cajazeiras;2503704;EMEIEF LUIZ CARTAXO ROLIM;3;606;138;0;138;437;233;204
2022;Cajazeiras;2503704;EMEIEF MANOEL GONCALVES DA SILVA;3;239;22;0;22;149;71;78
2022;Cajazeiras;2503704;EMEIEF MATIAS DUARTE ROLIM;3;324;51;9;42;273;165;108
2022;Cajazeiras;2503704;EMEIEF CRISPIM COELHO;3;421;70;0;70;181;181;0
2022;Cajazeiras;2503704;EMEIEF VITAL ALVES DE FREITAS;3;10;1;0;1;9;9;0
2022;Cajazeiras;2503704;EMEIEF MARIA GUIMARAES COELHO;3;156;63;18;45;93;65;28
2022;Cajazeiras;2503704;ESCOLA MUNDO INFANTIL;4;137;46;16;30;91;91;0
2022;Cajazeiras;2503704;ESCOLA VITORIA-REGIA;4;385;108;47;61;277;149;128
2022;Cajazeiras;2503704;ESC PROFISSIONAL MONTE CARMELO;2;283;0;0;0;283;283;0
2022;Cajazeiras;2503704;IFPB - CAMPUS CAJAZEIRAS;1;658;0;0;0;0;0;0
2022;Cajazeiras;2503704;EMEIEF VITORIA BEZERRA;3;402;0;0;0;373;132;241
2022;Cajazeiras;2503704;EMEIEF GALDINO PIRES FERREIRA;3;208;52;11;41;156;50;106
2022;Cajazeiras;2503704;UFCG - ESCOLA TECNICA DE SAUDE DE CAJAZEIRAS;1;386;0;0;0;0;0;0
2022;Cajazeiras;2503704;EMEIEF JOSE ANTONIO DO NASCIMENTO;3;27;17;1;16;10;10;0
2022;Cajazeiras;2503704;EMEIEF JOSE ANTONIO DIAS;3;307;0;0;0;252;112;140
2022;Cajazeiras;2503704;EMEIEF ANTONIO TABOSA RODRIGUES - CAIC;3;876;361;219;142;515;317;198
2022;Cajazeiras;2503704;EEIF SAGRADO CORACAO DE JESUS;4;;;;;;;
2022;Cajazeiras;2503704;DECISIVO COLEGIO E CURSO;4;;;;;;;
2022;Cajazeiras;2503704;CRECHE FRANCISCA LEANDRO DE SOUSA;3;85;85;39;46;0;0;0
2022;Cajazeiras;2503704;ESC DE ENS FUND NOVA GERACAO;4;;;;;;;
2022;Cajazeiras;2503704;ESCOLA CHAPEUZINHO VERMELHO;4;109;53;12;41;56;56;0
2022;Cajazeiras;2503704;EMEIEF IRMA NIRVANDA LEITE ROLIM;3;187;56;22;34;80;80;0
2022;Cajazeiras;2503704;ESCOLA MENINO MALUQUINHO;4;63;34;0;34;29;29;0
2022;Cajazeiras;2503704;ESCOLA SORRISO INFANTIL;4;140;51;25;26;89;89;0
2022;Cajazeiras;2503704;DEFINICAO COLEGIO E CURSO;4;116;25;12;13;73;28;45
2022;Cajazeiras;2503704;CENTRO EDUCACIONAL IMACULADA CONCEICAO;4;29;5;0;5;24;24;0
2022;Cajazeiras;2503704;EEIF NOVO SECULO;4;;;;;;;
2022;Cajazeiras;2503704;ESCOLA DE EDUC ESPECIAL ANGELINA TAVARES DE MELO;4;;;;;;;
2022;Cajazeiras;2503704;ASSOCIACAO DAS ANTIGAS ALUNAS DOROTEIAS;4;;;;;;;
2022;Cajazeiras;2503704;CRECHE NOSSA SENHORA DA PIEDADE;3;110;110;110;0;0;0;0
2022;Cajazeiras;2503704;INSTITUTO EDUCACIONAL NOSSA SENHORA DE FATIMA;4;56;27;8;19;29;29;0
2022;Cajazeiras;2503704;EEIF ESTRELA CADENTE;4;;;;;;;
2022;Cajazeiras;2503704;SESC LER CAJAZEIRAS;4;40;0;0;0;0;0;0
2022;Cajazeiras;2503704;CRECHE SAO JOSE;3;101;101;101;0;0;0;0
2022;Cajazeiras;2503704;CRECHE SANTA TEREZINHA DO MENINO JESUS;3;119;119;119;0;0;0;0
2022;Cajazeiras;2503704;EDUCANDARIO PASSOS FIRMES;4;36;21;7;14;15;15;0
2022;Cajazeiras;2503704;ECIT PROFESSORA NICEA CLAUDINO PINHEIRO;2;438;0;0;0;0;0;0
2022;Cajazeiras;2503704;EEEFM ARIANO VILAR SUASSUNA;2;263;0;0;0;0;0;0
2022;Cajazeiras;2503704;COLEGIO E CURSO MULTIPLA ESCOLHA;4;110;25;4;21;85;52;33
2022;Cajazeiras;2503704;ESCOLA BRINCANDO E APRENDENDO;4;294;212;118;94;82;82;0
2022;Cajazeiras;2503704;CRECHE NOSSA SENHORA DOS REMEDIOS;3;192;192;192;0;0;0;0
2022;Cajazeiras;2503704;EEIF FENIX;4;;;;;;;
2022;Cajazeiras;2503704;CENTRO DE ENSINO IRMAS MONTEIRO;4;;;;;;;
2022;Cajazeiras;2503704;EDUCANDARIO SONHO MEU;4;17;10;0;10;7;7;0
2022;Cajazeiras;2503704;MASTERS GOLD COLEGIO E CURSO;4;587;63;36;27;151;76;75
