NUMERO;DATA;ORGAO;DESPESA;DATA INCLUSAO;VALOR;LIQUIDADO;PAGO;SALDO
476;26/12/2022;01010 - Câmara Municipal;339039 - Outros Serviços de Terceiros - Pessoa Jurídica;09/01/2023;950;950;950;0
475;26/12/2022;01010 - Câmara Municipal;339039 - Outros Serviços de Terceiros - Pessoa Jurídica;09/01/2023;2.500,00;2.500,00;2.500,00;0
474;26/12/2022;01010 - Câmara Municipal;339039 - Outros Serviços de Terceiros - Pessoa Jurídica;09/01/2023;2.000,00;2.000,00;2.000,00;0
473;26/12/2022;01010 - Câmara Municipal;339039 - Outros Serviços de Terceiros - Pessoa Jurídica;09/01/2023;1.200,00;1.200,00;1.200,00;0
472;21/12/2022;01010 - Câmara Municipal;339039 - Outros Serviços de Terceiros - Pessoa Jurídica;29/12/2022;178,44;178,44;178,44;0
471;21/12/2022;01010 - Câmara Municipal;339039 - Outros Serviços de Terceiros - Pessoa Jurídica;29/12/2022;1.815,74;1.815,74;1.815,74;0
470;21/12/2022;01010 - Câmara Municipal;339039 - Outros Serviços de Terceiros - Pessoa Jurídica;29/12/2022;2.500,00;2.500,00;2.500,00;0
469;20/12/2022;01010 - Câmara Municipal;319013 - Obrigações Patronais;26/12/2022;55.546,75;55.546,75;55.546,75;0
468;20/12/2022;01010 - Câmara Municipal;339039 - Outros Serviços de Terceiros - Pessoa Jurídica;26/12/2022;4.000,00;4.000,00;4.000,00;0
467;20/12/2022;01010 - Câmara Municipal;339035 - Serviços de Consultoria;26/12/2022;3.700,00;3.700,00;3.700,00;0
466;20/12/2022;01010 - Câmara Municipal;339039 - Outros Serviços de Terceiros - Pessoa Jurídica;26/12/2022;1.500,00;1.500,00;1.500,00;0
465;20/12/2022;01010 - Câmara Municipal;319113 - Contribuições Patronais;26/12/2022;7.963,25;7.963,25;7.963,25;0
464;20/12/2022;01010 - Câmara Municipal;319113 - Contribuições Patronais;26/12/2022;8.644,56;8.644,56;8.644,56;0
463;20/12/2022;01010 - Câmara Municipal;319013 - Obrigações Patronais;26/12/2022;54.025,57;54.025,57;54.025,57;0
462;20/12/2022;01010 - Câmara Municipal;339039 - Outros Serviços de Terceiros - Pessoa Jurídica;26/12/2022;4.200,00;0;0;0
461;20/12/2022;01010 - Câmara Municipal;339039 - Outros Serviços de Terceiros - Pessoa Jurídica;26/12/2022;7.000,00;7.000,00;7.000,00;0
460;19/12/2022;01010 - Câmara Municipal;319011 - Vencimentos e Vantagens Fixas - Pessoal Civil;20/12/2022;31.800,00;31.800,00;31.800,00;0
459;19/12/2022;01010 - Câmara Municipal;319011 - Vencimentos e Vantagens Fixas - Pessoal Civil;19/12/2022;54.540,00;54.540,00;54.540,00;0
458;19/12/2022;01010 - Câmara Municipal;319011 - Vencimentos e Vantagens Fixas - Pessoal Civil;19/12/2022;23.203,63;23.203,63;23.203,63;0
457;19/12/2022;01010 - Câmara Municipal;319011 - Vencimentos e Vantagens Fixas - Pessoal Civil;19/12/2022;24.094,56;24.094,56;24.094,56;0
456;19/12/2022;01010 - Câmara Municipal;319011 - Vencimentos e Vantagens Fixas - Pessoal Civil;19/12/2022;154.920,00;154.920,00;154.920,00;0
455;02/12/2022;01010 - Câmara Municipal;339039 - Outros Serviços de Terceiros - Pessoa Jurídica;06/12/2022;1.166,00;1.166,00;1.166,00;0
454;01/12/2022;01010 - Câmara Municipal;339030 - Material de Consumo;05/12/2022;3.013,60;3.013,60;3.013,60;0
453;01/12/2022;01010 - Câmara Municipal;339039 - Outros Serviços de Terceiros - Pessoa Jurídica;05/12/2022;1.400,00;1.400,00;1.400,00;0
452;01/12/2022;01010 - Câmara Municipal;339030 - Material de Consumo;05/12/2022;3.056,50;3.056,50;3.056,50;0
451;01/12/2022;01010 - Câmara Municipal;339030 - Material de Consumo;05/12/2022;2.931,97;2.931,97;2.931,97;0
450;01/12/2022;01010 - Câmara Municipal;339030 - Material de Consumo;05/12/2022;1.010,00;1.010,00;1.010,00;0
449;01/12/2022;01010 - Câmara Municipal;339030 - Material de Consumo;05/12/2022;1.010,00;1.010,00;1.010,00;0
448;29/11/2022;01010 - Câmara Municipal;319011 - Vencimentos e Vantagens Fixas - Pessoal Civil;01/12/2022;15.549,00;15.549,00;15.549,00;0
447;29/11/2022;01010 - Câmara Municipal;319011 - Vencimentos e Vantagens Fixas - Pessoal Civil;01/12/2022;27.169,00;27.169,00;27.169,00;0
446;29/11/2022;01010 - Câmara Municipal;319011 - Vencimentos e Vantagens Fixas - Pessoal Civil;01/12/2022;11.350,00;11.350,00;11.350,00;0
445;29/11/2022;01010 - Câmara Municipal;319011 - Vencimentos e Vantagens Fixas - Pessoal Civil;01/12/2022;13.094,16;13.094,16;13.094,16;0
444;29/11/2022;01010 - Câmara Municipal;319011 - Vencimentos e Vantagens Fixas - Pessoal Civil;01/12/2022;77.460,00;77.460,00;77.460,00;0
443;23/11/2022;01010 - Câmara Municipal;339039 - Outros Serviços de Terceiros - Pessoa Jurídica;28/11/2022;900;900;900;0
442;23/11/2022;01010 - Câmara Municipal;339039 - Outros Serviços de Terceiros - Pessoa Jurídica;28/11/2022;950;950;950;0
441;23/11/2022;01010 - Câmara Municipal;339035 - Serviços de Consultoria;28/11/2022;4.800,00;4.800,00;4.800,00;0
440;22/11/2022;01010 - Câmara Municipal;339039 - Outros Serviços de Terceiros - Pessoa Jurídica;28/11/2022;2.500,00;2.500,00;2.500,00;0
439;22/11/2022;01010 - Câmara Municipal;339039 - Outros Serviços de Terceiros - Pessoa Jurídica;28/11/2022;95,34;95,34;95,34;0
438;22/11/2022;01010 - Câmara Municipal;339039 - Outros Serviços de Terceiros - Pessoa Jurídica;28/11/2022;1.817,35;1.817,35;1.817,35;0
437;22/11/2022;01010 - Câmara Municipal;339039 - Outros Serviços de Terceiros - Pessoa Jurídica;28/11/2022;178,44;178,44;178,44;0
436;22/11/2022;01010 - Câmara Municipal;339039 - Outros Serviços de Terceiros - Pessoa Jurídica;24/11/2022;1.500,00;1.500,00;1.500,00;0
435;22/11/2022;01010 - Câmara Municipal;339039 - Outros Serviços de Terceiros - Pessoa Jurídica;24/11/2022;1.500,00;1.500,00;1.500,00;0
434;22/11/2022;01010 - Câmara Municipal;339040 - SERVIÇOS DE TECNOLOGIA DA INFORMAÇÃO E COMUNICAÇÃO;24/11/2022;1.650,00;1.650,00;1.650,00;0
433;22/11/2022;01010 - Câmara Municipal;339039 - Outros Serviços de Terceiros - Pessoa Jurídica;24/11/2022;1.200,00;1.200,00;1.200,00;0
432;22/11/2022;01010 - Câmara Municipal;339039 - Outros Serviços de Terceiros - Pessoa Jurídica;24/11/2022;2.500,00;2.500,00;2.500,00;0
431;22/11/2022;01010 - Câmara Municipal;339039 - Outros Serviços de Terceiros - Pessoa Jurídica;24/11/2022;4.000,00;4.000,00;4.000,00;0
430;22/11/2022;01010 - Câmara Municipal;339039 - Outros Serviços de Terceiros - Pessoa Jurídica;24/11/2022;3.500,00;3.500,00;3.500,00;0
429;22/11/2022;01010 - Câmara Municipal;339035 - Serviços de Consultoria;24/11/2022;3.700,00;3.700,00;3.700,00;0
428;22/11/2022;01010 - Câmara Municipal;339039 - Outros Serviços de Terceiros - Pessoa Jurídica;24/11/2022;2.000,00;2.000,00;2.000,00;0
427;22/11/2022;01010 - Câmara Municipal;339039 - Outros Serviços de Terceiros - Pessoa Jurídica;24/11/2022;1.400,00;1.400,00;1.400,00;0
426;22/11/2022;01010 - Câmara Municipal;339039 - Outros Serviços de Terceiros - Pessoa Jurídica;24/11/2022;800;800;800;0
425;22/11/2022;01010 - Câmara Municipal;339039 - Outros Serviços de Terceiros - Pessoa Jurídica;24/11/2022;900;900;900;0
424;21/11/2022;01010 - Câmara Municipal;319013 - Obrigações Patronais;22/11/2022;57.174,23;57.174,23;57.174,23;0
423;21/11/2022;01010 - Câmara Municipal;339039 - Outros Serviços de Terceiros - Pessoa Jurídica;22/11/2022;4.200,00;4.200,00;4.200,00;0
422;21/11/2022;01010 - Câmara Municipal;339039 - Outros Serviços de Terceiros - Pessoa Jurídica;22/11/2022;7.000,00;7.000,00;7.000,00;0
421;21/11/2022;01010 - Câmara Municipal;319113 - Contribuições Patronais;22/11/2022;9.933,51;9.933,51;9.933,51;0
420;18/11/2022;01010 - Câmara Municipal;319013 - Obrigações Patronais;21/11/2022;59.931,77;59.931,77;59.931,77;0
419;18/11/2022;01010 - Câmara Municipal;319011 - Vencimentos e Vantagens Fixas - Pessoal Civil;21/11/2022;45.400,00;45.400,00;45.400,00;0
418;18/11/2022;01010 - Câmara Municipal;319011 - Vencimentos e Vantagens Fixas - Pessoal Civil;21/11/2022;72.940,00;72.940,00;72.940,00;0
417;18/11/2022;01010 - Câmara Municipal;319011 - Vencimentos e Vantagens Fixas - Pessoal Civil;21/11/2022;27.200,00;27.200,00;27.200,00;0
416;18/11/2022;01010 - Câmara Municipal;319011 - Vencimentos e Vantagens Fixas - Pessoal Civil;21/11/2022;30.056,00;30.056,00;30.056,00;0
415;18/11/2022;01010 - Câmara Municipal;319011 - Vencimentos e Vantagens Fixas - Pessoal Civil;21/11/2022;154.920,00;154.920,00;154.920,00;0
414;18/11/2022;01010 - Câmara Municipal;339039 - Outros Serviços de Terceiros - Pessoa Jurídica;21/11/2022;210;210;210;0
413;17/11/2022;01010 - Câmara Municipal;339030 - Material de Consumo;21/11/2022;5.728,80;5.728,00;5.728,00;0
412;03/11/2022;01010 - Câmara Municipal;339039 - Outros Serviços de Terceiros - Pessoa Jurídica;08/11/2022;2.000,00;2.000,00;2.000,00;0
411;31/10/2022;01010 - Câmara Municipal;339030 - Material de Consumo;01/11/2022;2.728,77;2.728,77;2.728,77;0
410;31/10/2022;01010 - Câmara Municipal;339035 - Serviços de Consultoria;01/11/2022;4.800,00;4.800,00;4.800,00;0
409;31/10/2022;01010 - Câmara Municipal;339039 - Outros Serviços de Terceiros - Pessoa Jurídica;01/11/2022;125,48;125,48;125,48;0
408;28/10/2022;01010 - Câmara Municipal;339039 - Outros Serviços de Terceiros - Pessoa Jurídica;31/10/2022;1.400,00;1.400,00;1.400,00;0
407;28/10/2022;01010 - Câmara Municipal;339039 - Outros Serviços de Terceiros - Pessoa Jurídica;31/10/2022;1.500,00;1.500,00;1.500,00;0
406;28/10/2022;01010 - Câmara Municipal;339040 - SERVIÇOS DE TECNOLOGIA DA INFORMAÇÃO E COMUNICAÇÃO;31/10/2022;1.650,00;1.650,00;1.650,00;0
405;27/10/2022;01010 - Câmara Municipal;339039 - Outros Serviços de Terceiros - Pessoa Jurídica;27/10/2022;2.500,00;2.500,00;2.500,00;0
404;27/10/2022;01010 - Câmara Municipal;339039 - Outros Serviços de Terceiros - Pessoa Jurídica;27/10/2022;900;900;900;0
403;27/10/2022;01010 - Câmara Municipal;339039 - Outros Serviços de Terceiros - Pessoa Jurídica;27/10/2022;1.400,00;1.400,00;1.400,00;0
402;27/10/2022;01010 - Câmara Municipal;339039 - Outros Serviços de Terceiros - Pessoa Jurídica;27/10/2022;3.500,00;3.500,00;3.500,00;0
401;27/10/2022;01010 - Câmara Municipal;339035 - Serviços de Consultoria;27/10/2022;3.700,00;3.700,00;3.700,00;0
400;27/10/2022;01010 - Câmara Municipal;339039 - Outros Serviços de Terceiros - Pessoa Jurídica;27/10/2022;800;800;800;0
399;27/10/2022;01010 - Câmara Municipal;339039 - Outros Serviços de Terceiros - Pessoa Jurídica;27/10/2022;1.500,00;1.500,00;1.500,00;0
398;26/10/2022;01010 - Câmara Municipal;339039 - Outros Serviços de Terceiros - Pessoa Jurídica;27/10/2022;2.500,00;2.500,00;2.500,00;0
397;26/10/2022;01010 - Câmara Municipal;339039 - Outros Serviços de Terceiros - Pessoa Jurídica;27/10/2022;1.200,00;1.200,00;1.200,00;0
396;26/10/2022;01010 - Câmara Municipal;339039 - Outros Serviços de Terceiros - Pessoa Jurídica;27/10/2022;67,07;67,07;67,07;0
395;26/10/2022;01010 - Câmara Municipal;339039 - Outros Serviços de Terceiros - Pessoa Jurídica;27/10/2022;950;950;950;0
394;26/10/2022;01010 - Câmara Municipal;339039 - Outros Serviços de Terceiros - Pessoa Jurídica;27/10/2022;900;900;900;0
393;24/10/2022;01010 - Câmara Municipal;319113 - Contribuições Patronais;25/10/2022;10.153,49;10.153,49;10.153,49;0
392;24/10/2022;01010 - Câmara Municipal;339039 - Outros Serviços de Terceiros - Pessoa Jurídica;25/10/2022;4.000,00;4.000,00;4.000,00;0
391;20/10/2022;01010 - Câmara Municipal;339039 - Outros Serviços de Terceiros - Pessoa Jurídica;25/10/2022;7.000,00;7.000,00;7.000,00;0
390;20/10/2022;01010 - Câmara Municipal;339039 - Outros Serviços de Terceiros - Pessoa Jurídica;25/10/2022;4.200,00;4.200,00;4.200,00;0
389;19/10/2022;01010 - Câmara Municipal;319011 - Vencimentos e Vantagens Fixas - Pessoal Civil;20/10/2022;45.400,00;45.400,00;45.400,00;0
388;19/10/2022;01010 - Câmara Municipal;319011 - Vencimentos e Vantagens Fixas - Pessoal Civil;20/10/2022;72.940,00;72.940,00;72.940,00;0
387;19/10/2022;01010 - Câmara Municipal;319011 - Vencimentos e Vantagens Fixas - Pessoal Civil;20/10/2022;27.200,00;27.200,00;27.200,00;0
385;19/10/2022;01010 - Câmara Municipal;319011 - Vencimentos e Vantagens Fixas - Pessoal Civil;20/10/2022;154.920,00;154.920,00;154.920,00;0
386;18/10/2022;01010 - Câmara Municipal;319011 - Vencimentos e Vantagens Fixas - Pessoal Civil;20/10/2022;30.721,60;30.721,60;30.721,60;0
384;03/10/2022;01010 - Câmara Municipal;339039 - Outros Serviços de Terceiros - Pessoa Jurídica;11/10/2022;0,04;0,04;0,04;0
383;03/10/2022;01010 - Câmara Municipal;339039 - Outros Serviços de Terceiros - Pessoa Jurídica;11/10/2022;113,17;113,17;113,17;0
382;03/10/2022;01010 - Câmara Municipal;339039 - Outros Serviços de Terceiros - Pessoa Jurídica;11/10/2022;178,44;178,44;178,44;0
381;03/10/2022;01010 - Câmara Municipal;339039 - Outros Serviços de Terceiros - Pessoa Jurídica;11/10/2022;1.380,11;1.380,11;1.380,11;0
380;03/10/2022;01010 - Câmara Municipal;339039 - Outros Serviços de Terceiros - Pessoa Jurídica;11/10/2022;1.833,80;1.833,80;1.833,80;0
379;03/10/2022;01010 - Câmara Municipal;339039 - Outros Serviços de Terceiros - Pessoa Jurídica;11/10/2022;1.680,00;1.680,00;1.680,00;0
378;03/10/2022;01010 - Câmara Municipal;339039 - Outros Serviços de Terceiros - Pessoa Jurídica;11/10/2022;1.200,00;1.200,00;1.200,00;0
377;03/10/2022;01010 - Câmara Municipal;339030 - Material de Consumo;11/10/2022;4.506,00;4.506,00;4.506,00;0
376;03/10/2022;01010 - Câmara Municipal;339039 - Outros Serviços de Terceiros - Pessoa Jurídica;11/10/2022;2.500,00;2.500,00;2.500,00;0
375;03/10/2022;01010 - Câmara Municipal;339030 - Material de Consumo;11/10/2022;2.796,90;2.796,90;2.796,90;0
374;03/10/2022;01010 - Câmara Municipal;339039 - Outros Serviços de Terceiros - Pessoa Jurídica;11/10/2022;2.150,00;2.150,00;2.150,00;0
373;03/10/2022;01010 - Câmara Municipal;339030 - Material de Consumo;11/10/2022;3.710,01;3.710,01;3.710,01;0
372;03/10/2022;01010 - Câmara Municipal;339030 - Material de Consumo;11/10/2022;810;810;810;0
371;03/10/2022;01010 - Câmara Municipal;449052 - Equipamentos e Material Permanente;11/10/2022;939;939;939;0
370;28/09/2022;01010 - Câmara Municipal;339039 - Outros Serviços de Terceiros - Pessoa Jurídica;03/10/2022;900;900;900;0
369;28/09/2022;01010 - Câmara Municipal;339039 - Outros Serviços de Terceiros - Pessoa Jurídica;03/10/2022;950;950;950;0
368;28/09/2022;01010 - Câmara Municipal;339039 - Outros Serviços de Terceiros - Pessoa Jurídica;03/10/2022;1.500,00;1.500,00;1.500,00;0
367;28/09/2022;01010 - Câmara Municipal;339039 - Outros Serviços de Terceiros - Pessoa Jurídica;03/10/2022;1.400,00;1.400,00;1.400,00;0
366;28/09/2022;01010 - Câmara Municipal;339039 - Outros Serviços de Terceiros - Pessoa Jurídica;03/10/2022;900;900;900;0
365;28/09/2022;01010 - Câmara Municipal;339039 - Outros Serviços de Terceiros - Pessoa Jurídica;03/10/2022;3.500,00;3.500,00;3.500,00;0
364;28/09/2022;01010 - Câmara Municipal;339039 - Outros Serviços de Terceiros - Pessoa Jurídica;03/10/2022;2.000,00;2.000,00;2.000,00;0
363;28/09/2022;01010 - Câmara Municipal;339039 - Outros Serviços de Terceiros - Pessoa Jurídica;03/10/2022;2.500,00;2.500,00;2.500,00;0
362;28/09/2022;01010 - Câmara Municipal;339039 - Outros Serviços de Terceiros - Pessoa Jurídica;03/10/2022;1.500,00;1.500,00;1.500,00;0
361;28/09/2022;01010 - Câmara Municipal;339035 - Serviços de Consultoria;03/10/2022;3.700,00;3.700,00;3.700,00;0
360;28/09/2022;01010 - Câmara Municipal;339039 - Outros Serviços de Terceiros - Pessoa Jurídica;03/10/2022;1.200,00;1.200,00;1.200,00;0
359;28/09/2022;01010 - Câmara Municipal;339039 - Outros Serviços de Terceiros - Pessoa Jurídica;03/10/2022;800;800;800;0
358;28/09/2022;01010 - Câmara Municipal;339039 - Outros Serviços de Terceiros - Pessoa Jurídica;03/10/2022;1.400,00;1.400,00;1.400,00;0
357;28/09/2022;01010 - Câmara Municipal;339040 - SERVIÇOS DE TECNOLOGIA DA INFORMAÇÃO E COMUNICAÇÃO;03/10/2022;1.650,00;1.650,00;1.650,00;0
356;26/09/2022;01010 - Câmara Municipal;339035 - Serviços de Consultoria;29/09/2022;4.800,00;4.800,00;4.800,00;0
355;26/09/2022;01010 - Câmara Municipal;339039 - Outros Serviços de Terceiros - Pessoa Jurídica;29/09/2022;2.500,00;2.500,00;500;2.000,00
354;26/09/2022;01010 - Câmara Municipal;339039 - Outros Serviços de Terceiros - Pessoa Jurídica;29/09/2022;4.000,00;4.000,00;4.000,00;0
353;23/09/2022;01010 - Câmara Municipal;339039 - Outros Serviços de Terceiros - Pessoa Jurídica;23/09/2022;7.000,00;7.000,00;7.000,00;0
352;21/09/2022;01010 - Câmara Municipal;319113 - Contribuições Patronais;22/09/2022;9.620,72;9.620,72;9.620,72;0
351;20/09/2022;01010 - Câmara Municipal;319013 - Obrigações Patronais;22/09/2022;58.192,20;58.192,20;58.192,20;0
350;20/09/2022;01010 - Câmara Municipal;339039 - Outros Serviços de Terceiros - Pessoa Jurídica;22/09/2022;4.200,00;4.200,00;4.200,00;0
349;20/09/2022;01010 - Câmara Municipal;339039 - Outros Serviços de Terceiros - Pessoa Jurídica;22/09/2022;7.000,00;7.000,00;7.000,00;0
348;19/09/2022;01010 - Câmara Municipal;319011 - Vencimentos e Vantagens Fixas - Pessoal Civil;21/09/2022;45.400,00;45.400,00;45.400,00;0
347;19/09/2022;01010 - Câmara Municipal;319011 - Vencimentos e Vantagens Fixas - Pessoal Civil;21/09/2022;72.940,00;72.940,00;72.940,00;0
346;19/09/2022;01010 - Câmara Municipal;319011 - Vencimentos e Vantagens Fixas - Pessoal Civil;21/09/2022;27.147,28;27.147,28;27.147,28;0
345;19/09/2022;01010 - Câmara Municipal;319011 - Vencimentos e Vantagens Fixas - Pessoal Civil;21/09/2022;29.109,60;29.109,60;29.109,60;0
344;19/09/2022;01010 - Câmara Municipal;319011 - Vencimentos e Vantagens Fixas - Pessoal Civil;21/09/2022;154.920,00;154.920,00;154.920,00;0
343;06/09/2022;01010 - Câmara Municipal;339039 - Outros Serviços de Terceiros - Pessoa Jurídica;09/09/2022;950;950;950;0
342;06/09/2022;01010 - Câmara Municipal;339039 - Outros Serviços de Terceiros - Pessoa Jurídica;09/09/2022;2.000,00;2.000,00;2.000,00;0
341;05/09/2022;01010 - Câmara Municipal;339030 - Material de Consumo;09/09/2022;4.030,20;4.030,20;4.030,20;0
340;05/09/2022;01010 - Câmara Municipal;339039 - Outros Serviços de Terceiros - Pessoa Jurídica;09/09/2022;3.500,00;3.500,00;3.500,00;0
339;05/09/2022;01010 - Câmara Municipal;339039 - Outros Serviços de Terceiros - Pessoa Jurídica;09/09/2022;900;900;900;0
338;05/09/2022;01010 - Câmara Municipal;339030 - Material de Consumo;09/09/2022;3.678,82;3.678,82;3.678,82;0
337;05/09/2022;01010 - Câmara Municipal;339030 - Material de Consumo;09/09/2022;488;488;488;0
336;02/09/2022;01010 - Câmara Municipal;339039 - Outros Serviços de Terceiros - Pessoa Jurídica;09/09/2022;1.500,00;1.500,00;1.500,00;0
335;02/09/2022;01010 - Câmara Municipal;339039 - Outros Serviços de Terceiros - Pessoa Jurídica;09/09/2022;2.500,00;0;0;0
334;02/09/2022;01010 - Câmara Municipal;339039 - Outros Serviços de Terceiros - Pessoa Jurídica;09/09/2022;296;296;296;0
333;01/09/2022;01010 - Câmara Municipal;339039 - Outros Serviços de Terceiros - Pessoa Jurídica;05/09/2022;1.400,00;1.400,00;1.400,00;0
332;01/09/2022;01010 - Câmara Municipal;339039 - Outros Serviços de Terceiros - Pessoa Jurídica;05/09/2022;1,69;1,69;1,69;0
331;01/09/2022;01010 - Câmara Municipal;339039 - Outros Serviços de Terceiros - Pessoa Jurídica;05/09/2022;184,65;184,65;184,65;0
330;01/09/2022;01010 - Câmara Municipal;339039 - Outros Serviços de Terceiros - Pessoa Jurídica;05/09/2022;1.300,00;1.300,00;1.300,00;0
329;01/09/2022;01010 - Câmara Municipal;339039 - Outros Serviços de Terceiros - Pessoa Jurídica;05/09/2022;2.100,00;2.100,00;2.100,00;0
328;01/09/2022;01010 - Câmara Municipal;339039 - Outros Serviços de Terceiros - Pessoa Jurídica;05/09/2022;830,3;830,3;830,3;0
327;29/08/2022;01010 - Câmara Municipal;319013 - Obrigações Patronais;01/09/2022;63.659,20;63.659,20;63.659,20;0
326;26/08/2022;01010 - Câmara Municipal;339039 - Outros Serviços de Terceiros - Pessoa Jurídica;01/09/2022;2.000,00;2.000,00;2.000,00;0
325;25/08/2022;01010 - Câmara Municipal;339039 - Outros Serviços de Terceiros - Pessoa Jurídica;29/08/2022;1.500,00;1.500,00;1.500,00;0
324;25/08/2022;01010 - Câmara Municipal;339039 - Outros Serviços de Terceiros - Pessoa Jurídica;29/08/2022;1.500,00;1.500,00;1.500,00;0
323;25/08/2022;01010 - Câmara Municipal;339039 - Outros Serviços de Terceiros - Pessoa Jurídica;29/08/2022;1.500,00;1.500,00;1.500,00;0
322;25/08/2022;01010 - Câmara Municipal;339039 - Outros Serviços de Terceiros - Pessoa Jurídica;29/08/2022;1.400,00;1.400,00;1.400,00;0
321;25/08/2022;01010 - Câmara Municipal;339039 - Outros Serviços de Terceiros - Pessoa Jurídica;29/08/2022;1.200,00;1.200,00;1.200,00;0
320;25/08/2022;01010 - Câmara Municipal;339035 - Serviços de Consultoria;29/08/2022;4.800,00;4.800,00;4.800,00;0
319;25/08/2022;01010 - Câmara Municipal;339030 - Material de Consumo;29/08/2022;3.361,87;3.361,87;3.361,87;0
318;25/08/2022;01010 - Câmara Municipal;339039 - Outros Serviços de Terceiros - Pessoa Jurídica;29/08/2022;4.000,00;4.000,00;4.000,00;0
317;25/08/2022;01010 - Câmara Municipal;339039 - Outros Serviços de Terceiros - Pessoa Jurídica;29/08/2022;3.500,00;3.500,00;3.500,00;0
316;25/08/2022;01010 - Câmara Municipal;339040 - SERVIÇOS DE TECNOLOGIA DA INFORMAÇÃO E COMUNICAÇÃO;29/08/2022;1.650,00;1.650,00;1.650,00;0
315;25/08/2022;01010 - Câmara Municipal;339039 - Outros Serviços de Terceiros - Pessoa Jurídica;29/08/2022;1.500,00;1.500,00;1.500,00;0
314;25/08/2022;01010 - Câmara Municipal;339035 - Serviços de Consultoria;29/08/2022;3.700,00;3.700,00;3.700,00;0
313;25/08/2022;01010 - Câmara Municipal;339039 - Outros Serviços de Terceiros - Pessoa Jurídica;29/08/2022;2.500,00;2.500,00;2.500,00;0
312;25/08/2022;01010 - Câmara Municipal;339039 - Outros Serviços de Terceiros - Pessoa Jurídica;29/08/2022;2.500,00;2.500,00;2.500,00;0
311;25/08/2022;01010 - Câmara Municipal;339039 - Outros Serviços de Terceiros - Pessoa Jurídica;29/08/2022;800;800;800;0
310;25/08/2022;01010 - Câmara Municipal;339040 - SERVIÇOS DE TECNOLOGIA DA INFORMAÇÃO E COMUNICAÇÃO;29/08/2022;450;450;450;0
309;25/08/2022;01010 - Câmara Municipal;339039 - Outros Serviços de Terceiros - Pessoa Jurídica;29/08/2022;900;900;900;0
308;25/08/2022;01010 - Câmara Municipal;339039 - Outros Serviços de Terceiros - Pessoa Jurídica;29/08/2022;1.668,25;1.668,25;1.668,25;0
307;25/08/2022;01010 - Câmara Municipal;319113 - Contribuições Patronais;29/08/2022;9.220,16;9.220,16;9.220,16;0
306;23/08/2022;01010 - Câmara Municipal;339039 - Outros Serviços de Terceiros - Pessoa Jurídica;25/08/2022;7.000,00;7.000,00;7.000,00;0
305;22/08/2022;01010 - Câmara Municipal;339039 - Outros Serviços de Terceiros - Pessoa Jurídica;25/08/2022;4.200,00;4.200,00;4.200,00;0
304;17/08/2022;01010 - Câmara Municipal;319011 - Vencimentos e Vantagens Fixas - Pessoal Civil;19/08/2022;53.200,00;53.200,00;53.200,00;0
303;17/08/2022;01010 - Câmara Municipal;319011 - Vencimentos e Vantagens Fixas - Pessoal Civil;19/08/2022;85.840,00;85.840,00;85.840,00;0
302;17/08/2022;01010 - Câmara Municipal;319011 - Vencimentos e Vantagens Fixas - Pessoal Civil;19/08/2022;31.400,00;31.400,00;31.400,00;0
301;17/08/2022;01010 - Câmara Municipal;319011 - Vencimentos e Vantagens Fixas - Pessoal Civil;19/08/2022;27.897,60;27.897,60;27.897,60;0
300;17/08/2022;01010 - Câmara Municipal;319011 - Vencimentos e Vantagens Fixas - Pessoal Civil;19/08/2022;154.920,00;154.920,00;154.920,00;0
298;01/08/2022;01010 - Câmara Municipal;339039 - Outros Serviços de Terceiros - Pessoa Jurídica;04/08/2022;178,44;178,44;178,44;0
297;01/08/2022;01010 - Câmara Municipal;339039 - Outros Serviços de Terceiros - Pessoa Jurídica;04/08/2022;1.480,00;1.480,00;1.480,00;0
296;01/08/2022;01010 - Câmara Municipal;339039 - Outros Serviços de Terceiros - Pessoa Jurídica;04/08/2022;1.400,00;1.400,00;1.400,00;0
295;01/08/2022;01010 - Câmara Municipal;339035 - Serviços de Consultoria;04/08/2022;4.800,00;4.800,00;4.800,00;0
294;26/07/2022;01010 - Câmara Municipal;339030 - Material de Consumo;29/07/2022;328;328;328;0
293;26/07/2022;01010 - Câmara Municipal;339030 - Material de Consumo;29/07/2022;4.314,92;4.314,92;4.314,92;0
292;26/07/2022;01010 - Câmara Municipal;339030 - Material de Consumo;28/07/2022;3.723,35;3.723,35;3.723,35;0
291;25/07/2022;01010 - Câmara Municipal;339030 - Material de Consumo;27/07/2022;3.278,92;3.278,92;3.278,92;0
290;25/07/2022;01010 - Câmara Municipal;339040 - SERVIÇOS DE TECNOLOGIA DA INFORMAÇÃO E COMUNICAÇÃO;27/07/2022;1.650,00;1.650,00;1.650,00;0
289;25/07/2022;01010 - Câmara Municipal;339039 - Outros Serviços de Terceiros - Pessoa Jurídica;27/07/2022;2.500,00;2.500,00;2.500,00;0
288;25/07/2022;01010 - Câmara Municipal;339039 - Outros Serviços de Terceiros - Pessoa Jurídica;27/07/2022;1.200,00;1.200,00;1.200,00;0
287;25/07/2022;01010 - Câmara Municipal;339039 - Outros Serviços de Terceiros - Pessoa Jurídica;27/07/2022;2.000,00;2.000,00;2.000,00;0
286;25/07/2022;01010 - Câmara Municipal;339039 - Outros Serviços de Terceiros - Pessoa Jurídica;27/07/2022;1.500,00;1.500,00;1.500,00;0
285;25/07/2022;01010 - Câmara Municipal;339040 - SERVIÇOS DE TECNOLOGIA DA INFORMAÇÃO E COMUNICAÇÃO;27/07/2022;450;450;450;0
284;25/07/2022;01010 - Câmara Municipal;339039 - Outros Serviços de Terceiros - Pessoa Jurídica;27/07/2022;912,77;912,77;912,77;0
283;25/07/2022;01010 - Câmara Municipal;339039 - Outros Serviços de Terceiros - Pessoa Jurídica;26/07/2022;138,2;138,2;138,2;0
282;25/07/2022;01010 - Câmara Municipal;339039 - Outros Serviços de Terceiros - Pessoa Jurídica;26/07/2022;4.000,00;4.000,00;4.000,00;0
281;25/07/2022;01010 - Câmara Municipal;339039 - Outros Serviços de Terceiros - Pessoa Jurídica;26/07/2022;1.400,00;1.400,00;1.400,00;0
280;25/07/2022;01010 - Câmara Municipal;339039 - Outros Serviços de Terceiros - Pessoa Jurídica;26/07/2022;1.500,00;1.500,00;1.500,00;0
279;25/07/2022;01010 - Câmara Municipal;339035 - Serviços de Consultoria;26/07/2022;3.700,00;3.700,00;3.700,00;0
278;25/07/2022;01010 - Câmara Municipal;339039 - Outros Serviços de Terceiros - Pessoa Jurídica;26/07/2022;950;950;950;0
277;25/07/2022;01010 - Câmara Municipal;339039 - Outros Serviços de Terceiros - Pessoa Jurídica;26/07/2022;900;900;900;0
276;25/07/2022;01010 - Câmara Municipal;339039 - Outros Serviços de Terceiros - Pessoa Jurídica;26/07/2022;3.500,00;3.500,00;3.500,00;0
275;25/07/2022;01010 - Câmara Municipal;339039 - Outros Serviços de Terceiros - Pessoa Jurídica;26/07/2022;2.500,00;2.500,00;2.500,00;0
274;25/07/2022;01010 - Câmara Municipal;339039 - Outros Serviços de Terceiros - Pessoa Jurídica;26/07/2022;1.400,00;1.400,00;1.400,00;0
273;25/07/2022;01010 - Câmara Municipal;339039 - Outros Serviços de Terceiros - Pessoa Jurídica;26/07/2022;800;800;800;0
272;25/07/2022;01010 - Câmara Municipal;339039 - Outros Serviços de Terceiros - Pessoa Jurídica;26/07/2022;900;900;900;0
271;25/07/2022;01010 - Câmara Municipal;319113 - Contribuições Patronais;26/07/2022;9.121,01;9.121,01;9.121,01;0
270;25/07/2022;01010 - Câmara Municipal;319013 - Obrigações Patronais;26/07/2022;64.253,04;64.253,04;64.253,04;0
269;20/07/2022;01010 - Câmara Municipal;319011 - Vencimentos e Vantagens Fixas - Pessoal Civil;25/07/2022;54.008,00;54.008,00;54.008,00;0
268;20/07/2022;01010 - Câmara Municipal;319011 - Vencimentos e Vantagens Fixas - Pessoal Civil;25/07/2022;86.648,00;86.648,00;86.648,00;0
267;20/07/2022;01010 - Câmara Municipal;319011 - Vencimentos e Vantagens Fixas - Pessoal Civil;25/07/2022;32.483,33;32.483,33;32.483,33;0
266;20/07/2022;01010 - Câmara Municipal;319011 - Vencimentos e Vantagens Fixas - Pessoal Civil;25/07/2022;27.597,60;27.597,60;27.597,60;0
265;20/07/2022;01010 - Câmara Municipal;319011 - Vencimentos e Vantagens Fixas - Pessoal Civil;25/07/2022;154.920,00;154.920,00;154.920,00;0
264;18/07/2022;01010 - Câmara Municipal;339039 - Outros Serviços de Terceiros - Pessoa Jurídica;21/07/2022;7.000,00;7.000,00;7.000,00;0
263;18/07/2022;01010 - Câmara Municipal;339035 - Serviços de Consultoria;20/07/2022;4.800,00;4.800,00;4.800,00;0
262;18/07/2022;01010 - Câmara Municipal;339035 - Serviços de Consultoria;20/07/2022;4.800,00;4.800,00;4.800,00;0
261;18/07/2022;01010 - Câmara Municipal;319013 - Obrigações Patronais;20/07/2022;63.659,20;63.659,20;63.659,20;0
260;06/07/2022;01010 - Câmara Municipal;339039 - Outros Serviços de Terceiros - Pessoa Jurídica;11/07/2022;67,72;67,72;67,72;0
259;06/07/2022;01010 - Câmara Municipal;339039 - Outros Serviços de Terceiros - Pessoa Jurídica;11/07/2022;3,36;3,36;3,36;0
258;04/07/2022;01010 - Câmara Municipal;339039 - Outros Serviços de Terceiros - Pessoa Jurídica;06/07/2022;102,85;102,85;102,85;0
257;04/07/2022;01010 - Câmara Municipal;339039 - Outros Serviços de Terceiros - Pessoa Jurídica;06/07/2022;184,89;184,89;184,89;0
256;04/07/2022;01010 - Câmara Municipal;339039 - Outros Serviços de Terceiros - Pessoa Jurídica;06/07/2022;219,47;219,47;219,47;0
255;04/07/2022;01010 - Câmara Municipal;339039 - Outros Serviços de Terceiros - Pessoa Jurídica;06/07/2022;1.812,00;1.812,00;1.812,00;0
254;29/06/2022;01010 - Câmara Municipal;339039 - Outros Serviços de Terceiros - Pessoa Jurídica;01/07/2022;3.500,00;3.500,00;3.500,00;0
253;29/06/2022;01010 - Câmara Municipal;339035 - Serviços de Consultoria;01/07/2022;4.800,00;4.800,00;4.800,00;0
252;27/06/2022;01010 - Câmara Municipal;339039 - Outros Serviços de Terceiros - Pessoa Jurídica;01/07/2022;1.400,00;1.400,00;1.400,00;0
251;27/06/2022;01010 - Câmara Municipal;339039 - Outros Serviços de Terceiros - Pessoa Jurídica;01/07/2022;900;900;900;0
250;27/06/2022;01010 - Câmara Municipal;339039 - Outros Serviços de Terceiros - Pessoa Jurídica;01/07/2022;1.200,00;1.200,00;1.200,00;0
249;27/06/2022;01010 - Câmara Municipal;339039 - Outros Serviços de Terceiros - Pessoa Jurídica;01/07/2022;900;900;900;0
248;27/06/2022;01010 - Câmara Municipal;339039 - Outros Serviços de Terceiros - Pessoa Jurídica;01/07/2022;950;950;950;0
247;27/06/2022;01010 - Câmara Municipal;339039 - Outros Serviços de Terceiros - Pessoa Jurídica;01/07/2022;800;800;800;0
246;27/06/2022;01010 - Câmara Municipal;339039 - Outros Serviços de Terceiros - Pessoa Jurídica;01/07/2022;4.000,00;4.000,00;4.000,00;0
245;27/06/2022;01010 - Câmara Municipal;339039 - Outros Serviços de Terceiros - Pessoa Jurídica;01/07/2022;1.640,40;1.640,40;1.640,40;0
244;27/06/2022;01010 - Câmara Municipal;339030 - Material de Consumo;01/07/2022;3.049,55;3.049,55;3.049,55;0
243;27/06/2022;01010 - Câmara Municipal;339030 - Material de Consumo;01/07/2022;729,5;729,5;729,5;0
242;27/06/2022;01010 - Câmara Municipal;339030 - Material de Consumo;01/07/2022;2.366,85;2.366,85;2.366,85;0
241;27/06/2022;01010 - Câmara Municipal;339030 - Material de Consumo;01/07/2022;3.003,20;3.003,20;3.003,20;0
240;21/06/2022;01010 - Câmara Municipal;339039 - Outros Serviços de Terceiros - Pessoa Jurídica;01/07/2022;1.500,00;1.500,00;1.500,00;0
239;21/06/2022;01010 - Câmara Municipal;339039 - Outros Serviços de Terceiros - Pessoa Jurídica;01/07/2022;1.400,00;1.400,00;1.400,00;0
238;21/06/2022;01010 - Câmara Municipal;339040 - SERVIÇOS DE TECNOLOGIA DA INFORMAÇÃO E COMUNICAÇÃO;01/07/2022;1.650,00;1.650,00;1.650,00;0
237;21/06/2022;01010 - Câmara Municipal;339039 - Outros Serviços de Terceiros - Pessoa Jurídica;01/07/2022;2.500,00;2.500,00;2.500,00;0
236;21/06/2022;01010 - Câmara Municipal;339040 - SERVIÇOS DE TECNOLOGIA DA INFORMAÇÃO E COMUNICAÇÃO;01/07/2022;450;450;450;0
235;21/06/2022;01010 - Câmara Municipal;339035 - Serviços de Consultoria;01/07/2022;3.700,00;3.700,00;3.700,00;0
234;21/06/2022;01010 - Câmara Municipal;319113 - Contribuições Patronais;27/06/2022;9.823,68;9.823,68;9.823,68;0
233;21/06/2022;01010 - Câmara Municipal;319011 - Vencimentos e Vantagens Fixas - Pessoal Civil;27/06/2022;14.991,00;14.991,00;14.991,00;0
232;21/06/2022;01010 - Câmara Municipal;319011 - Vencimentos e Vantagens Fixas - Pessoal Civil;27/06/2022;25.856,00;25.856,00;25.856,00;0
231;21/06/2022;01010 - Câmara Municipal;319011 - Vencimentos e Vantagens Fixas - Pessoal Civil;27/06/2022;10.141,67;10.141,67;10.141,67;0
230;21/06/2022;01010 - Câmara Municipal;319011 - Vencimentos e Vantagens Fixas - Pessoal Civil;27/06/2022;13.061,84;13.061,84;13.061,84;0
229;21/06/2022;01010 - Câmara Municipal;319011 - Vencimentos e Vantagens Fixas - Pessoal Civil;27/06/2022;77.460,00;77.460,00;77.460,00;0
228;20/06/2022;01010 - Câmara Municipal;339039 - Outros Serviços de Terceiros - Pessoa Jurídica;27/06/2022;7.000,00;7.000,00;7.000,00;0
227;20/06/2022;01010 - Câmara Municipal;339039 - Outros Serviços de Terceiros - Pessoa Jurídica;27/06/2022;4.200,00;4.200,00;4.200,00;0
226;15/06/2022;01010 - Câmara Municipal;319011 - Vencimentos e Vantagens Fixas - Pessoal Civil;17/06/2022;53.200,00;53.200,00;53.200,00;0
225;15/06/2022;01010 - Câmara Municipal;319011 - Vencimentos e Vantagens Fixas - Pessoal Civil;17/06/2022;85.840,00;85.840,00;85.840,00;0
224;15/06/2022;01010 - Câmara Municipal;319011 - Vencimentos e Vantagens Fixas - Pessoal Civil;17/06/2022;31.400,00;31.400,00;31.400,00;0
223;15/06/2022;01010 - Câmara Municipal;319011 - Vencimentos e Vantagens Fixas - Pessoal Civil;17/06/2022;29.723,68;29.723,68;29.723,68;0
222;15/06/2022;01010 - Câmara Municipal;319011 - Vencimentos e Vantagens Fixas - Pessoal Civil;17/06/2022;154.920,00;154.920,00;154.920,00;0
221;06/06/2022;01010 - Câmara Municipal;339039 - Outros Serviços de Terceiros - Pessoa Jurídica;10/06/2022;1.888,00;1.888,00;1.888,00;0
220;01/06/2022;01010 - Câmara Municipal;339039 - Outros Serviços de Terceiros - Pessoa Jurídica;03/06/2022;551;551;551;0
219;01/06/2022;01010 - Câmara Municipal;339030 - Material de Consumo;03/06/2022;3.025,49;3.025,49;3.025,49;0
218;01/06/2022;01010 - Câmara Municipal;339039 - Outros Serviços de Terceiros - Pessoa Jurídica;03/06/2022;1.378,00;1.378,00;1.378,00;0
217;01/06/2022;01010 - Câmara Municipal;339030 - Material de Consumo;03/06/2022;1.000,00;1.000,00;1.000,00;0
216;30/05/2022;01010 - Câmara Municipal;339039 - Outros Serviços de Terceiros - Pessoa Jurídica;01/06/2022;147,87;147,87;147,87;0
215;30/05/2022;01010 - Câmara Municipal;339039 - Outros Serviços de Terceiros - Pessoa Jurídica;01/06/2022;1.400,00;1.400,00;1.400,00;0
214;30/05/2022;01010 - Câmara Municipal;339039 - Outros Serviços de Terceiros - Pessoa Jurídica;01/06/2022;1.876,00;1.876,00;1.876,00;0
213;30/05/2022;01010 - Câmara Municipal;339039 - Outros Serviços de Terceiros - Pessoa Jurídica;01/06/2022;262,21;262,21;262,21;0
212;30/05/2022;01010 - Câmara Municipal;339030 - Material de Consumo;01/06/2022;4.000,00;4.000,00;4.000,00;0
211;30/05/2022;01010 - Câmara Municipal;339030 - Material de Consumo;01/06/2022;2.957,40;2.957,40;2.957,40;0
210;25/05/2022;01010 - Câmara Municipal;339039 - Outros Serviços de Terceiros - Pessoa Jurídica;30/05/2022;950;950;950;0
209;25/05/2022;01010 - Câmara Municipal;339039 - Outros Serviços de Terceiros - Pessoa Jurídica;30/05/2022;900;900;900;0
208;25/05/2022;01010 - Câmara Municipal;339039 - Outros Serviços de Terceiros - Pessoa Jurídica;30/05/2022;2.001,72;2.001,72;2.001,72;0
207;24/05/2022;01010 - Câmara Municipal;339039 - Outros Serviços de Terceiros - Pessoa Jurídica;25/05/2022;2.000,00;2.000,00;2.000,00;0
206;24/05/2022;01010 - Câmara Municipal;449051 - Obras e Instalações;25/05/2022;159.952,51;148.514,22;148.514,22;0
205;24/05/2022;01010 - Câmara Municipal;339039 - Outros Serviços de Terceiros - Pessoa Jurídica;25/05/2022;8.213,18;8.213,18;8.213,18;0
204;24/05/2022;01010 - Câmara Municipal;339039 - Outros Serviços de Terceiros - Pessoa Jurídica;25/05/2022;3.500,00;3.500,00;3.500,00;0
203;24/05/2022;01010 - Câmara Municipal;339039 - Outros Serviços de Terceiros - Pessoa Jurídica;25/05/2022;1.500,00;1.500,00;1.500,00;0
202;24/05/2022;01010 - Câmara Municipal;339040 - SERVIÇOS DE TECNOLOGIA DA INFORMAÇÃO E COMUNICAÇÃO;25/05/2022;450;450;450;0
201;24/05/2022;01010 - Câmara Municipal;339039 - Outros Serviços de Terceiros - Pessoa Jurídica;25/05/2022;1.500,00;1.500,00;1.500,00;0
200;24/05/2022;01010 - Câmara Municipal;339039 - Outros Serviços de Terceiros - Pessoa Jurídica;25/05/2022;2.500,00;2.500,00;2.500,00;0
199;24/05/2022;01010 - Câmara Municipal;339039 - Outros Serviços de Terceiros - Pessoa Jurídica;25/05/2022;1.200,00;1.200,00;1.200,00;0
198;24/05/2022;01010 - Câmara Municipal;339039 - Outros Serviços de Terceiros - Pessoa Jurídica;25/05/2022;1.400,00;1.400,00;1.400,00;0
197;23/05/2022;01010 - Câmara Municipal;339040 - SERVIÇOS DE TECNOLOGIA DA INFORMAÇÃO E COMUNICAÇÃO;24/05/2022;1.650,00;1.650,00;1.650,00;0
196;23/05/2022;01010 - Câmara Municipal;339039 - Outros Serviços de Terceiros - Pessoa Jurídica;24/05/2022;4.000,00;4.000,00;4.000,00;0
195;23/05/2022;01010 - Câmara Municipal;339035 - Serviços de Consultoria;24/05/2022;3.700,00;3.700,00;3.700,00;0
194;23/05/2022;01010 - Câmara Municipal;339039 - Outros Serviços de Terceiros - Pessoa Jurídica;24/05/2022;4.200,00;4.200,00;4.200,00;0
193;23/05/2022;01010 - Câmara Municipal;339039 - Outros Serviços de Terceiros - Pessoa Jurídica;24/05/2022;1.400,00;1.400,00;1.400,00;0
192;23/05/2022;01010 - Câmara Municipal;339039 - Outros Serviços de Terceiros - Pessoa Jurídica;24/05/2022;2.500,00;2.500,00;2.500,00;0
191;23/05/2022;01010 - Câmara Municipal;339039 - Outros Serviços de Terceiros - Pessoa Jurídica;24/05/2022;900;900;900;0
190;23/05/2022;01010 - Câmara Municipal;339039 - Outros Serviços de Terceiros - Pessoa Jurídica;24/05/2022;800;800;800;0
189;23/05/2022;01010 - Câmara Municipal;319013 - Obrigações Patronais;24/05/2022;63.641,83;63.641,83;63.641,83;0
188;20/05/2022;01010 - Câmara Municipal;339036 - Outros Serviços de Terceiros - Pessoa Física;24/05/2022;1.650,00;1.650,00;1.650,00;0
187;20/05/2022;01010 - Câmara Municipal;339039 - Outros Serviços de Terceiros - Pessoa Jurídica;23/05/2022;7.000,00;7.000,00;7.000,00;0
186;20/05/2022;01010 - Câmara Municipal;319113 - Contribuições Patronais;23/05/2022;9.730,88;9.730,88;9.730,88;0
185;20/05/2022;01010 - Câmara Municipal;319011 - Vencimentos e Vantagens Fixas - Pessoal Civil;23/05/2022;53.160,90;53.160,90;53.160,90;0
184;20/05/2022;01010 - Câmara Municipal;319011 - Vencimentos e Vantagens Fixas - Pessoal Civil;23/05/2022;85.800,90;85.800,90;85.800,90;0
183;20/05/2022;01010 - Câmara Municipal;319011 - Vencimentos e Vantagens Fixas - Pessoal Civil;23/05/2022;31.400,00;31.400,00;31.400,00;0
182;20/05/2022;01010 - Câmara Municipal;319011 - Vencimentos e Vantagens Fixas - Pessoal Civil;23/05/2022;29.442,88;29.442,88;29.442,88;0
181;20/05/2022;01010 - Câmara Municipal;319011 - Vencimentos e Vantagens Fixas - Pessoal Civil;23/05/2022;154.920,00;154.920,00;154.920,00;0
180;19/05/2022;01010 - Câmara Municipal;339039 - Outros Serviços de Terceiros - Pessoa Jurídica;23/05/2022;322,72;322,72;322,72;0
179;04/05/2022;01010 - Câmara Municipal;339030 - Material de Consumo;06/05/2022;5.531,26;5.531,26;5.531,26;0
178;04/05/2022;01010 - Câmara Municipal;339030 - Material de Consumo;06/05/2022;1.600,00;1.600,00;1.600,00;0
177;04/05/2022;01010 - Câmara Municipal;339039 - Outros Serviços de Terceiros - Pessoa Jurídica;06/05/2022;2.000,00;2.000,00;2.000,00;0
176;04/05/2022;01010 - Câmara Municipal;449052 - Equipamentos e Material Permanente;06/05/2022;988,5;988,5;988,5;0
175;02/05/2022;01010 - Câmara Municipal;339039 - Outros Serviços de Terceiros - Pessoa Jurídica;05/05/2022;4.349,00;4.349,00;4.349,00;0
174;29/04/2022;01010 - Câmara Municipal;339039 - Outros Serviços de Terceiros - Pessoa Jurídica;03/05/2022;1.400,00;1.400,00;1.400,00;0
173;26/04/2022;01010 - Câmara Municipal;339039 - Outros Serviços de Terceiros - Pessoa Jurídica;27/04/2022;2.500,00;2.500,00;2.500,00;0
172;26/04/2022;01010 - Câmara Municipal;339039 - Outros Serviços de Terceiros - Pessoa Jurídica;27/04/2022;480;480;480;0
171;26/04/2022;01010 - Câmara Municipal;339039 - Outros Serviços de Terceiros - Pessoa Jurídica;27/04/2022;2.074,27;2.074,27;2.074,27;0
170;25/04/2022;01010 - Câmara Municipal;339030 - Material de Consumo;27/04/2022;5.329,70;5.329,70;5.329,70;0
169;25/04/2022;01010 - Câmara Municipal;339040 - SERVIÇOS DE TECNOLOGIA DA INFORMAÇÃO E COMUNICAÇÃO;27/04/2022;450;450;450;0
168;25/04/2022;01010 - Câmara Municipal;339039 - Outros Serviços de Terceiros - Pessoa Jurídica;27/04/2022;1.500,00;1.500,00;1.500,00;0
167;25/04/2022;01010 - Câmara Municipal;339039 - Outros Serviços de Terceiros - Pessoa Jurídica;27/04/2022;1.200,00;1.200,00;1.200,00;0
166;25/04/2022;01010 - Câmara Municipal;339039 - Outros Serviços de Terceiros - Pessoa Jurídica;27/04/2022;4.558,00;4.558,00;4.558,00;0
165;25/04/2022;01010 - Câmara Municipal;339039 - Outros Serviços de Terceiros - Pessoa Jurídica;27/04/2022;3.350,29;3.350,29;3.350,29;0
164;25/04/2022;01010 - Câmara Municipal;339039 - Outros Serviços de Terceiros - Pessoa Jurídica;27/04/2022;900;900;900;0
163;25/04/2022;01010 - Câmara Municipal;339030 - Material de Consumo;27/04/2022;5.953,83;5.953,83;5.953,83;0
162;25/04/2022;01010 - Câmara Municipal;339039 - Outros Serviços de Terceiros - Pessoa Jurídica;27/04/2022;178,44;178,44;178,44;0
161;25/04/2022;01010 - Câmara Municipal;339039 - Outros Serviços de Terceiros - Pessoa Jurídica;27/04/2022;178,44;0;0;0
160;25/04/2022;01010 - Câmara Municipal;339039 - Outros Serviços de Terceiros - Pessoa Jurídica;27/04/2022;178,44;178,44;178,44;0
159;25/04/2022;01010 - Câmara Municipal;339039 - Outros Serviços de Terceiros - Pessoa Jurídica;27/04/2022;106,82;106,82;106,82;0
158;25/04/2022;01010 - Câmara Municipal;339040 - SERVIÇOS DE TECNOLOGIA DA INFORMAÇÃO E COMUNICAÇÃO;27/04/2022;1.650,00;1.650,00;1.650,00;0
157;25/04/2022;01010 - Câmara Municipal;339039 - Outros Serviços de Terceiros - Pessoa Jurídica;27/04/2022;2.500,00;2.500,00;2.500,00;0
156;25/04/2022;01010 - Câmara Municipal;339039 - Outros Serviços de Terceiros - Pessoa Jurídica;27/04/2022;1.400,00;1.400,00;1.400,00;0
155;25/04/2022;01010 - Câmara Municipal;339035 - Serviços de Consultoria;27/04/2022;4.000,00;4.000,00;4.000,00;0
154;25/04/2022;01010 - Câmara Municipal;339039 - Outros Serviços de Terceiros - Pessoa Jurídica;27/04/2022;900;900;900;0
153;25/04/2022;01010 - Câmara Municipal;339039 - Outros Serviços de Terceiros - Pessoa Jurídica;27/04/2022;950;950;950;0
152;25/04/2022;01010 - Câmara Municipal;339039 - Outros Serviços de Terceiros - Pessoa Jurídica;27/04/2022;2.000,00;2.000,00;2.000,00;0
151;25/04/2022;01010 - Câmara Municipal;339039 - Outros Serviços de Terceiros - Pessoa Jurídica;27/04/2022;1.500,00;1.500,00;1.500,00;0
150;25/04/2022;01010 - Câmara Municipal;339039 - Outros Serviços de Terceiros - Pessoa Jurídica;27/04/2022;3.500,00;3.500,00;3.500,00;0
149;25/04/2022;01010 - Câmara Municipal;339039 - Outros Serviços de Terceiros - Pessoa Jurídica;27/04/2022;870;870;870;0
148;25/04/2022;01010 - Câmara Municipal;339039 - Outros Serviços de Terceiros - Pessoa Jurídica;27/04/2022;7.000,00;7.000,00;7.000,00;0
147;25/04/2022;01010 - Câmara Municipal;339039 - Outros Serviços de Terceiros - Pessoa Jurídica;27/04/2022;800;800;800;0
146;25/04/2022;01010 - Câmara Municipal;339039 - Outros Serviços de Terceiros - Pessoa Jurídica;27/04/2022;3.700,00;3.700,00;3.700,00;0
144;25/04/2022;01010 - Câmara Municipal;319113 - Contribuições Patronais;26/04/2022;407,99;407,99;407,99;0
143;25/04/2022;01010 - Câmara Municipal;319113 - Contribuições Patronais;26/04/2022;407,99;407,99;407,99;0
142;25/04/2022;01010 - Câmara Municipal;319113 - Contribuições Patronais;26/04/2022;417,97;417,97;417,97;0
141;20/04/2022;01010 - Câmara Municipal;319013 - Obrigações Patronais;26/04/2022;63.659,04;63.659,04;63.659,04;0
140;20/04/2022;01010 - Câmara Municipal;319113 - Contribuições Patronais;26/04/2022;9.598,51;9.598,51;9.598,51;0
145;18/04/2022;01010 - Câmara Municipal;339039 - Outros Serviços de Terceiros - Pessoa Jurídica;27/04/2022;4.200,00;4.200,00;4.200,00;0
139;18/04/2022;01010 - Câmara Municipal;319011 - Vencimentos e Vantagens Fixas - Pessoal Civil;20/04/2022;53.200,00;53.200,00;53.200,00;0
138;18/04/2022;01010 - Câmara Municipal;319011 - Vencimentos e Vantagens Fixas - Pessoal Civil;20/04/2022;85.840,00;85.840,00;85.840,00;0
137;18/04/2022;01010 - Câmara Municipal;319011 - Vencimentos e Vantagens Fixas - Pessoal Civil;20/04/2022;31.400,00;31.400,00;31.400,00;0
136;18/04/2022;01010 - Câmara Municipal;319011 - Vencimentos e Vantagens Fixas - Pessoal Civil;20/04/2022;28.230,88;28.230,88;28.230,88;0
135;18/04/2022;01010 - Câmara Municipal;319011 - Vencimentos e Vantagens Fixas - Pessoal Civil;20/04/2022;154.920,00;154.920,00;154.920,00;0
134;07/04/2022;01010 - Câmara Municipal;339030 - Material de Consumo;11/04/2022;172;172;172;0
133;07/04/2022;01010 - Câmara Municipal;339039 - Outros Serviços de Terceiros - Pessoa Jurídica;11/04/2022;50;50;50;0
132;31/03/2022;01010 - Câmara Municipal;319013 - Obrigações Patronais;04/04/2022;0,03;0,03;0,03;0
131;31/03/2022;01010 - Câmara Municipal;339030 - Material de Consumo;04/04/2022;4.891,10;4.891,10;4.891,10;0
130;31/03/2022;01010 - Câmara Municipal;339030 - Material de Consumo;04/04/2022;1.332,00;1.332,00;1.332,00;0
129;31/03/2022;01010 - Câmara Municipal;339039 - Outros Serviços de Terceiros - Pessoa Jurídica;04/04/2022;3.181,00;3.181,00;3.181,00;0
128;29/03/2022;01010 - Câmara Municipal;319013 - Obrigações Patronais;31/03/2022;50,86;50,86;50,86;0
127;29/03/2022;01010 - Câmara Municipal;339039 - Outros Serviços de Terceiros - Pessoa Jurídica;31/03/2022;1.400,00;1.400,00;1.400,00;0
126;28/03/2022;01010 - Câmara Municipal;339035 - Serviços de Consultoria;31/03/2022;4.800,00;4.800,00;4.800,00;0
125;28/03/2022;01010 - Câmara Municipal;339039 - Outros Serviços de Terceiros - Pessoa Jurídica;31/03/2022;2.500,00;2.500,00;2.500,00;0
124;28/03/2022;01010 - Câmara Municipal;339039 - Outros Serviços de Terceiros - Pessoa Jurídica;31/03/2022;784,6;784,6;784,6;0
123;28/03/2022;01010 - Câmara Municipal;339039 - Outros Serviços de Terceiros - Pessoa Jurídica;31/03/2022;2.500,00;2.500,00;2.500,00;0
122;28/03/2022;01010 - Câmara Municipal;339030 - Material de Consumo;31/03/2022;6.072,60;6.072,60;6.072,60;0
121;28/03/2022;01010 - Câmara Municipal;339030 - Material de Consumo;31/03/2022;4.961,48;4.961,48;4.961,48;0
120;25/03/2022;01010 - Câmara Municipal;339030 - Material de Consumo;31/03/2022;5.514,10;5.514,10;5.514,10;0
119;25/03/2022;01010 - Câmara Municipal;339039 - Outros Serviços de Terceiros - Pessoa Jurídica;31/03/2022;800;800;800;0
118;25/03/2022;01010 - Câmara Municipal;339039 - Outros Serviços de Terceiros - Pessoa Jurídica;31/03/2022;1.400,00;1.400,00;1.400,00;0
117;25/03/2022;01010 - Câmara Municipal;449052 - Equipamentos e Material Permanente;31/03/2022;2.000,00;2.000,00;2.000,00;0
116;25/03/2022;01010 - Câmara Municipal;449052 - Equipamentos e Material Permanente;31/03/2022;900;900;900;0
115;25/03/2022;01010 - Câmara Municipal;339039 - Outros Serviços de Terceiros - Pessoa Jurídica;31/03/2022;1.500,00;1.500,00;1.500,00;0
114;25/03/2022;01010 - Câmara Municipal;339039 - Outros Serviços de Terceiros - Pessoa Jurídica;31/03/2022;1.200,00;1.200,00;1.200,00;0
113;25/03/2022;01010 - Câmara Municipal;339039 - Outros Serviços de Terceiros - Pessoa Jurídica;31/03/2022;900;900;900;0
112;25/03/2022;01010 - Câmara Municipal;339039 - Outros Serviços de Terceiros - Pessoa Jurídica;31/03/2022;950;950;950;0
111;25/03/2022;01010 - Câmara Municipal;339039 - Outros Serviços de Terceiros - Pessoa Jurídica;31/03/2022;3.500,00;3.500,00;3.500,00;0
110;25/03/2022;01010 - Câmara Municipal;339039 - Outros Serviços de Terceiros - Pessoa Jurídica;31/03/2022;1.500,00;1.500,00;1.500,00;0
109;25/03/2022;01010 - Câmara Municipal;339040 - SERVIÇOS DE TECNOLOGIA DA INFORMAÇÃO E COMUNICAÇÃO;31/03/2022;450;450;450;0
108;25/03/2022;01010 - Câmara Municipal;339039 - Outros Serviços de Terceiros - Pessoa Jurídica;31/03/2022;2.000,00;2.000,00;2.000,00;0
107;25/03/2022;01010 - Câmara Municipal;339035 - Serviços de Consultoria;31/03/2022;4.000,00;4.000,00;4.000,00;0
106;25/03/2022;01010 - Câmara Municipal;339039 - Outros Serviços de Terceiros - Pessoa Jurídica;31/03/2022;3.413,20;3.413,20;3.413,20;0
105;25/03/2022;01010 - Câmara Municipal;339039 - Outros Serviços de Terceiros - Pessoa Jurídica;31/03/2022;1.500,00;1.500,00;1.500,00;0
104;25/03/2022;01010 - Câmara Municipal;339039 - Outros Serviços de Terceiros - Pessoa Jurídica;31/03/2022;3.700,00;3.700,00;3.700,00;0
103;25/03/2022;01010 - Câmara Municipal;339030 - Material de Consumo;31/03/2022;2.750,75;2.750,75;2.750,75;0
102;25/03/2022;01010 - Câmara Municipal;339039 - Outros Serviços de Terceiros - Pessoa Jurídica;31/03/2022;900;900;900;0
101;25/03/2022;01010 - Câmara Municipal;339040 - SERVIÇOS DE TECNOLOGIA DA INFORMAÇÃO E COMUNICAÇÃO;31/03/2022;1.650,00;1.650,00;1.650,00;0
100;25/03/2022;01010 - Câmara Municipal;339039 - Outros Serviços de Terceiros - Pessoa Jurídica;31/03/2022;2.300,00;2.300,00;2.300,00;0
99;25/03/2022;01010 - Câmara Municipal;339039 - Outros Serviços de Terceiros - Pessoa Jurídica;31/03/2022;1.727,66;1.727,66;1.727,66;0
98;25/03/2022;01010 - Câmara Municipal;339039 - Outros Serviços de Terceiros - Pessoa Jurídica;31/03/2022;1.246,42;1.246,42;1.246,42;0
97;25/03/2022;01010 - Câmara Municipal;339039 - Outros Serviços de Terceiros - Pessoa Jurídica;31/03/2022;721,45;721,45;721,45;0
96;25/03/2022;01010 - Câmara Municipal;339039 - Outros Serviços de Terceiros - Pessoa Jurídica;31/03/2022;800;800;800;0
95;23/03/2022;01010 - Câmara Municipal;319013 - Obrigações Patronais;31/03/2022;63.659,04;63.659,04;63.659,04;0
94;23/03/2022;01010 - Câmara Municipal;319113 - Contribuições Patronais;31/03/2022;9.021,47;9.021,47;9.021,47;0
93;23/03/2022;01010 - Câmara Municipal;339039 - Outros Serviços de Terceiros - Pessoa Jurídica;31/03/2022;330,56;330,56;330,56;0
92;22/03/2022;01010 - Câmara Municipal;339039 - Outros Serviços de Terceiros - Pessoa Jurídica;23/03/2022;4.200,00;4.200,00;4.200,00;0
91;18/03/2022;01010 - Câmara Municipal;339039 - Outros Serviços de Terceiros - Pessoa Jurídica;21/03/2022;7.000,00;7.000,00;7.000,00;0
90;16/03/2022;01010 - Câmara Municipal;319011 - Vencimentos e Vantagens Fixas - Pessoal Civil;21/03/2022;53.200,00;53.200,00;53.200,00;0
89;16/03/2022;01010 - Câmara Municipal;319011 - Vencimentos e Vantagens Fixas - Pessoal Civil;21/03/2022;85.840,00;85.840,00;85.840,00;0
88;16/03/2022;01010 - Câmara Municipal;319011 - Vencimentos e Vantagens Fixas - Pessoal Civil;21/03/2022;31.400,00;31.400,00;31.400,00;0
87;16/03/2022;01010 - Câmara Municipal;319011 - Vencimentos e Vantagens Fixas - Pessoal Civil;21/03/2022;28.530,88;28.530,88;28.530,88;0
86;16/03/2022;01010 - Câmara Municipal;319011 - Vencimentos e Vantagens Fixas - Pessoal Civil;21/03/2022;154.920,00;154.920,00;154.920,00;0
85;09/03/2022;01010 - Câmara Municipal;339039 - Outros Serviços de Terceiros - Pessoa Jurídica;11/03/2022;3.078,00;3.078,00;3.078,00;0
84;25/02/2022;01010 - Câmara Municipal;339039 - Outros Serviços de Terceiros - Pessoa Jurídica;03/03/2022;2.546,00;2.546,00;2.546,00;0
83;25/02/2022;01010 - Câmara Municipal;339030 - Material de Consumo;25/02/2022;1.579,10;1.579,10;0;1.579,10
81;25/02/2022;01010 - Câmara Municipal;339039 - Outros Serviços de Terceiros - Pessoa Jurídica;25/02/2022;2.000,00;2.000,00;0;2.000,00
80;25/02/2022;01010 - Câmara Municipal;339030 - Material de Consumo;25/02/2022;1.000,00;1.000,00;0;1.000,00
79;25/02/2022;01010 - Câmara Municipal;339030 - Material de Consumo;25/02/2022;4.499,95;4.499,95;0;4.499,95
78;25/02/2022;01010 - Câmara Municipal;339039 - Outros Serviços de Terceiros - Pessoa Jurídica;25/02/2022;1.732,77;1.732,77;0;1.732,77
77;25/02/2022;01010 - Câmara Municipal;339030 - Material de Consumo;25/02/2022;969;969;0;969
76;25/02/2022;01010 - Câmara Municipal;339039 - Outros Serviços de Terceiros - Pessoa Jurídica;25/02/2022;2.500,00;2.500,00;0;2.500,00
74;25/02/2022;01010 - Câmara Municipal;339030 - Material de Consumo;25/02/2022;4.499,94;4.499,94;0;4.499,94
82;24/02/2022;01010 - Câmara Municipal;339039 - Outros Serviços de Terceiros - Pessoa Jurídica;25/02/2022;1.400,00;1.400,00;0;1.400,00
75;24/02/2022;01010 - Câmara Municipal;339039 - Outros Serviços de Terceiros - Pessoa Jurídica;25/02/2022;100;100;0;100
73;24/02/2022;01010 - Câmara Municipal;339039 - Outros Serviços de Terceiros - Pessoa Jurídica;25/02/2022;900;900;0;900
72;24/02/2022;01010 - Câmara Municipal;339039 - Outros Serviços de Terceiros - Pessoa Jurídica;25/02/2022;950;950;0;950
71;24/02/2022;01010 - Câmara Municipal;339030 - Material de Consumo;25/02/2022;4.000,00;4.000,00;0;4.000,00
70;23/02/2022;01010 - Câmara Municipal;339040 - SERVIÇOS DE TECNOLOGIA DA INFORMAÇÃO E COMUNICAÇÃO;25/02/2022;450;450;0;450
69;23/02/2022;01010 - Câmara Municipal;339039 - Outros Serviços de Terceiros - Pessoa Jurídica;25/02/2022;1.500,00;1.500,00;0;1.500,00
68;23/02/2022;01010 - Câmara Municipal;339039 - Outros Serviços de Terceiros - Pessoa Jurídica;25/02/2022;2.500,00;2.500,00;0;2.500,00
67;23/02/2022;01010 - Câmara Municipal;339039 - Outros Serviços de Terceiros - Pessoa Jurídica;25/02/2022;3.700,00;3.700,00;0;3.700,00
66;23/02/2022;01010 - Câmara Municipal;339039 - Outros Serviços de Terceiros - Pessoa Jurídica;25/02/2022;1.400,00;1.400,00;0;1.400,00
65;23/02/2022;01010 - Câmara Municipal;339040 - SERVIÇOS DE TECNOLOGIA DA INFORMAÇÃO E COMUNICAÇÃO;25/02/2022;1.650,00;1.650,00;0;1.650,00
64;23/02/2022;01010 - Câmara Municipal;339039 - Outros Serviços de Terceiros - Pessoa Jurídica;25/02/2022;2.000,00;2.000,00;0;2.000,00
63;23/02/2022;01010 - Câmara Municipal;449052 - Equipamentos e Material Permanente;25/02/2022;3.540,00;3.540,00;2.040,00;1.500,00
62;23/02/2022;01010 - Câmara Municipal;339039 - Outros Serviços de Terceiros - Pessoa Jurídica;25/02/2022;1.200,00;1.200,00;0;1.200,00
61;23/02/2022;01010 - Câmara Municipal;339039 - Outros Serviços de Terceiros - Pessoa Jurídica;25/02/2022;1.500,00;1.500,00;0;1.500,00
60;23/02/2022;01010 - Câmara Municipal;339039 - Outros Serviços de Terceiros - Pessoa Jurídica;25/02/2022;800;800;0;800
59;23/02/2022;01010 - Câmara Municipal;339039 - Outros Serviços de Terceiros - Pessoa Jurídica;25/02/2022;900;900;0;900
58;23/02/2022;01010 - Câmara Municipal;339039 - Outros Serviços de Terceiros - Pessoa Jurídica;25/02/2022;3.500,00;3.500,00;0;3.500,00
57;23/02/2022;01010 - Câmara Municipal;339035 - Serviços de Consultoria;25/02/2022;4.000,00;4.000,00;0;4.000,00
56;23/02/2022;01010 - Câmara Municipal;339035 - Serviços de Consultoria;25/02/2022;4.800,00;4.800,00;0;4.800,00
55;23/02/2022;01010 - Câmara Municipal;319013 - Obrigações Patronais;25/02/2022;63.678,07;63.678,07;63.678,07;0
54;23/02/2022;01010 - Câmara Municipal;319113 - Contribuições Patronais;25/02/2022;9.021,47;9.021,47;9.021,47;0
53;21/02/2022;01010 - Câmara Municipal;339039 - Outros Serviços de Terceiros - Pessoa Jurídica;23/02/2022;7.000,00;7.000,00;0;7.000,00
52;21/02/2022;01010 - Câmara Municipal;339039 - Outros Serviços de Terceiros - Pessoa Jurídica;23/02/2022;2.100,00;2.100,00;0;2.100,00
51;17/02/2022;01010 - Câmara Municipal;319011 - Vencimentos e Vantagens Fixas - Pessoal Civil;18/02/2022;53.200,00;53.200,00;53.200,00;0
50;17/02/2022;01010 - Câmara Municipal;319011 - Vencimentos e Vantagens Fixas - Pessoal Civil;18/02/2022;85.846,50;85.846,50;85.846,50;0
49;17/02/2022;01010 - Câmara Municipal;319011 - Vencimentos e Vantagens Fixas - Pessoal Civil;18/02/2022;31.700,00;31.700,00;31.700,00;0
48;17/02/2022;01010 - Câmara Municipal;319011 - Vencimentos e Vantagens Fixas - Pessoal Civil;18/02/2022;28.530,88;28.530,88;28.530,88;0
47;17/02/2022;01010 - Câmara Municipal;319011 - Vencimentos e Vantagens Fixas - Pessoal Civil;18/02/2022;154.920,00;154.920,00;154.920,00;0
46;17/02/2022;01010 - Câmara Municipal;449052 - Equipamentos e Material Permanente;18/02/2022;650;650;650;0
45;10/02/2022;01010 - Câmara Municipal;339014 - Diárias - Civil;14/02/2022;900;900;900;0
44;07/02/2022;01010 - Câmara Municipal;339014 - Diárias - Civil;08/02/2022;900;900;900;0
43;01/02/2022;01010 - Câmara Municipal;339030 - Material de Consumo;08/02/2022;2.843,50;2.843,50;2.843,50;0
42;31/01/2022;01010 - Câmara Municipal;339030 - Material de Consumo;01/02/2022;5.199,34;5.199,34;5.199,34;0
41;28/01/2022;01010 - Câmara Municipal;319013 - Obrigações Patronais;01/02/2022;63.593,20;63.593,20;63.593,20;0
40;28/01/2022;01010 - Câmara Municipal;339039 - Outros Serviços de Terceiros - Pessoa Jurídica;01/02/2022;2.700,00;2.700,00;2.700,00;0
39;28/01/2022;01010 - Câmara Municipal;339039 - Outros Serviços de Terceiros - Pessoa Jurídica;01/02/2022;1.200,00;1.200,00;1.200,00;0
38;28/01/2022;01010 - Câmara Municipal;339039 - Outros Serviços de Terceiros - Pessoa Jurídica;01/02/2022;1.400,00;1.400,00;1.400,00;0
37;26/01/2022;01010 - Câmara Municipal;339039 - Outros Serviços de Terceiros - Pessoa Jurídica;31/01/2022;1.400,00;1.400,00;1.400,00;0
36;26/01/2022;01010 - Câmara Municipal;339039 - Outros Serviços de Terceiros - Pessoa Jurídica;31/01/2022;5.860,00;5.860,00;5.860,00;0
35;26/01/2022;01010 - Câmara Municipal;339039 - Outros Serviços de Terceiros - Pessoa Jurídica;31/01/2022;1.100,00;1.100,00;1.100,00;0
34;26/01/2022;01010 - Câmara Municipal;339039 - Outros Serviços de Terceiros - Pessoa Jurídica;31/01/2022;2.918,00;2.918,00;2.918,00;0
33;26/01/2022;01010 - Câmara Municipal;339039 - Outros Serviços de Terceiros - Pessoa Jurídica;31/01/2022;700;700;700;0
32;26/01/2022;01010 - Câmara Municipal;339030 - Material de Consumo;31/01/2022;5.235,80;5.235,80;5.235,80;0
31;25/01/2022;01010 - Câmara Municipal;449052 - Equipamentos e Material Permanente;31/01/2022;4.610,00;4.610,00;4.610,00;0
30;25/01/2022;01010 - Câmara Municipal;339039 - Outros Serviços de Terceiros - Pessoa Jurídica;31/01/2022;1.500,00;1.500,00;1.500,00;0
29;25/01/2022;01010 - Câmara Municipal;339039 - Outros Serviços de Terceiros - Pessoa Jurídica;31/01/2022;270;270;270;0
28;25/01/2022;01010 - Câmara Municipal;339039 - Outros Serviços de Terceiros - Pessoa Jurídica;31/01/2022;650;650;650;0
27;25/01/2022;01010 - Câmara Municipal;339039 - Outros Serviços de Terceiros - Pessoa Jurídica;31/01/2022;2.500,00;2.500,00;2.500,00;0
26;25/01/2022;01010 - Câmara Municipal;339039 - Outros Serviços de Terceiros - Pessoa Jurídica;31/01/2022;2.000,00;2.000,00;2.000,00;0
25;25/01/2022;01010 - Câmara Municipal;339039 - Outros Serviços de Terceiros - Pessoa Jurídica;31/01/2022;1.500,00;1.500,00;1.500,00;0
24;25/01/2022;01010 - Câmara Municipal;339039 - Outros Serviços de Terceiros - Pessoa Jurídica;31/01/2022;106,93;106,93;106,93;0
23;25/01/2022;01010 - Câmara Municipal;339039 - Outros Serviços de Terceiros - Pessoa Jurídica;31/01/2022;3.500,00;3.500,00;3.500,00;0
22;25/01/2022;01010 - Câmara Municipal;339039 - Outros Serviços de Terceiros - Pessoa Jurídica;31/01/2022;1.692,86;1.692,86;1.692,86;0
21;25/01/2022;01010 - Câmara Municipal;339039 - Outros Serviços de Terceiros - Pessoa Jurídica;31/01/2022;900;900;900;0
20;25/01/2022;01010 - Câmara Municipal;339039 - Outros Serviços de Terceiros - Pessoa Jurídica;31/01/2022;900;900;900;0
19;25/01/2022;01010 - Câmara Municipal;339039 - Outros Serviços de Terceiros - Pessoa Jurídica;31/01/2022;950;950;950;0
18;25/01/2022;01010 - Câmara Municipal;339039 - Outros Serviços de Terceiros - Pessoa Jurídica;31/01/2022;800;800;800;0
17;25/01/2022;01010 - Câmara Municipal;339039 - Outros Serviços de Terceiros - Pessoa Jurídica;31/01/2022;2.150,59;2.150,59;2.150,59;0
16;25/01/2022;01010 - Câmara Municipal;339040 - SERVIÇOS DE TECNOLOGIA DA INFORMAÇÃO E COMUNICAÇÃO;31/01/2022;1.650,00;1.650,00;1.650,00;0
15;25/01/2022;01010 - Câmara Municipal;339039 - Outros Serviços de Terceiros - Pessoa Jurídica;31/01/2022;3.700,00;3.700,00;3.700,00;0
14;25/01/2022;01010 - Câmara Municipal;339035 - Serviços de Consultoria;31/01/2022;4.000,00;4.000,00;4.000,00;0
13;25/01/2022;01010 - Câmara Municipal;339040 - SERVIÇOS DE TECNOLOGIA DA INFORMAÇÃO E COMUNICAÇÃO;31/01/2022;450;450;450;0
12;25/01/2022;01010 - Câmara Municipal;339030 - Material de Consumo;26/01/2022;4.390,05;4.390,05;4.390,05;0
11;25/01/2022;01010 - Câmara Municipal;339035 - Serviços de Consultoria;26/01/2022;4.800,00;4.800,00;4.800,00;0
10;24/01/2022;01010 - Câmara Municipal;319113 - Contribuições Patronais;26/01/2022;9.242,15;9.242,15;9.242,15;0
9;17/01/2022;01010 - Câmara Municipal;339039 - Outros Serviços de Terceiros - Pessoa Jurídica;24/01/2022;7.000,00;7.000,00;7.000,00;0
8;17/01/2022;01010 - Câmara Municipal;339039 - Outros Serviços de Terceiros - Pessoa Jurídica;24/01/2022;2.100,00;2.100,00;2.100,00;0
7;17/01/2022;01010 - Câmara Municipal;319011 - Vencimentos e Vantagens Fixas - Pessoal Civil;24/01/2022;53.200,00;53.200,00;53.200,00;0
6;17/01/2022;01010 - Câmara Municipal;319011 - Vencimentos e Vantagens Fixas - Pessoal Civil;24/01/2022;85.840,00;85.840,00;85.840,00;0
5;17/01/2022;01010 - Câmara Municipal;319011 - Vencimentos e Vantagens Fixas - Pessoal Civil;24/01/2022;31.400,00;31.400,00;31.400,00;0
4;17/01/2022;01010 - Câmara Municipal;319011 - Vencimentos e Vantagens Fixas - Pessoal Civil;24/01/2022;29.228,80;29.228,80;29.228,80;0
3;17/01/2022;01010 - Câmara Municipal;319011 - Vencimentos e Vantagens Fixas - Pessoal Civil;24/01/2022;154.920,00;154.920,00;154.920,00;0
2;03/01/2022;01010 - Câmara Municipal;339039 - Outros Serviços de Terceiros - Pessoa Jurídica;20/01/2022;4.000,00;3.360,24;3.360,24;474,76
1;03/01/2022;01010 - Câmara Municipal;339039 - Outros Serviços de Terceiros - Pessoa Jurídica;20/01/2022;4.000,00;2.198,75;2.198,75;310,2
