 Número Guia;Receita;Data;Nome;CPF/CNPJ;Valor Previsto;Valor Lançado;Valor Arrecadado
1;1721340001-FMAS PVMC PROGRAMA PETI;04/01/2013;FUNDO MUNICIPAL DE ASSISTENCIA SOCIAL;13.291.727/0001-17;224.700,00;0;11.000,00
2;1721340014-PRO-JOVEM ADOLESCENTE - FNAS;04/01/2013;FUNDO MUNICIPAL DE ASSISTENCIA SOCIAL;13.291.727/0001-17;340.000,00;0;3.140,25
3;1721340014-PRO-JOVEM ADOLESCENTE - FNAS;25/01/2013;FUNDO MUNICIPAL DE ASSISTENCIA SOCIAL;13.291.727/0001-17;340.000,00;0;17.272,50
4;1721340009-PAIF CRAS;04/01/2013;FUNDO MUNICIPAL DE ASSISTENCIA SOCIAL;13.291.727/0001-17;288.000,00;0;18.000,00
5;1721340015-PFMC CREAS;04/01/2013;FUNDO MUNICIPAL DE ASSISTENCIA SOCIAL;13.291.727/0001-17;192.000,00;0;12.500,00
6;1325000001-Remuneração de Depositos Bancarios;25/01/2013;FUNDO MUNICIPAL DE ASSISTENCIA SOCIAL;13.291.727/0001-17;10.000,00;0;0,22
7;1325000001-Remuneração de Depositos Bancarios;31/01/2013;FUNDO MUNICIPAL DE ASSISTENCIA SOCIAL;13.291.727/0001-17;10.000,00;0;0,1
8;1325000001-Remuneração de Depositos Bancarios;31/01/2013;FUNDO MUNICIPAL DE ASSISTENCIA SOCIAL;13.291.727/0001-17;10.000,00;0;0,02
9;1325000001-Remuneração de Depositos Bancarios;31/01/2013;FUNDO MUNICIPAL DE ASSISTENCIA SOCIAL;13.291.727/0001-17;10.000,00;0;4,69
10;1325000001-Remuneração de Depositos Bancarios;31/01/2013;FUNDO MUNICIPAL DE ASSISTENCIA SOCIAL;13.291.727/0001-17;10.000,00;0;1,18
11;1325000001-Remuneração de Depositos Bancarios;31/01/2013;FUNDO MUNICIPAL DE ASSISTENCIA SOCIAL;13.291.727/0001-17;10.000,00;0;7,9
12;1325000001-Remuneração de Depositos Bancarios;31/01/2013;FUNDO MUNICIPAL DE ASSISTENCIA SOCIAL;13.291.727/0001-17;10.000,00;0;0,06
13;1325000001-Remuneração de Depositos Bancarios;31/01/2013;FUNDO MUNICIPAL DE ASSISTENCIA SOCIAL;13.291.727/0001-17;10.000,00;0;0,38
14;1325000001-Remuneração de Depositos Bancarios;31/01/2013;FUNDO MUNICIPAL DE ASSISTENCIA SOCIAL;13.291.727/0001-17;10.000,00;0;16,56
15;1325000001-Remuneração de Depositos Bancarios;31/01/2013;FUNDO MUNICIPAL DE ASSISTENCIA SOCIAL;13.291.727/0001-17;10.000,00;0;0,04
16;1325000001-Remuneração de Depositos Bancarios;31/01/2013;FUNDO MUNICIPAL DE ASSISTENCIA SOCIAL;13.291.727/0001-17;10.000,00;0;0,02
18;1325000001-Remuneração de Depositos Bancarios;31/01/2013;FUNDO MUNICIPAL DE ASSISTENCIA SOCIAL;13.291.727/0001-17;10.000,00;0;0,18
19;1325000001-Remuneração de Depositos Bancarios;31/01/2013;FUNDO MUNICIPAL DE ASSISTENCIA SOCIAL;13.291.727/0001-17;10.000,00;0;0,05
20;1325000001-Remuneração de Depositos Bancarios;31/01/2013;FUNDO MUNICIPAL DE ASSISTENCIA SOCIAL;13.291.727/0001-17;10.000,00;0;0,2
21;1325000001-Remuneração de Depositos Bancarios;31/01/2013;FUNDO MUNICIPAL DE ASSISTENCIA SOCIAL;13.291.727/0001-17;10.000,00;0;0,15
22;1721340017-ACESSUAS - PRONATEC;04/01/2013;FUNDO MUNICIPAL DE ASSISTENCIA SOCIAL;13.291.727/0001-17;100.000,00;0;4.544,00
23;1721340010-IGD PBF BOLSA FAMILIA;04/01/2013;FUNDO MUNICIPAL DE ASSISTENCIA SOCIAL;13.291.727/0001-17;396.000,00;0;11.063,78
24;1721340005-PISO DE TRANSICAO DE MEDIA COMPLEXIDADE;04/01/2013;FUNDO MUNICIPAL DE ASSISTENCIA SOCIAL;13.291.727/0001-17;30.000,00;0;1.419,00
25;1721340016-IGD-SUAS;04/01/2013;FUNDO MUNICIPAL DE ASSISTENCIA SOCIAL;13.291.727/0001-17;30.000,00;0;1.948,41
26;1325000001-Remuneração de Depositos Bancarios;31/01/2013;FUNDO MUNICIPAL DE ASSISTENCIA SOCIAL;13.291.727/0001-17;10.000,00;0;112,48
27;1721340010-IGD PBF BOLSA FAMILIA;15/02/2013;FUNDO MUNICIPAL DE ASSISTENCIA SOCIAL;13.291.727/0001-17;396.000,00;0;24.331,66
28;1721340009-PAIF CRAS;13/02/2013;FUNDO MUNICIPAL DE ASSISTENCIA SOCIAL;13.291.727/0001-17;288.000,00;0;18.000,00
29;1721340005-PISO DE TRANSICAO DE MEDIA COMPLEXIDADE;15/02/2013;FUNDO MUNICIPAL DE ASSISTENCIA SOCIAL;13.291.727/0001-17;30.000,00;0;1.419,00
30;1721340016-IGD-SUAS;27/02/2013;FUNDO MUNICIPAL DE ASSISTENCIA SOCIAL;13.291.727/0001-17;30.000,00;0;2.505,09
31;1325000001-Remuneração de Depositos Bancarios;28/02/2013;FUNDO MUNICIPAL DE ASSISTENCIA SOCIAL;13.291.727/0001-17;10.000,00;0;0,03
32;1325000001-Remuneração de Depositos Bancarios;28/02/2013;FUNDO MUNICIPAL DE ASSISTENCIA SOCIAL;13.291.727/0001-17;10.000,00;0;0,16
33;1325000001-Remuneração de Depositos Bancarios;28/02/2013;FUNDO MUNICIPAL DE ASSISTENCIA SOCIAL;13.291.727/0001-17;10.000,00;0;0,04
34;1325000001-Remuneração de Depositos Bancarios;28/02/2013;FUNDO MUNICIPAL DE ASSISTENCIA SOCIAL;13.291.727/0001-17;10.000,00;0;0,17
35;1325000001-Remuneração de Depositos Bancarios;28/02/2013;FUNDO MUNICIPAL DE ASSISTENCIA SOCIAL;13.291.727/0001-17;10.000,00;0;0,13
36;1325000001-Remuneração de Depositos Bancarios;28/02/2013;FUNDO MUNICIPAL DE ASSISTENCIA SOCIAL;13.291.727/0001-17;10.000,00;0;0,18
37;1325000001-Remuneração de Depositos Bancarios;28/02/2013;FUNDO MUNICIPAL DE ASSISTENCIA SOCIAL;13.291.727/0001-17;10.000,00;0;0,08
38;1325000001-Remuneração de Depositos Bancarios;28/02/2013;FUNDO MUNICIPAL DE ASSISTENCIA SOCIAL;13.291.727/0001-17;10.000,00;0;0,01
39;1325000001-Remuneração de Depositos Bancarios;28/02/2013;FUNDO MUNICIPAL DE ASSISTENCIA SOCIAL;13.291.727/0001-17;10.000,00;0;3,86
40;1325000001-Remuneração de Depositos Bancarios;28/02/2013;FUNDO MUNICIPAL DE ASSISTENCIA SOCIAL;13.291.727/0001-17;10.000,00;0;0,97
41;1325000001-Remuneração de Depositos Bancarios;28/02/2013;FUNDO MUNICIPAL DE ASSISTENCIA SOCIAL;13.291.727/0001-17;10.000,00;0;0,05
42;1325000001-Remuneração de Depositos Bancarios;28/02/2013;FUNDO MUNICIPAL DE ASSISTENCIA SOCIAL;13.291.727/0001-17;10.000,00;0;0,32
43;1325000001-Remuneração de Depositos Bancarios;28/02/2013;FUNDO MUNICIPAL DE ASSISTENCIA SOCIAL;13.291.727/0001-17;10.000,00;0;13,71
44;1325000001-Remuneração de Depositos Bancarios;28/02/2013;FUNDO MUNICIPAL DE ASSISTENCIA SOCIAL;13.291.727/0001-17;10.000,00;0;0,04
45;1325000001-Remuneração de Depositos Bancarios;28/02/2013;FUNDO MUNICIPAL DE ASSISTENCIA SOCIAL;13.291.727/0001-17;10.000,00;0;6,53
46;1325000001-Remuneração de Depositos Bancarios;28/02/2013;FUNDO MUNICIPAL DE ASSISTENCIA SOCIAL;13.291.727/0001-17;10.000,00;0;86,1
47;1721340014-PRO-JOVEM ADOLESCENTE - FNAS;06/03/2013;FUNDO MUNICIPAL DE ASSISTENCIA SOCIAL;13.291.727/0001-17;340.000,00;0;22.612,50
48;1721340015-PFMC CREAS;06/03/2013;FUNDO MUNICIPAL DE ASSISTENCIA SOCIAL;13.291.727/0001-17;192.000,00;0;12.500,00
49;1721340010-IGD PBF BOLSA FAMILIA;14/03/2013;FUNDO MUNICIPAL DE ASSISTENCIA SOCIAL;13.291.727/0001-17;396.000,00;0;24.331,66
50;1721340009-PAIF CRAS;25/03/2013;FUNDO MUNICIPAL DE ASSISTENCIA SOCIAL;13.291.727/0001-17;288.000,00;0;18.000,00
51;1721340015-PFMC CREAS;28/03/2013;FUNDO MUNICIPAL DE ASSISTENCIA SOCIAL;13.291.727/0001-17;192.000,00;0;12.500,00
52;1325000001-Remuneração de Depositos Bancarios;28/03/2013;FUNDO MUNICIPAL DE ASSISTENCIA SOCIAL;13.291.727/0001-17;10.000,00;0;0,2
53;1325000001-Remuneração de Depositos Bancarios;28/03/2013;FUNDO MUNICIPAL DE ASSISTENCIA SOCIAL;13.291.727/0001-17;10.000,00;0;0,1
54;1325000001-Remuneração de Depositos Bancarios;28/03/2013;FUNDO MUNICIPAL DE ASSISTENCIA SOCIAL;13.291.727/0001-17;10.000,00;0;0,01
55;1325000001-Remuneração de Depositos Bancarios;28/03/2013;FUNDO MUNICIPAL DE ASSISTENCIA SOCIAL;13.291.727/0001-17;10.000,00;0;4,36
56;1325000001-Remuneração de Depositos Bancarios;28/03/2013;FUNDO MUNICIPAL DE ASSISTENCIA SOCIAL;13.291.727/0001-17;10.000,00;0;8,56
57;1325000001-Remuneração de Depositos Bancarios;28/03/2013;FUNDO MUNICIPAL DE ASSISTENCIA SOCIAL;13.291.727/0001-17;10.000,00;0;0,05
58;1325000001-Remuneração de Depositos Bancarios;28/03/2013;FUNDO MUNICIPAL DE ASSISTENCIA SOCIAL;13.291.727/0001-17;10.000,00;0;15,21
59;1325000001-Remuneração de Depositos Bancarios;28/03/2013;FUNDO MUNICIPAL DE ASSISTENCIA SOCIAL;13.291.727/0001-17;10.000,00;0;0,04
60;1325000001-Remuneração de Depositos Bancarios;28/03/2013;FUNDO MUNICIPAL DE ASSISTENCIA SOCIAL;13.291.727/0001-17;10.000,00;0;10,91
61;1325000001-Remuneração de Depositos Bancarios;28/03/2013;FUNDO MUNICIPAL DE ASSISTENCIA SOCIAL;13.291.727/0001-17;10.000,00;0;65,83
62;1325000001-Remuneração de Depositos Bancarios;28/03/2013;FUNDO MUNICIPAL DE ASSISTENCIA SOCIAL;13.291.727/0001-17;10.000,00;0;81,96
63;1325000001-Remuneração de Depositos Bancarios;28/03/2013;FUNDO MUNICIPAL DE ASSISTENCIA SOCIAL;13.291.727/0001-17;10.000,00;0;75,88
64;1325000001-Remuneração de Depositos Bancarios;28/03/2013;FUNDO MUNICIPAL DE ASSISTENCIA SOCIAL;13.291.727/0001-17;10.000,00;0;27,89
65;1325000001-Remuneração de Depositos Bancarios;28/03/2013;FUNDO MUNICIPAL DE ASSISTENCIA SOCIAL;13.291.727/0001-17;10.000,00;0;37,13
66;1721340016-IGD-SUAS;15/03/2013;FUNDO MUNICIPAL DE ASSISTENCIA SOCIAL;13.291.727/0001-17;30.000,00;0;2.505,09
67;1721340005-PISO DE TRANSICAO DE MEDIA COMPLEXIDADE;25/03/2013;FUNDO MUNICIPAL DE ASSISTENCIA SOCIAL;13.291.727/0001-17;30.000,00;0;1.419,00
68;1325000001-Remuneração de Depositos Bancarios;28/03/2013;FUNDO MUNICIPAL DE ASSISTENCIA SOCIAL;13.291.727/0001-17;10.000,00;0;12,96
69;1325000001-Remuneração de Depositos Bancarios;28/03/2013;FUNDO MUNICIPAL DE ASSISTENCIA SOCIAL;13.291.727/0001-17;10.000,00;0;7,09
70;1325000001-Remuneração de Depositos Bancarios;28/03/2013;FUNDO MUNICIPAL DE ASSISTENCIA SOCIAL;13.291.727/0001-17;10.000,00;0;106,26
71;1325000001-Remuneração de Depositos Bancarios;30/04/2013;FUNDO MUNICIPAL DE ASSISTENCIA SOCIAL;13.291.727/0001-17;10.000,00;0;0,23
72;1325000001-Remuneração de Depositos Bancarios;30/04/2013;FUNDO MUNICIPAL DE ASSISTENCIA SOCIAL;13.291.727/0001-17;10.000,00;0;0,11
73;1325000001-Remuneração de Depositos Bancarios;30/04/2013;FUNDO MUNICIPAL DE ASSISTENCIA SOCIAL;13.291.727/0001-17;10.000,00;0;0,02
74;1325000001-Remuneração de Depositos Bancarios;30/04/2013;FUNDO MUNICIPAL DE ASSISTENCIA SOCIAL;13.291.727/0001-17;10.000,00;0;4,97
75;1325000001-Remuneração de Depositos Bancarios;30/04/2013;FUNDO MUNICIPAL DE ASSISTENCIA SOCIAL;13.291.727/0001-17;10.000,00;0;1,25
76;1325000001-Remuneração de Depositos Bancarios;30/04/2013;FUNDO MUNICIPAL DE ASSISTENCIA SOCIAL;13.291.727/0001-17;10.000,00;0;0,06
77;1325000001-Remuneração de Depositos Bancarios;30/04/2013;FUNDO MUNICIPAL DE ASSISTENCIA SOCIAL;13.291.727/0001-17;10.000,00;0;0,36
78;1325000001-Remuneração de Depositos Bancarios;30/04/2013;FUNDO MUNICIPAL DE ASSISTENCIA SOCIAL;13.291.727/0001-17;10.000,00;0;0,04
79;1721340001-FMAS PVMC PROGRAMA PETI;15/04/2013;FUNDO MUNICIPAL DE ASSISTENCIA SOCIAL;13.291.727/0001-17;224.700,00;0;22.000,00
80;1721340001-FMAS PVMC PROGRAMA PETI;23/04/2013;FUNDO MUNICIPAL DE ASSISTENCIA SOCIAL;13.291.727/0001-17;224.700,00;0;11.000,00
82;1721340010-IGD PBF BOLSA FAMILIA;15/04/2013;FUNDO MUNICIPAL DE ASSISTENCIA SOCIAL;13.291.727/0001-17;396.000,00;0;24.866,42
83;1325000001-Remuneração de Depositos Bancarios;30/04/2013;FUNDO MUNICIPAL DE ASSISTENCIA SOCIAL;13.291.727/0001-17;10.000,00;0;138,45
84;1325000001-Remuneração de Depositos Bancarios;30/04/2013;FUNDO MUNICIPAL DE ASSISTENCIA SOCIAL;13.291.727/0001-17;10.000,00;0;110,69
85;1325000001-Remuneração de Depositos Bancarios;30/04/2013;FUNDO MUNICIPAL DE ASSISTENCIA SOCIAL;13.291.727/0001-17;10.000,00;0;12,06
86;1721340005-PISO DE TRANSICAO DE MEDIA COMPLEXIDADE;23/04/2013;FUNDO MUNICIPAL DE ASSISTENCIA SOCIAL;13.291.727/0001-17;30.000,00;0;1.419,00
87;1325000001-Remuneração de Depositos Bancarios;30/04/2013;FUNDO MUNICIPAL DE ASSISTENCIA SOCIAL;13.291.727/0001-17;10.000,00;0;52,79
88;1721340016-IGD-SUAS;30/04/2013;FUNDO MUNICIPAL DE ASSISTENCIA SOCIAL;13.291.727/0001-17;30.000,00;0;0
89;1721340016-IGD-SUAS;11/04/2013;FUNDO MUNICIPAL DE ASSISTENCIA SOCIAL;13.291.727/0001-17;30.000,00;0;2.505,09
90;1325000001-Remuneração de Depositos Bancarios;30/04/2013;FUNDO MUNICIPAL DE ASSISTENCIA SOCIAL;13.291.727/0001-17;10.000,00;0;29,56
91;1325000001-Remuneração de Depositos Bancarios;30/04/2013;FUNDO MUNICIPAL DE ASSISTENCIA SOCIAL;13.291.727/0001-17;10.000,00;0;13,59
92;1325000001-Remuneração de Depositos Bancarios;30/04/2013;FUNDO MUNICIPAL DE ASSISTENCIA SOCIAL;13.291.727/0001-17;10.000,00;0;105,6
93;1325000001-Remuneração de Depositos Bancarios;30/04/2013;FUNDO MUNICIPAL DE ASSISTENCIA SOCIAL;13.291.727/0001-17;10.000,00;0;8,49
94;1721340009-PAIF CRAS;26/04/2013;FUNDO MUNICIPAL DE ASSISTENCIA SOCIAL;13.291.727/0001-17;288.000,00;0;18.000,00
95;1325000001-Remuneração de Depositos Bancarios;30/04/2013;FUNDO MUNICIPAL DE ASSISTENCIA SOCIAL;13.291.727/0001-17;10.000,00;0;35,69
96;1721340014-PRO-JOVEM ADOLESCENTE - FNAS;15/04/2013;FUNDO MUNICIPAL DE ASSISTENCIA SOCIAL;13.291.727/0001-17;340.000,00;0;22.612,50
97;1325000001-Remuneração de Depositos Bancarios;30/04/2013;FUNDO MUNICIPAL DE ASSISTENCIA SOCIAL;13.291.727/0001-17;10.000,00;0;87,32
98;1922990001-OUTRAS RESTITUIÇÕES;30/04/2013;FUNDO MUNICIPAL DE ASSISTENCIA SOCIAL;13.291.727/0001-17;1.000,00;0;45,2
99;1325000001-Remuneração de Depositos Bancarios;30/05/2013;FUNDO MUNICIPAL DE ASSISTENCIA SOCIAL;13.291.727/0001-17;10.000,00;0;31,39
100;1325000001-Remuneração de Depositos Bancarios;30/05/2013;FUNDO MUNICIPAL DE ASSISTENCIA SOCIAL;13.291.727/0001-17;10.000,00;0;13,56
101;1721340016-IGD-SUAS;13/05/2013;FUNDO MUNICIPAL DE ASSISTENCIA SOCIAL;13.291.727/0001-17;30.000,00;0;2.505,09
102;1325000001-Remuneração de Depositos Bancarios;30/05/2013;FUNDO MUNICIPAL DE ASSISTENCIA SOCIAL;13.291.727/0001-17;10.000,00;0;29,13
103;1721340001-FMAS PVMC PROGRAMA PETI;16/05/2013;FUNDO MUNICIPAL DE ASSISTENCIA SOCIAL;13.291.727/0001-17;224.700,00;0;11.000,00
104;1325000001-Remuneração de Depositos Bancarios;30/05/2013;FUNDO MUNICIPAL DE ASSISTENCIA SOCIAL;13.291.727/0001-17;10.000,00;0;61,89
105;1721340010-IGD PBF BOLSA FAMILIA;10/05/2013;FUNDO MUNICIPAL DE ASSISTENCIA SOCIAL;13.291.727/0001-17;396.000,00;0;24.866,42
106;1325000001-Remuneração de Depositos Bancarios;30/05/2013;FUNDO MUNICIPAL DE ASSISTENCIA SOCIAL;13.291.727/0001-17;10.000,00;0;163,25
107;1721340005-PISO DE TRANSICAO DE MEDIA COMPLEXIDADE;10/05/2013;FUNDO MUNICIPAL DE ASSISTENCIA SOCIAL;13.291.727/0001-17;30.000,00;0;1.419,00
108;1325000001-Remuneração de Depositos Bancarios;30/05/2013;FUNDO MUNICIPAL DE ASSISTENCIA SOCIAL;13.291.727/0001-17;10.000,00;0;17,25
109;1721340009-PAIF CRAS;13/05/2013;FUNDO MUNICIPAL DE ASSISTENCIA SOCIAL;13.291.727/0001-17;288.000,00;0;18.000,00
110;1325000001-Remuneração de Depositos Bancarios;30/05/2013;FUNDO MUNICIPAL DE ASSISTENCIA SOCIAL;13.291.727/0001-17;10.000,00;0;148,81
111;1721340014-PRO-JOVEM ADOLESCENTE - FNAS;07/05/2013;FUNDO MUNICIPAL DE ASSISTENCIA SOCIAL;13.291.727/0001-17;340.000,00;0;12.247,50
112;1325000001-Remuneração de Depositos Bancarios;30/05/2013;FUNDO MUNICIPAL DE ASSISTENCIA SOCIAL;13.291.727/0001-17;10.000,00;0;80,46
113;1721340015-PFMC CREAS;02/05/2013;FUNDO MUNICIPAL DE ASSISTENCIA SOCIAL;13.291.727/0001-17;192.000,00;0;12.500,00
114;1721340015-PFMC CREAS;16/05/2013;FUNDO MUNICIPAL DE ASSISTENCIA SOCIAL;13.291.727/0001-17;192.000,00;0;12.500,00
115;1325000001-Remuneração de Depositos Bancarios;30/05/2013;FUNDO MUNICIPAL DE ASSISTENCIA SOCIAL;13.291.727/0001-17;10.000,00;0;72,36
116;1922990001-OUTRAS RESTITUIÇÕES;29/05/2013;FUNDO MUNICIPAL DE ASSISTENCIA SOCIAL;13.291.727/0001-17;1.000,00;0;67,8
117;1922990001-OUTRAS RESTITUIÇÕES;29/05/2013;FUNDO MUNICIPAL DE ASSISTENCIA SOCIAL;13.291.727/0001-17;1.000,00;0;90,4
118;1325000001-Remuneração de Depositos Bancarios;30/05/2013;FUNDO MUNICIPAL DE ASSISTENCIA SOCIAL;13.291.727/0001-17;10.000,00;0;0,23
119;1325000001-Remuneração de Depositos Bancarios;30/05/2013;FUNDO MUNICIPAL DE ASSISTENCIA SOCIAL;13.291.727/0001-17;10.000,00;0;0,11
120;1325000001-Remuneração de Depositos Bancarios;30/05/2013;FUNDO MUNICIPAL DE ASSISTENCIA SOCIAL;13.291.727/0001-17;10.000,00;0;0,02
121;1325000001-Remuneração de Depositos Bancarios;30/05/2013;FUNDO MUNICIPAL DE ASSISTENCIA SOCIAL;13.291.727/0001-17;10.000,00;0;4,96
122;1325000001-Remuneração de Depositos Bancarios;30/05/2013;FUNDO MUNICIPAL DE ASSISTENCIA SOCIAL;13.291.727/0001-17;10.000,00;0;1,25
123;1325000001-Remuneração de Depositos Bancarios;30/05/2013;FUNDO MUNICIPAL DE ASSISTENCIA SOCIAL;13.291.727/0001-17;10.000,00;0;8,46
124;1325000001-Remuneração de Depositos Bancarios;30/05/2013;FUNDO MUNICIPAL DE ASSISTENCIA SOCIAL;13.291.727/0001-17;10.000,00;0;0,05
125;1325000001-Remuneração de Depositos Bancarios;30/05/2013;FUNDO MUNICIPAL DE ASSISTENCIA SOCIAL;13.291.727/0001-17;10.000,00;0;103,2
126;1325000001-Remuneração de Depositos Bancarios;30/05/2013;FUNDO MUNICIPAL DE ASSISTENCIA SOCIAL;13.291.727/0001-17;10.000,00;0;0,06
127;1922990001-OUTRAS RESTITUIÇÕES;29/05/2013;FUNDO MUNICIPAL DE ASSISTENCIA SOCIAL;13.291.727/0001-17;1.000,00;0;587,6
128;1721340001-FMAS PVMC PROGRAMA PETI;28/06/2013;FUNDO MUNICIPAL DE ASSISTENCIA SOCIAL;13.291.727/0001-17;224.700,00;0;11.000,00
129;1721340014-PRO-JOVEM ADOLESCENTE - FNAS;28/06/2013;FUNDO MUNICIPAL DE ASSISTENCIA SOCIAL;13.291.727/0001-17;340.000,00;0;19.785,00
130;1325000001-Remuneração de Depositos Bancarios;28/06/2013;FUNDO MUNICIPAL DE ASSISTENCIA SOCIAL;13.291.727/0001-17;10.000,00;0;126,14
131;1325000001-Remuneração de Depositos Bancarios;28/06/2013;FUNDO MUNICIPAL DE ASSISTENCIA SOCIAL;13.291.727/0001-17;10.000,00;0;141,97
132;1325000001-Remuneração de Depositos Bancarios;28/06/2013;FUNDO MUNICIPAL DE ASSISTENCIA SOCIAL;13.291.727/0001-17;10.000,00;0;70,71
133;1325000001-Remuneração de Depositos Bancarios;28/06/2013;FUNDO MUNICIPAL DE ASSISTENCIA SOCIAL;13.291.727/0001-17;10.000,00;0;20,27
134;1325000001-Remuneração de Depositos Bancarios;28/06/2013;FUNDO MUNICIPAL DE ASSISTENCIA SOCIAL;13.291.727/0001-17;10.000,00;0;29,67
135;1325000001-Remuneração de Depositos Bancarios;28/06/2013;FUNDO MUNICIPAL DE ASSISTENCIA SOCIAL;13.291.727/0001-17;10.000,00;0;34,67
136;1325000001-Remuneração de Depositos Bancarios;28/06/2013;FUNDO MUNICIPAL DE ASSISTENCIA SOCIAL;13.291.727/0001-17;10.000,00;0;14,87
137;1325000001-Remuneração de Depositos Bancarios;28/06/2013;FUNDO MUNICIPAL DE ASSISTENCIA SOCIAL;13.291.727/0001-17;10.000,00;0;46,1
138;1325000001-Remuneração de Depositos Bancarios;28/06/2013;FUNDO MUNICIPAL DE ASSISTENCIA SOCIAL;13.291.727/0001-17;10.000,00;0;56,59
139;1325000001-Remuneração de Depositos Bancarios;28/06/2013;FUNDO MUNICIPAL DE ASSISTENCIA SOCIAL;13.291.727/0001-17;10.000,00;0;0,01
140;1325000001-Remuneração de Depositos Bancarios;28/06/2013;FUNDO MUNICIPAL DE ASSISTENCIA SOCIAL;13.291.727/0001-17;10.000,00;0;0,26
141;1325000001-Remuneração de Depositos Bancarios;28/06/2013;FUNDO MUNICIPAL DE ASSISTENCIA SOCIAL;13.291.727/0001-17;10.000,00;0;0,11
143;1325000001-Remuneração de Depositos Bancarios;28/06/2013;FUNDO MUNICIPAL DE ASSISTENCIA SOCIAL;13.291.727/0001-17;10.000,00;0;5,44
144;1325000001-Remuneração de Depositos Bancarios;28/06/2013;FUNDO MUNICIPAL DE ASSISTENCIA SOCIAL;13.291.727/0001-17;10.000,00;0;10,64
145;1325000001-Remuneração de Depositos Bancarios;28/06/2013;FUNDO MUNICIPAL DE ASSISTENCIA SOCIAL;13.291.727/0001-17;10.000,00;0;0,07
146;1325000001-Remuneração de Depositos Bancarios;28/06/2013;FUNDO MUNICIPAL DE ASSISTENCIA SOCIAL;13.291.727/0001-17;10.000,00;0;0,05
147;1325000001-Remuneração de Depositos Bancarios;28/06/2013;FUNDO MUNICIPAL DE ASSISTENCIA SOCIAL;13.291.727/0001-17;10.000,00;0;104,8
148;1922990001-OUTRAS RESTITUIÇÕES;01/07/2013;FUNDO MUNICIPAL DE ASSISTENCIA SOCIAL;13.291.727/0001-17;1.000,00;0;90,4
149;1922990001-OUTRAS RESTITUIÇÕES;01/07/2013;FUNDO MUNICIPAL DE ASSISTENCIA SOCIAL;13.291.727/0001-17;1.000,00;0;248,6
150;1922990001-OUTRAS RESTITUIÇÕES;01/07/2013;FUNDO MUNICIPAL DE ASSISTENCIA SOCIAL;13.291.727/0001-17;1.000,00;0;655,4
151;1721340015-PFMC CREAS;05/07/2013;FUNDO MUNICIPAL DE ASSISTENCIA SOCIAL;13.291.727/0001-17;192.000,00;0;12.500,00
152;1325000001-Remuneração de Depositos Bancarios;31/07/2013;FUNDO MUNICIPAL DE ASSISTENCIA SOCIAL;13.291.727/0001-17;10.000,00;0;60,56
153;1325000001-Remuneração de Depositos Bancarios;31/07/2013;FUNDO MUNICIPAL DE ASSISTENCIA SOCIAL;13.291.727/0001-17;10.000,00;0;21,64
154;1325000001-Remuneração de Depositos Bancarios;31/07/2013;FUNDO MUNICIPAL DE ASSISTENCIA SOCIAL;13.291.727/0001-17;10.000,00;0;0,03
155;1325000001-Remuneração de Depositos Bancarios;31/07/2013;FUNDO MUNICIPAL DE ASSISTENCIA SOCIAL;13.291.727/0001-17;10.000,00;0;0,31
156;1325000001-Remuneração de Depositos Bancarios;31/07/2013;FUNDO MUNICIPAL DE ASSISTENCIA SOCIAL;13.291.727/0001-17;10.000,00;0;0,07
158;1325000001-Remuneração de Depositos Bancarios;31/07/2013;FUNDO MUNICIPAL DE ASSISTENCIA SOCIAL;13.291.727/0001-17;10.000,00;0;0,06
159;1325000001-Remuneração de Depositos Bancarios;31/07/2013;FUNDO MUNICIPAL DE ASSISTENCIA SOCIAL;13.291.727/0001-17;10.000,00;0;13,33
160;1325000001-Remuneração de Depositos Bancarios;31/07/2013;FUNDO MUNICIPAL DE ASSISTENCIA SOCIAL;13.291.727/0001-17;10.000,00;0;6,83
161;1721340010-IGD PBF BOLSA FAMILIA;05/07/2013;FUNDO MUNICIPAL DE ASSISTENCIA SOCIAL;13.291.727/0001-17;396.000,00;0;24.866,42
162;1325000001-Remuneração de Depositos Bancarios;31/07/2013;FUNDO MUNICIPAL DE ASSISTENCIA SOCIAL;13.291.727/0001-17;10.000,00;0;188,55
163;1721340009-PAIF CRAS;05/07/2013;FUNDO MUNICIPAL DE ASSISTENCIA SOCIAL;13.291.727/0001-17;288.000,00;0;18.000,00
164;1721340009-PAIF CRAS;12/07/2013;FUNDO MUNICIPAL DE ASSISTENCIA SOCIAL;13.291.727/0001-17;288.000,00;0;18.000,00
165;1325000001-Remuneração de Depositos Bancarios;31/07/2013;FUNDO MUNICIPAL DE ASSISTENCIA SOCIAL;13.291.727/0001-17;10.000,00;0;178,78
166;1721340014-PRO-JOVEM ADOLESCENTE - FNAS;05/07/2013;FUNDO MUNICIPAL DE ASSISTENCIA SOCIAL;13.291.727/0001-17;340.000,00;0;1.256,25
167;1325000001-Remuneração de Depositos Bancarios;31/07/2013;FUNDO MUNICIPAL DE ASSISTENCIA SOCIAL;13.291.727/0001-17;10.000,00;0;20,3
168;1721340005-PISO DE TRANSICAO DE MEDIA COMPLEXIDADE;05/07/2013;FUNDO MUNICIPAL DE ASSISTENCIA SOCIAL;13.291.727/0001-17;30.000,00;0;1.419,00
169;1325000001-Remuneração de Depositos Bancarios;31/07/2013;FUNDO MUNICIPAL DE ASSISTENCIA SOCIAL;13.291.727/0001-17;10.000,00;0;29,34
170;1325000001-Remuneração de Depositos Bancarios;31/07/2013;FUNDO MUNICIPAL DE ASSISTENCIA SOCIAL;13.291.727/0001-17;10.000,00;0;4
171;1721340016-IGD-SUAS;31/07/2013;FUNDO MUNICIPAL DE ASSISTENCIA SOCIAL;13.291.727/0001-17;30.000,00;0;2.505,09
172;1721340016-IGD-SUAS;11/07/2013;FUNDO MUNICIPAL DE ASSISTENCIA SOCIAL;13.291.727/0001-17;30.000,00;0;2.505,09
173;1325000001-Remuneração de Depositos Bancarios;31/07/2013;FUNDO MUNICIPAL DE ASSISTENCIA SOCIAL;13.291.727/0001-17;10.000,00;0;56,03
174;1721340017-ACESSUAS - PRONATEC;31/07/2013;FUNDO MUNICIPAL DE ASSISTENCIA SOCIAL;13.291.727/0001-17;100.000,00;0;153.710,00
175;1325000001-Remuneração de Depositos Bancarios;31/07/2013;FUNDO MUNICIPAL DE ASSISTENCIA SOCIAL;13.291.727/0001-17;10.000,00;0;192,02
176;1325000001-Remuneração de Depositos Bancarios;31/07/2013;FUNDO MUNICIPAL DE ASSISTENCIA SOCIAL;13.291.727/0001-17;10.000,00;0;0,03
177;1325000001-Remuneração de Depositos Bancarios;31/07/2013;FUNDO MUNICIPAL DE ASSISTENCIA SOCIAL;13.291.727/0001-17;10.000,00;0;126,4
178;1922990001-OUTRAS RESTITUIÇÕES;01/08/2013;FUNDO MUNICIPAL DE ASSISTENCIA SOCIAL;13.291.727/0001-17;1.000,00;0;22,6
179;1922990001-OUTRAS RESTITUIÇÕES;06/08/2013;FUNDO MUNICIPAL DE ASSISTENCIA SOCIAL;13.291.727/0001-17;1.000,00;0;384,2
180;1922990001-OUTRAS RESTITUIÇÕES;06/08/2013;FUNDO MUNICIPAL DE ASSISTENCIA SOCIAL;13.291.727/0001-17;1.000,00;0;67,8
181;1325000001-Remuneração de Depositos Bancarios;30/08/2013;FUNDO MUNICIPAL DE ASSISTENCIA SOCIAL;13.291.727/0001-17;10.000,00;0;0,07
182;1325000001-Remuneração de Depositos Bancarios;30/08/2013;FUNDO MUNICIPAL DE ASSISTENCIA SOCIAL;13.291.727/0001-17;10.000,00;0;8,51
183;1325000001-Remuneração de Depositos Bancarios;30/08/2013;FUNDO MUNICIPAL DE ASSISTENCIA SOCIAL;13.291.727/0001-17;10.000,00;0;6,74
184;1325000001-Remuneração de Depositos Bancarios;30/08/2013;FUNDO MUNICIPAL DE ASSISTENCIA SOCIAL;13.291.727/0001-17;10.000,00;0;0,19
185;1325000001-Remuneração de Depositos Bancarios;30/08/2013;FUNDO MUNICIPAL DE ASSISTENCIA SOCIAL;13.291.727/0001-17;10.000,00;0;14,5
186;1325000001-Remuneração de Depositos Bancarios;30/08/2013;FUNDO MUNICIPAL DE ASSISTENCIA SOCIAL;13.291.727/0001-17;10.000,00;0;15,01
187;1721340016-IGD-SUAS;19/08/2013;FUNDO MUNICIPAL DE ASSISTENCIA SOCIAL;13.291.727/0001-17;30.000,00;0;1.664,80
188;1721340015-PFMC CREAS;16/08/2013;FUNDO MUNICIPAL DE ASSISTENCIA SOCIAL;13.291.727/0001-17;192.000,00;0;12.500,00
189;1721340015-PFMC CREAS;30/08/2013;FUNDO MUNICIPAL DE ASSISTENCIA SOCIAL;13.291.727/0001-17;192.000,00;0;12.500,00
190;1325000001-Remuneração de Depositos Bancarios;30/08/2013;FUNDO MUNICIPAL DE ASSISTENCIA SOCIAL;13.291.727/0001-17;10.000,00;0;45,93
191;1325000001-Remuneração de Depositos Bancarios;30/08/2013;FUNDO MUNICIPAL DE ASSISTENCIA SOCIAL;13.291.727/0001-17;10.000,00;0;36,43
192;1325000001-Remuneração de Depositos Bancarios;30/08/2013;FUNDO MUNICIPAL DE ASSISTENCIA SOCIAL;13.291.727/0001-17;10.000,00;0;118,53
193;1325000001-Remuneração de Depositos Bancarios;30/08/2013;FUNDO MUNICIPAL DE ASSISTENCIA SOCIAL;13.291.727/0001-17;10.000,00;0;248,02
194;1721340010-IGD PBF BOLSA FAMILIA;05/08/2013;FUNDO MUNICIPAL DE ASSISTENCIA SOCIAL;13.291.727/0001-17;396.000,00;0;23.796,90
195;1721340014-PRO-JOVEM ADOLESCENTE - FNAS;26/08/2013;FUNDO MUNICIPAL DE ASSISTENCIA SOCIAL;13.291.727/0001-17;340.000,00;0;21.041,25
196;1325000001-Remuneração de Depositos Bancarios;30/08/2013;FUNDO MUNICIPAL DE ASSISTENCIA SOCIAL;13.291.727/0001-17;10.000,00;0;19,4
197;1325000001-Remuneração de Depositos Bancarios;16/08/2013;FUNDO MUNICIPAL DE ASSISTENCIA SOCIAL;13.291.727/0001-17;10.000,00;0;1,05
198;1325000001-Remuneração de Depositos Bancarios;30/08/2013;FUNDO MUNICIPAL DE ASSISTENCIA SOCIAL;13.291.727/0001-17;10.000,00;0;562,04
199;1325000001-Remuneração de Depositos Bancarios;30/08/2013;FUNDO MUNICIPAL DE ASSISTENCIA SOCIAL;13.291.727/0001-17;10.000,00;0;124,4
200;1721340001-FMAS PVMC PROGRAMA PETI;16/08/2013;FUNDO MUNICIPAL DE ASSISTENCIA SOCIAL;13.291.727/0001-17;224.700,00;0;11.000,00
201;1325000001-Remuneração de Depositos Bancarios;30/08/2013;FUNDO MUNICIPAL DE ASSISTENCIA SOCIAL;13.291.727/0001-17;10.000,00;0;0,02
202;1721340005-PISO DE TRANSICAO DE MEDIA COMPLEXIDADE;07/08/2013;FUNDO MUNICIPAL DE ASSISTENCIA SOCIAL;13.291.727/0001-17;30.000,00;0;1.419,00
203;1721340005-PISO DE TRANSICAO DE MEDIA COMPLEXIDADE;19/08/2013;FUNDO MUNICIPAL DE ASSISTENCIA SOCIAL;13.291.727/0001-17;30.000,00;0;1.419,00
204;1922990001-OUTRAS RESTITUIÇÕES;05/09/2013;FUNDO MUNICIPAL DE ASSISTENCIA SOCIAL;13.291.727/0001-17;1.000,00;0;452
205;1922990001-OUTRAS RESTITUIÇÕES;04/09/2013;FUNDO MUNICIPAL DE ASSISTENCIA SOCIAL;13.291.727/0001-17;1.000,00;0;700,6
206;1922990001-OUTRAS RESTITUIÇÕES;04/09/2013;FUNDO MUNICIPAL DE ASSISTENCIA SOCIAL;13.291.727/0001-17;1.000,00;0;248,6
207;1721340001-FMAS PVMC PROGRAMA PETI;10/09/2013;FUNDO MUNICIPAL DE ASSISTENCIA SOCIAL;13.291.727/0001-17;224.700,00;0;11.000,00
208;1721340016-IGD-SUAS;12/09/2013;FUNDO MUNICIPAL DE ASSISTENCIA SOCIAL;13.291.727/0001-17;30.000,00;0;1.664,80
209;1721340010-IGD PBF BOLSA FAMILIA;04/09/2013;FUNDO MUNICIPAL DE ASSISTENCIA SOCIAL;13.291.727/0001-17;396.000,00;0;23.796,90
210;1721340005-PISO DE TRANSICAO DE MEDIA COMPLEXIDADE;17/09/2013;FUNDO MUNICIPAL DE ASSISTENCIA SOCIAL;13.291.727/0001-17;30.000,00;0;1.419,00
211;1721340009-PAIF CRAS;06/09/2013;FUNDO MUNICIPAL DE ASSISTENCIA SOCIAL;13.291.727/0001-17;288.000,00;0;18.000,00
212;1721340014-PRO-JOVEM ADOLESCENTE - FNAS;10/09/2013;FUNDO MUNICIPAL DE ASSISTENCIA SOCIAL;13.291.727/0001-17;340.000,00;0;22.612,50
213;1325000001-Remuneração de Depositos Bancarios;30/09/2013;FUNDO MUNICIPAL DE ASSISTENCIA SOCIAL;13.291.727/0001-17;10.000,00;0;27,98
214;1325000001-Remuneração de Depositos Bancarios;30/09/2013;FUNDO MUNICIPAL DE ASSISTENCIA SOCIAL;13.291.727/0001-17;10.000,00;0;37,61
215;1325000001-Remuneração de Depositos Bancarios;30/09/2013;FUNDO MUNICIPAL DE ASSISTENCIA SOCIAL;13.291.727/0001-17;10.000,00;0;65,04
216;1325000001-Remuneração de Depositos Bancarios;30/09/2013;FUNDO MUNICIPAL DE ASSISTENCIA SOCIAL;13.291.727/0001-17;10.000,00;0;596,36
217;1325000001-Remuneração de Depositos Bancarios;30/09/2013;FUNDO MUNICIPAL DE ASSISTENCIA SOCIAL;13.291.727/0001-17;10.000,00;0;126,4
218;1325000001-Remuneração de Depositos Bancarios;30/09/2013;FUNDO MUNICIPAL DE ASSISTENCIA SOCIAL;13.291.727/0001-17;10.000,00;0;0,02
219;1325000001-Remuneração de Depositos Bancarios;30/09/2013;FUNDO MUNICIPAL DE ASSISTENCIA SOCIAL;13.291.727/0001-17;10.000,00;0;0,06
220;1325000001-Remuneração de Depositos Bancarios;30/09/2013;FUNDO MUNICIPAL DE ASSISTENCIA SOCIAL;13.291.727/0001-17;10.000,00;0;1,8
221;1325000001-Remuneração de Depositos Bancarios;30/09/2013;FUNDO MUNICIPAL DE ASSISTENCIA SOCIAL;13.291.727/0001-17;10.000,00;0;7,15
222;1325000001-Remuneração de Depositos Bancarios;30/09/2013;FUNDO MUNICIPAL DE ASSISTENCIA SOCIAL;13.291.727/0001-17;10.000,00;0;172,7
223;1721340009-PAIF CRAS;20/09/2013;FUNDO MUNICIPAL DE ASSISTENCIA SOCIAL;13.291.727/0001-17;288.000,00;0;18.000,00
224;1325000001-Remuneração de Depositos Bancarios;30/09/2013;FUNDO MUNICIPAL DE ASSISTENCIA SOCIAL;13.291.727/0001-17;10.000,00;0;142,47
225;1325000001-Remuneração de Depositos Bancarios;30/09/2013;FUNDO MUNICIPAL DE ASSISTENCIA SOCIAL;13.291.727/0001-17;10.000,00;0;12,85
226;1325000001-Remuneração de Depositos Bancarios;30/09/2013;FUNDO MUNICIPAL DE ASSISTENCIA SOCIAL;13.291.727/0001-17;10.000,00;0;23,63
227;1325000001-Remuneração de Depositos Bancarios;30/09/2013;FUNDO MUNICIPAL DE ASSISTENCIA SOCIAL;13.291.727/0001-17;10.000,00;0;11,3
228;1721349900-Outras Transferências de Recursos do FNAS;06/09/2013;FUNDO MUNICIPAL DE ASSISTENCIA SOCIAL;13.291.727/0001-17;0;0;10.000,00
229;1721349900-Outras Transferências de Recursos do FNAS;06/09/2013;FUNDO MUNICIPAL DE ASSISTENCIA SOCIAL;13.291.727/0001-17;0;0;10.000,00
230;1721349900-Outras Transferências de Recursos do FNAS;06/09/2013;FUNDO MUNICIPAL DE ASSISTENCIA SOCIAL;13.291.727/0001-17;0;0;10.000,00
231;1721349900-Outras Transferências de Recursos do FNAS;06/09/2013;FUNDO MUNICIPAL DE ASSISTENCIA SOCIAL;13.291.727/0001-17;0;0;10.000,00
232;1721349900-Outras Transferências de Recursos do FNAS;06/09/2013;FUNDO MUNICIPAL DE ASSISTENCIA SOCIAL;13.291.727/0001-17;0;0;10.000,00
233;1721349900-Outras Transferências de Recursos do FNAS;06/09/2013;FUNDO MUNICIPAL DE ASSISTENCIA SOCIAL;13.291.727/0001-17;0;0;10.000,00
234;1325000001-Remuneração de Depositos Bancarios;30/09/2013;FUNDO MUNICIPAL DE ASSISTENCIA SOCIAL;13.291.727/0001-17;10.000,00;0;38,22
235;1325000001-Remuneração de Depositos Bancarios;31/10/2013;FUNDO MUNICIPAL DE ASSISTENCIA SOCIAL;13.291.727/0001-17;10.000,00;0;25,55
236;1721340015-PFMC CREAS;04/10/2013;FUNDO MUNICIPAL DE ASSISTENCIA SOCIAL;13.291.727/0001-17;192.000,00;0;12.500,00
237;1721340015-PFMC CREAS;30/10/2013;FUNDO MUNICIPAL DE ASSISTENCIA SOCIAL;13.291.727/0001-17;192.000,00;0;10.300,00
238;1325000001-Remuneração de Depositos Bancarios;31/10/2013;FUNDO MUNICIPAL DE ASSISTENCIA SOCIAL;13.291.727/0001-17;10.000,00;0;24,24
239;1721340005-PISO DE TRANSICAO DE MEDIA COMPLEXIDADE;17/10/2013;FUNDO MUNICIPAL DE ASSISTENCIA SOCIAL;13.291.727/0001-17;30.000,00;0;1.419,00
240;1325000001-Remuneração de Depositos Bancarios;31/10/2013;FUNDO MUNICIPAL DE ASSISTENCIA SOCIAL;13.291.727/0001-17;10.000,00;0;14,9
241;1721340010-IGD PBF BOLSA FAMILIA;04/10/2013;FUNDO MUNICIPAL DE ASSISTENCIA SOCIAL;13.291.727/0001-17;396.000,00;0;23.767,49
242;1721340010-IGD PBF BOLSA FAMILIA;30/10/2013;FUNDO MUNICIPAL DE ASSISTENCIA SOCIAL;13.291.727/0001-17;396.000,00;0;23.221,10
243;1325000001-Remuneração de Depositos Bancarios;31/10/2013;FUNDO MUNICIPAL DE ASSISTENCIA SOCIAL;13.291.727/0001-17;10.000,00;0;140,38
244;1721340009-PAIF CRAS;24/10/2013;FUNDO MUNICIPAL DE ASSISTENCIA SOCIAL;13.291.727/0001-17;288.000,00;0;18.000,00
245;1325000001-Remuneração de Depositos Bancarios;31/10/2013;FUNDO MUNICIPAL DE ASSISTENCIA SOCIAL;13.291.727/0001-17;10.000,00;0;49,81
246;1721340014-PRO-JOVEM ADOLESCENTE - FNAS;30/10/2013;FUNDO MUNICIPAL DE ASSISTENCIA SOCIAL;13.291.727/0001-17;340.000,00;0;19.785,00
247;1325000001-Remuneração de Depositos Bancarios;31/10/2013;FUNDO MUNICIPAL DE ASSISTENCIA SOCIAL;13.291.727/0001-17;10.000,00;0;4,09
250;1325000001-Remuneração de Depositos Bancarios;31/10/2013;FUNDO MUNICIPAL DE ASSISTENCIA SOCIAL;13.291.727/0001-17;10.000,00;0;6,17
251;1721340016-IGD-SUAS;04/10/2013;FUNDO MUNICIPAL DE ASSISTENCIA SOCIAL;13.291.727/0001-17;30.000,00;0;1.664,80
252;1325000001-Remuneração de Depositos Bancarios;31/10/2013;FUNDO MUNICIPAL DE ASSISTENCIA SOCIAL;13.291.727/0001-17;10.000,00;0;17,65
253;1325000001-Remuneração de Depositos Bancarios;31/10/2013;FUNDO MUNICIPAL DE ASSISTENCIA SOCIAL;13.291.727/0001-17;10.000,00;0;66,58
254;1325000001-Remuneração de Depositos Bancarios;31/10/2013;FUNDO MUNICIPAL DE ASSISTENCIA SOCIAL;13.291.727/0001-17;10.000,00;0;701,46
255;1325000001-Remuneração de Depositos Bancarios;31/10/2013;FUNDO MUNICIPAL DE ASSISTENCIA SOCIAL;13.291.727/0001-17;10.000,00;0;43,68
256;1325000001-Remuneração de Depositos Bancarios;31/10/2013;FUNDO MUNICIPAL DE ASSISTENCIA SOCIAL;13.291.727/0001-17;10.000,00;0;6,06
257;1325000001-Remuneração de Depositos Bancarios;31/10/2013;FUNDO MUNICIPAL DE ASSISTENCIA SOCIAL;13.291.727/0001-17;10.000,00;0;8,64
258;1325000001-Remuneração de Depositos Bancarios;31/10/2013;FUNDO MUNICIPAL DE ASSISTENCIA SOCIAL;13.291.727/0001-17;10.000,00;0;0,09
259;1325000001-Remuneração de Depositos Bancarios;31/10/2013;FUNDO MUNICIPAL DE ASSISTENCIA SOCIAL;13.291.727/0001-17;10.000,00;0;0,03
260;1325000001-Remuneração de Depositos Bancarios;15/10/2013;FUNDO MUNICIPAL DE ASSISTENCIA SOCIAL;13.291.727/0001-17;10.000,00;0;13,6
261;1325000001-Remuneração de Depositos Bancarios;23/10/2013;FUNDO MUNICIPAL DE ASSISTENCIA SOCIAL;13.291.727/0001-17;10.000,00;0;53,4
262;1600130800-PROCESSO SELETIVO;01/10/2013;FUNDO MUNICIPAL DE ASSISTENCIA SOCIAL;13.291.727/0001-17;0;0;1.141,00
263;1600130800-PROCESSO SELETIVO;01/10/2013;FUNDO MUNICIPAL DE ASSISTENCIA SOCIAL;13.291.727/0001-17;0;0;466
264;1922990001-OUTRAS RESTITUIÇÕES;08/11/2013;FOPAG - CRAS I E II;;1.000,00;0;90,4
265;1922990001-OUTRAS RESTITUIÇÕES;08/11/2013;FOPAG - CREAS I;070.405.144-35;1.000,00;0;339
266;1922990001-OUTRAS RESTITUIÇÕES;12/11/2013;FOPAG - PETI(INSTRUT./COORD./BOLSISTAS;;1.000,00;0;67,8
267;1325000001-Remuneração de Depositos Bancarios;29/11/2013;FUNDO MUNICIPAL DE ASSISTENCIA SOCIAL;13.291.727/0001-17;10.000,00;0;0,07
268;1325000001-Remuneração de Depositos Bancarios;29/11/2013;FUNDO MUNICIPAL DE ASSISTENCIA SOCIAL;13.291.727/0001-17;10.000,00;0;7,71
269;1325000001-Remuneração de Depositos Bancarios;29/11/2013;FUNDO MUNICIPAL DE ASSISTENCIA SOCIAL;13.291.727/0001-17;10.000,00;0;0,02
270;1325000001-Remuneração de Depositos Bancarios;29/11/2013;FUNDO MUNICIPAL DE ASSISTENCIA SOCIAL;13.291.727/0001-17;10.000,00;0;14,98
271;1721340016-IGD-SUAS;13/11/2013;FUNDO MUNICIPAL DE ASSISTENCIA SOCIAL;13.291.727/0001-17;30.000,00;0;1.664,80
273;1721340005-PISO DE TRANSICAO DE MEDIA COMPLEXIDADE;21/11/2013;FUNDO MUNICIPAL DE ASSISTENCIA SOCIAL;13.291.727/0001-17;30.000,00;0;1.419,00
274;1721340015-PFMC CREAS;06/11/2013;FUNDO MUNICIPAL DE ASSISTENCIA SOCIAL;13.291.727/0001-17;192.000,00;0;2.200,00
275;1721340015-PFMC CREAS;21/11/2013;FUNDO MUNICIPAL DE ASSISTENCIA SOCIAL;13.291.727/0001-17;192.000,00;0;10.300,00
276;1721340015-PFMC CREAS;29/11/2013;FUNDO MUNICIPAL DE ASSISTENCIA SOCIAL;13.291.727/0001-17;192.000,00;0;2.200,00
277;1721340009-PAIF CRAS;26/11/2013;FUNDO MUNICIPAL DE ASSISTENCIA SOCIAL;13.291.727/0001-17;288.000,00;0;24.000,00
278;1325000001-Remuneração de Depositos Bancarios;29/11/2013;FUNDO MUNICIPAL DE ASSISTENCIA SOCIAL;13.291.727/0001-17;10.000,00;0;61,04
279;1325000001-Remuneração de Depositos Bancarios;29/11/2013;FUNDO MUNICIPAL DE ASSISTENCIA SOCIAL;13.291.727/0001-17;10.000,00;0;37
280;1325000001-Remuneração de Depositos Bancarios;29/11/2013;FUNDO MUNICIPAL DE ASSISTENCIA SOCIAL;13.291.727/0001-17;10.000,00;0;39,79
281;1325000001-Remuneração de Depositos Bancarios;29/11/2013;FUNDO MUNICIPAL DE ASSISTENCIA SOCIAL;13.291.727/0001-17;10.000,00;0;7,54
282;1325000001-Remuneração de Depositos Bancarios;29/11/2013;FUNDO MUNICIPAL DE ASSISTENCIA SOCIAL;13.291.727/0001-17;10.000,00;0;18,29
283;1325000001-Remuneração de Depositos Bancarios;29/11/2013;FUNDO MUNICIPAL DE ASSISTENCIA SOCIAL;13.291.727/0001-17;10.000,00;0;1,89
284;1325000001-Remuneração de Depositos Bancarios;29/11/2013;FUNDO MUNICIPAL DE ASSISTENCIA SOCIAL;13.291.727/0001-17;10.000,00;0;16
285;1325000001-Remuneração de Depositos Bancarios;29/11/2013;FUNDO MUNICIPAL DE ASSISTENCIA SOCIAL;13.291.727/0001-17;10.000,00;0;30,21
286;1325000001-Remuneração de Depositos Bancarios;29/11/2013;FUNDO MUNICIPAL DE ASSISTENCIA SOCIAL;13.291.727/0001-17;10.000,00;0;578,39
287;1325000001-Remuneração de Depositos Bancarios;29/11/2013;FUNDO MUNICIPAL DE ASSISTENCIA SOCIAL;13.291.727/0001-17;10.000,00;0;2,57
288;1922990001-OUTRAS RESTITUIÇÕES;17/12/2013;FOPAG - CRAS I E II;;1.000,00;0;696,4
289;1922990001-OUTRAS RESTITUIÇÕES;17/12/2013;FOPAG - PROJOVEM ADOLESCENTE;;1.000,00;0;158,2
290;1922990001-OUTRAS RESTITUIÇÕES;17/12/2013;FOPAG - CREAS I;070.405.144-35;1.000,00;0;293,8
291;1721340010-IGD PBF BOLSA FAMILIA;12/12/2013;FUNDO MUNICIPAL DE ASSISTENCIA SOCIAL;13.291.727/0001-17;396.000,00;0;23.760,59
292;1721340010-IGD PBF BOLSA FAMILIA;30/12/2013;FUNDO MUNICIPAL DE ASSISTENCIA SOCIAL;13.291.727/0001-17;396.000,00;0;23.220,58
293;1721340009-PAIF CRAS;26/12/2013;FUNDO MUNICIPAL DE ASSISTENCIA SOCIAL;13.291.727/0001-17;288.000,00;0;24.000,00
294;1721340015-PFMC CREAS;18/12/2013;FUNDO MUNICIPAL DE ASSISTENCIA SOCIAL;13.291.727/0001-17;192.000,00;0;10.300,00
295;1721340015-PFMC CREAS;26/12/2013;FUNDO MUNICIPAL DE ASSISTENCIA SOCIAL;13.291.727/0001-17;192.000,00;0;2.200,00
296;1721340014-PRO-JOVEM ADOLESCENTE - FNAS;16/12/2013;FUNDO MUNICIPAL DE ASSISTENCIA SOCIAL;13.291.727/0001-17;340.000,00;0;18.632,50
297;1721340014-PRO-JOVEM ADOLESCENTE - FNAS;16/12/2013;FUNDO MUNICIPAL DE ASSISTENCIA SOCIAL;13.291.727/0001-17;340.000,00;0;20.622,50
298;1721340005-PISO DE TRANSICAO DE MEDIA COMPLEXIDADE;27/12/2013;FUNDO MUNICIPAL DE ASSISTENCIA SOCIAL;13.291.727/0001-17;30.000,00;0;1.419,00
299;1721340001-FMAS PVMC PROGRAMA PETI;16/12/2013;FUNDO MUNICIPAL DE ASSISTENCIA SOCIAL;13.291.727/0001-17;224.700,00;0;11.000,00
300;1721340001-FMAS PVMC PROGRAMA PETI;16/12/2013;FUNDO MUNICIPAL DE ASSISTENCIA SOCIAL;13.291.727/0001-17;224.700,00;0;11.000,00
301;1721340016-IGD-SUAS;17/12/2013;FUNDO MUNICIPAL DE ASSISTENCIA SOCIAL;13.291.727/0001-17;30.000,00;0;1.664,80
302;1721349900-Outras Transferências de Recursos do FNAS;17/12/2013;BANCO DO BRASIL SA;30.822.936/0001-69;0;0;53.100,00
303;1325000001-Remuneração de Depositos Bancarios;31/12/2013;FUNDO MUNICIPAL DE ASSISTENCIA SOCIAL;13.291.727/0001-17;10.000,00;0;45,09
304;1325000001-Remuneração de Depositos Bancarios;31/12/2013;FUNDO MUNICIPAL DE ASSISTENCIA SOCIAL;13.291.727/0001-17;10.000,00;0;85,98
305;1325000001-Remuneração de Depositos Bancarios;31/12/2013;FUNDO MUNICIPAL DE ASSISTENCIA SOCIAL;13.291.727/0001-17;10.000,00;0;63,41
306;1325000001-Remuneração de Depositos Bancarios;31/12/2013;FUNDO MUNICIPAL DE ASSISTENCIA SOCIAL;13.291.727/0001-17;10.000,00;0;24,42
307;1325000001-Remuneração de Depositos Bancarios;31/12/2013;FUNDO MUNICIPAL DE ASSISTENCIA SOCIAL;13.291.727/0001-17;10.000,00;0;24,19
308;1325000001-Remuneração de Depositos Bancarios;31/12/2013;FUNDO MUNICIPAL DE ASSISTENCIA SOCIAL;13.291.727/0001-17;10.000,00;0;17,71
309;1325000001-Remuneração de Depositos Bancarios;31/12/2013;FUNDO MUNICIPAL DE ASSISTENCIA SOCIAL;13.291.727/0001-17;10.000,00;0;27,09
310;1325000001-Remuneração de Depositos Bancarios;31/12/2013;FUNDO MUNICIPAL DE ASSISTENCIA SOCIAL;13.291.727/0001-17;10.000,00;0;21,94
311;1325000001-Remuneração de Depositos Bancarios;31/12/2013;FUNDO MUNICIPAL DE ASSISTENCIA SOCIAL;13.291.727/0001-17;10.000,00;0;511,06
312;1325000001-Remuneração de Depositos Bancarios;31/12/2013;FUNDO MUNICIPAL DE ASSISTENCIA SOCIAL;13.291.727/0001-17;10.000,00;0;91,77
313;1325000001-Remuneração de Depositos Bancarios;31/12/2013;FUNDO MUNICIPAL DE ASSISTENCIA SOCIAL;13.291.727/0001-17;10.000,00;0;2,53
314;1325000001-Remuneração de Depositos Bancarios;31/12/2013;FUNDO MUNICIPAL DE ASSISTENCIA SOCIAL;13.291.727/0001-17;10.000,00;0;0,03
315;1325000001-Remuneração de Depositos Bancarios;31/12/2013;FUNDO MUNICIPAL DE ASSISTENCIA SOCIAL;13.291.727/0001-17;10.000,00;0;2,22
316;1325000001-Remuneração de Depositos Bancarios;31/12/2013;FUNDO MUNICIPAL DE ASSISTENCIA SOCIAL;13.291.727/0001-17;10.000,00;0;8,84
317;1325000001-Remuneração de Depositos Bancarios;31/12/2013;FUNDO MUNICIPAL DE ASSISTENCIA SOCIAL;13.291.727/0001-17;10.000,00;0;0,08
318;1325000001-Remuneração de Depositos Bancarios;31/12/2013;FUNDO MUNICIPAL DE ASSISTENCIA SOCIAL;13.291.727/0001-17;10.000,00;0;22,25
319;1325000001-Remuneração de Depositos Bancarios;31/12/2013;FUNDO MUNICIPAL DE ASSISTENCIA SOCIAL;13.291.727/0001-17;10.000,00;0;15,03
