NUMERO;CODIGO;RECEITA;DATA;HISTORICO;CONTA BANCARIA;FORNECEDOR;VALOR
409;112101111 ; Taxas de Inspeção, Controle e Fiscalização - Principal;29/12/2021;CORRESPONDENTE A RECEITA COM CADASTROS E AUTORIZAÇÃO DE TRANSPORTES.;000000011183X;BANCO DO BRASIL S/A;250
408;191001111 ; Multas Previstas em Legislação Específica - Principal;30/12/2021;CORRESPONDENTE A RECEITA COM MULTAS DE TRANSITO.;000000011183X;BANCO DO BRASIL S/A;8541.30
407;191001111 ; Multas Previstas em Legislação Específica - Principal;29/12/2021;CORRESPONDENTE A RECEITA COM MULTAS DE TRANSITO.;000000011183X;BANCO DO BRASIL S/A;3377.60
406;191001111 ; Multas Previstas em Legislação Específica - Principal;28/12/2021;CORRESPONDENTE A RECEITA COM MULTAS DE TRANSITO.;000000011183X;BANCO DO BRASIL S/A;10211.94
405;191001111 ; Multas Previstas em Legislação Específica - Principal;27/12/2021;CORRESPONDENTE A RECEITA COM MULTAS DE TRANSITO.;000000011183X;BANCO DO BRASIL S/A;11449.53
404;112101111 ; Taxas de Inspeção, Controle e Fiscalização - Principal;24/12/2021;CORRESPONDENTE A RECEITA COM CADASTROS E AUTORIZAÇÃO DE TRANSPORTES.;000000011183X;BANCO DO BRASIL S/A;603.6
403;191001111 ; Multas Previstas em Legislação Específica - Principal;24/12/2021;CORRESPONDENTE A RECEITA COM MULTAS DE TRANSITO.;000000011183X;BANCO DO BRASIL S/A;27787.27
402;191001111 ; Multas Previstas em Legislação Específica - Principal;22/12/2021;CORRESPONDENTE A RECEITA COM MULTAS DE TRANSITO.;000000011183X;BANCO DO BRASIL S/A;11602.45
401;191001111 ; Multas Previstas em Legislação Específica - Principal;21/12/2021;CORRESPONDENTE A RECEITA COM MULTAS DE TRANSITO - RENAINF;000000011183X;BANCO DO BRASIL S/A;11572.07
400;112101111 ; Taxas de Inspeção, Controle e Fiscalização - Principal;21/12/2021;CORRESPONDENTE A RECEITA COM CADASTROS E AUTORIZAÇÃO DE TRANSPORTES.;000000011183X;BANCO DO BRASIL S/A;136.6
399;191001111 ; Multas Previstas em Legislação Específica - Principal;21/12/2021;CORRESPONDENTE A RECEITA COM MULTAS DE TRANSITO.;000000011183X;BANCO DO BRASIL S/A;9691.13
398;191001111 ; Multas Previstas em Legislação Específica - Principal;20/12/2021;CORRESPONDENTE A RECEITA COM MULTAS DE TRANSITO.;000000011183X;BANCO DO BRASIL S/A;9279.23
397;112101111 ; Taxas de Inspeção, Controle e Fiscalização - Principal;17/12/2021;CORRESPONDENTE A RECEITA COM CADASTROS E AUTORIZAÇÃO DE TRANSPORTES.;000000011183X;BANCO DO BRASIL S/A;144
396;191001111 ; Multas Previstas em Legislação Específica - Principal;17/12/2021;CORRESPONDENTE A RECEITA COM MULTAS DE TRANSITO.;000000011183X;BANCO DO BRASIL S/A;21646.78
395;191001111 ; Multas Previstas em Legislação Específica - Principal;15/12/2021;CORRESPONDENTE A RECEITA COM MULTAS DE TRANSITO.;000000011183X;BANCO DO BRASIL S/A;14508.69
394;191001111 ; Multas Previstas em Legislação Específica - Principal;14/12/2021;CORRESPONDENTE A RECEITA COM MULTAS DE TRANSITO.;000000011183X;BANCO DO BRASIL S/A;16766.28
393;191001111 ; Multas Previstas em Legislação Específica - Principal;13/12/2021;CORRESPONDENTE A RECEITA COM MULTAS DE TRANSITO.;000000011183X;BANCO DO BRASIL S/A;11202.99
392;112101111 ; Taxas de Inspeção, Controle e Fiscalização - Principal;10/12/2021;CORRESPONDENTE A RECEITA COM CADASTROS E AUTORIZAÇÃO DE TRANSPORTES.;000000011183X;BANCO DO BRASIL S/A;120
391;191001111 ; Multas Previstas em Legislação Específica - Principal;10/12/2021;CORRESPONDENTE A RECEITA COM MULTAS DE TRANSITO.;000000011183X;BANCO DO BRASIL S/A;19436.97
390;112101111 ; Taxas de Inspeção, Controle e Fiscalização - Principal;08/12/2021;CORRESPONDENTE A RECEITA COM CADASTROS E AUTORIZAÇÃO DE TRANSPORTES.;000000011183X;BANCO DO BRASIL S/A;110
389;191001111 ; Multas Previstas em Legislação Específica - Principal;08/12/2021;CORRESPONDENTE A RECEITA COM MULTAS DE TRANSITO.;000000011183X;BANCO DO BRASIL S/A;7234.01
388;112101111 ; Taxas de Inspeção, Controle e Fiscalização - Principal;07/12/2021;CORRESPONDENTE A RECEITA COM CADASTROS E AUTORIZAÇÃO DE TRANSPORTES.;000000011183X;BANCO DO BRASIL S/A;173.6
387;191001111 ; Multas Previstas em Legislação Específica - Principal;07/12/2021;CORRESPONDENTE A RECEITA COM MULTAS DE TRANSITO.;000000011183X;BANCO DO BRASIL S/A;8324.71
386;112101111 ; Taxas de Inspeção, Controle e Fiscalização - Principal;06/12/2021;CORRESPONDENTE A RECEITA COM CADASTROS E AUTORIZAÇÃO DE TRANSPORTES.;000000011183X;BANCO DO BRASIL S/A;24
385;191001111 ; Multas Previstas em Legislação Específica - Principal;06/12/2021;CORRESPONDENTE A RECEITA COM MULTAS DE TRANSITO.;000000011183X;BANCO DO BRASIL S/A;6892.38
384;112101111 ; Taxas de Inspeção, Controle e Fiscalização - Principal;03/12/2021;CORRESPONDENTE A RECEITA COM CADASTROS E AUTORIZAÇÃO DE TRANSPORTES.;000000011183X;BANCO DO BRASIL S/A;40
383;191001111 ; Multas Previstas em Legislação Específica - Principal;03/12/2021;CORRESPONDENTE A RECEITA COM MULTAS DE TRANSITO.;000000011183X;BANCO DO BRASIL S/A;11924.47
382;112101111 ; Taxas de Inspeção, Controle e Fiscalização - Principal;02/12/2021;CORRESPONDENTE A RECEITA COM CADASTROS E AUTORIZAÇÃO DE TRANSPORTES.;000000011183X;BANCO DO BRASIL S/A;293.2
381;191001111 ; Multas Previstas em Legislação Específica - Principal;02/12/2021;CORRESPONDENTE A RECEITA COM MULTAS DE TRANSITO.;000000011183X;BANCO DO BRASIL S/A;10987.70
380;199099111 ; Outras Receitas - Primárias - Principal;01/12/2021;CORRESPONDENTE A RECEITA  DERIVADA DA CONCESSÃO DE EXPLORAÇÃO DA ZONA AZUL, COMPETENCIA NOVEMBRO/2021.;000000011183X;R2 MOBBI SISTEMAS E MOBILIDADE URBANA EIRELI;2152.56
379;191001111 ; Multas Previstas em Legislação Específica - Principal;01/12/2021;CORRESPONDENTE A RECEITA COM MULTAS DE TRANSITO.;000000011183X;BANCO DO BRASIL S/A;5293.11
378;132100111 ; Remuneração de Depósitos Bancários - Principal;30/11/2021;CORRESPONDENTE AOS RENDIMENTOS AUFERIDOS NO MES DE NOVEMBRO/2021;000000011183X;BANCO DO BRASIL S/A;59.24
377;112101111 ; Taxas de Inspeção, Controle e Fiscalização - Principal;30/11/2021;CORRESPONDENTE A RECEITA COM CADASTROS E AUTORIZAÇÃO DE TRANSPORTES.;000000011183X;BANCO DO BRASIL S/A;263.2
376;191001111 ; Multas Previstas em Legislação Específica - Principal;30/11/2021;CORRESPONDENTE A RECEITA COM MULTAS DE TRANSITO.;000000011183X;BANCO DO BRASIL S/A;6048.65
375;191001111 ; Multas Previstas em Legislação Específica - Principal;29/11/2021;CORRESPONDENTE A RECEITA COM MULTAS DE TRANSITO.;000000011183X;BANCO DO BRASIL S/A;6945.66
374;112101111 ; Taxas de Inspeção, Controle e Fiscalização - Principal;26/11/2021;CORRESPONDENTE A RECEITA COM CADASTROS E AUTORIZAÇÃO DE TRANSPORTES.;000000011183X;BANCO DO BRASIL S/A;50
373;191001111 ; Multas Previstas em Legislação Específica - Principal;26/11/2021;CORRESPONDENTE A RECEITA COM MULTAS DE TRANSITO.;000000011183X;BANCO DO BRASIL S/A;4796.63
372;112101111 ; Taxas de Inspeção, Controle e Fiscalização - Principal;25/11/2021;CORRESPONDENTE A RECEITA COM CADASTROS E AUTORIZAÇÃO DE TRANSPORTES.;000000011183X;BANCO DO BRASIL S/A;500.4
371;191001111 ; Multas Previstas em Legislação Específica - Principal;25/11/2021;CORRESPONDENTE A RECEITA COM MULTAS DE TRANSITO.;000000011183X;BANCO DO BRASIL S/A;8806.30
370;112101111 ; Taxas de Inspeção, Controle e Fiscalização - Principal;24/11/2021;CORRESPONDENTE A RECEITA COM CADASTROS E AUTORIZAÇÃO DE TRANSPORTES.;000000011183X;BANCO DO BRASIL S/A;267.2
369;191001111 ; Multas Previstas em Legislação Específica - Principal;24/11/2021;CORRESPONDENTE A RECEITA COM MULTAS DE TRANSITO.;000000011183X;BANCO DO BRASIL S/A;6290.15
368;191001111 ; Multas Previstas em Legislação Específica - Principal;23/11/2021;CORRESPONDENTE A RECEITA COM MULTAS DE TRANSITO - RENAINF;000000011183X;BANCO DO BRASIL S/A;9136.96
367;112101111 ; Taxas de Inspeção, Controle e Fiscalização - Principal;23/11/2021;CORRESPONDENTE A RECEITA COM CADASTROS E AUTORIZAÇÃO DE TRANSPORTES.;000000011183X;BANCO DO BRASIL S/A;83.6
366;191001111 ; Multas Previstas em Legislação Específica - Principal;23/11/2021;CORRESPONDENTE A RECEITA COM MULTAS DE TRANSITO.;000000011183X;BANCO DO BRASIL S/A;4273.88
365;191001111 ; Multas Previstas em Legislação Específica - Principal;22/11/2021;CORRESPONDENTE A RECEITA COM MULTAS DE TRANSITO.;000000011183X;BANCO DO BRASIL S/A;7578.47
364;112101111 ; Taxas de Inspeção, Controle e Fiscalização - Principal;19/11/2021;CORRESPONDENTE A RECEITA COM CADASTROS E AUTORIZAÇÃO DE TRANSPORTES.;000000011183X;BANCO DO BRASIL S/A;473.6
363;191001111 ; Multas Previstas em Legislação Específica - Principal;19/11/2021;CORRESPONDENTE A RECEITA COM MULTAS DE TRANSITO.;000000011183X;BANCO DO BRASIL S/A;3528.88
362;112101111 ; Taxas de Inspeção, Controle e Fiscalização - Principal;18/11/2021;CORRESPONDENTE A RECEITA COM CADASTROS E AUTORIZAÇÃO DE TRANSPORTES.;000000011183X;BANCO DO BRASIL S/A;183.2
361;191001111 ; Multas Previstas em Legislação Específica - Principal;18/11/2021;CORRESPONDENTE A RECEITA COM MULTAS DE TRANSITO.;000000011183X;BANCO DO BRASIL S/A;4593.17
360;112101111 ; Taxas de Inspeção, Controle e Fiscalização - Principal;17/11/2021;CORRESPONDENTE A RECEITA COM CADASTROS E AUTORIZAÇÃO DE TRANSPORTES.;000000011183X;BANCO DO BRASIL S/A;80
359;191001111 ; Multas Previstas em Legislação Específica - Principal;17/11/2021;CORRESPONDENTE A RECEITA COM MULTAS DE TRANSITO.;000000011183X;BANCO DO BRASIL S/A;3298.18
358;112101111 ; Taxas de Inspeção, Controle e Fiscalização - Principal;16/11/2021;CORRESPONDENTE A RECEITA COM CADASTROS E AUTORIZAÇÃO DE TRANSPORTES.;000000011183X;BANCO DO BRASIL S/A;207.2
357;191001111 ; Multas Previstas em Legislação Específica - Principal;16/11/2021;CORRESPONDENTE A RECEITA COM MULTAS DE TRANSITO.;000000011183X;BANCO DO BRASIL S/A;2415.67
356;191001111 ; Multas Previstas em Legislação Específica - Principal;16/11/2021;CORRESPONDENTE A RECEITA COM MULTAS DE TRANSITO - RENAINF;000000011183X;BANCO DO BRASIL S/A;25724.01
355;112101111 ; Taxas de Inspeção, Controle e Fiscalização - Principal;12/11/2021;CORRESPONDENTE A RECEITA COM CADASTROS E AUTORIZAÇÃO DE TRANSPORTES.;000000011183X;BANCO DO BRASIL S/A;154
354;191001111 ; Multas Previstas em Legislação Específica - Principal;12/11/2021;CORRESPONDENTE A RECEITA COM MULTAS DE TRANSITO.;000000011183X;BANCO DO BRASIL S/A;1000.47
353;191001111 ; Multas Previstas em Legislação Específica - Principal;11/11/2021;CORRESPONDENTE A RECEITA COM MULTAS DE TRANSITO.;000000011183X;BANCO DO BRASIL S/A;2565.65
352;112101111 ; Taxas de Inspeção, Controle e Fiscalização - Principal;10/11/2021;CORRESPONDENTE A RECEITA COM CADASTROS E AUTORIZAÇÃO DE TRANSPORTES.;000000011183X;BANCO DO BRASIL S/A;53
351;191001111 ; Multas Previstas em Legislação Específica - Principal;10/11/2021;CORRESPONDENTE A RECEITA COM MULTAS DE TRANSITO.;000000011183X;BANCO DO BRASIL S/A;1177.85
350;191001111 ; Multas Previstas em Legislação Específica - Principal;09/11/2021;CORRESPONDENTE A RECEITA COM MULTAS DE TRANSITO.;000000011183X;BANCO DO BRASIL S/A;1042.99
349;112101111 ; Taxas de Inspeção, Controle e Fiscalização - Principal;08/11/2021;CORRESPONDENTE A RECEITA COM CADASTROS E AUTORIZAÇÃO DE TRANSPORTES.;000000011183X;BANCO DO BRASIL S/A;83.6
348;191001111 ; Multas Previstas em Legislação Específica - Principal;08/11/2021;CORRESPONDENTE A RECEITA COM MULTAS DE TRANSITO.;000000011183X;BANCO DO BRASIL S/A;2065.74
347;112101111 ; Taxas de Inspeção, Controle e Fiscalização - Principal;05/11/2021;CORRESPONDENTE A RECEITA COM CADASTROS E AUTORIZAÇÃO DE TRANSPORTES.;000000011183X;BANCO DO BRASIL S/A;320
346;191001111 ; Multas Previstas em Legislação Específica - Principal;05/11/2021;CORRESPONDENTE A RECEITA COM MULTAS DE TRANSITO.;000000011183X;BANCO DO BRASIL S/A;5159.00
345;191001111 ; Multas Previstas em Legislação Específica - Principal;03/11/2021;CORRESPONDENTE A RECEITA COM MULTAS DE TRANSITO.;000000011183X;BANCO DO BRASIL S/A;16444.61
344;191001111 ; Multas Previstas em Legislação Específica - Principal;01/11/2021;CORRESPONDENTE A RECEITA COM MULTAS DE TRANSITO.;000000011183X;BANCO DO BRASIL S/A;11064.54
343;132100111 ; Remuneração de Depósitos Bancários - Principal;29/10/2021;CORRESPONDENTE AOS RENDIMENTOS AUFERIDOS NO MES DE OUTUBRO/2021;000000011183X;BANCO DO BRASIL S/A;40.35
342;112101111 ; Taxas de Inspeção, Controle e Fiscalização - Principal;29/10/2021;CORRESPONDENTE A RECEITA COM CADASTROS E AUTORIZAÇÃO DE TRANSPORTES.;000000011183X;BANCO DO BRASIL S/A;463.6
341;191001111 ; Multas Previstas em Legislação Específica - Principal;29/10/2021;CORRESPONDENTE A RECEITA COM MULTAS DE TRANSITO.;000000011183X;BANCO DO BRASIL S/A;7629.45
340;112101111 ; Taxas de Inspeção, Controle e Fiscalização - Principal;28/10/2021;CORRESPONDENTE A RECEITA COM CADASTROS E AUTORIZAÇÃO DE TRANSPORTES.;000000011183X;BANCO DO BRASIL S/A;392.6
339;191001111 ; Multas Previstas em Legislação Específica - Principal;28/10/2021;CORRESPONDENTE A RECEITA COM MULTAS DE TRANSITO.;000000011183X;BANCO DO BRASIL S/A;8474.01
338;199099111 ; Outras Receitas - Primárias - Principal;27/10/2021;CORRESPONDENTE A RECEITA  DERIVADA DA CONCESSÃO DE EXPLORAÇÃO DA ZONA AZUL, COMPETENCIA OUTUBRO/2021.;000000011183X;R2 MOBBI SISTEMAS E MOBILIDADE URBANA EIRELI;2430.80
337;191001111 ; Multas Previstas em Legislação Específica - Principal;27/10/2021;CORRESPONDENTE A RECEITA COM MULTAS DE TRANSITO.;000000011183X;BANCO DO BRASIL S/A;7543.66
336;191001111 ; Multas Previstas em Legislação Específica - Principal;26/10/2021;CORRESPONDENTE A RECEITA COM MULTAS DE TRANSITO.;000000011183X;BANCO DO BRASIL S/A;7825.00
335;112101111 ; Taxas de Inspeção, Controle e Fiscalização - Principal;25/10/2021;CORRESPONDENTE A RECEITA COM CADASTROS E AUTORIZAÇÃO DE TRANSPORTES.;000000011183X;BANCO DO BRASIL S/A;83.6
334;191001111 ; Multas Previstas em Legislação Específica - Principal;25/10/2021;CORRESPONDENTE A RECEITA COM MULTAS DE TRANSITO.;000000011183X;BANCO DO BRASIL S/A;3661.81
333;191001111 ; Multas Previstas em Legislação Específica - Principal;20/10/2021;CORRESPONDENTE A RECEITA COM MULTAS DE TRANSITO.;000000011183X;BANCO DO BRASIL S/A;3382.16
332;191001111 ; Multas Previstas em Legislação Específica - Principal;22/10/2021;CORRESPONDENTE A RECEITA COM MULTAS DE TRANSITO - RENAINF;000000011183X;BANCO DO BRASIL S/A;12402.85
331;112101111 ; Taxas de Inspeção, Controle e Fiscalização - Principal;22/10/2021;CORRESPONDENTE A RECEITA COM CADASTROS E AUTORIZAÇÃO DE TRANSPORTES.;000000011183X;BANCO DO BRASIL S/A;228.1
330;191001111 ; Multas Previstas em Legislação Específica - Principal;22/10/2021;CORRESPONDENTE A RECEITA COM MULTAS DE TRANSITO.;000000011183X;BANCO DO BRASIL S/A;6375.23
329;191001111 ; Multas Previstas em Legislação Específica - Principal;21/10/2021;CORRESPONDENTE A RECEITA COM MULTAS DE TRANSITO.;000000011183X;BANCO DO BRASIL S/A;3456.40
328;112101111 ; Taxas de Inspeção, Controle e Fiscalização - Principal;19/10/2021;CORRESPONDENTE A RECEITA COM CADASTROS E AUTORIZAÇÃO DE TRANSPORTES.;000000011183X;BANCO DO BRASIL S/A;99.6
327;191001111 ; Multas Previstas em Legislação Específica - Principal;19/10/2021;CORRESPONDENTE A RECEITA COM MULTAS DE TRANSITO.;000000011183X;BANCO DO BRASIL S/A;5779.27
326;112101111 ; Taxas de Inspeção, Controle e Fiscalização - Principal;18/10/2021;CORRESPONDENTE A RECEITA COM CADASTROS E AUTORIZAÇÃO DE TRANSPORTES.;000000011183X;BANCO DO BRASIL S/A;83.6
325;191001111 ; Multas Previstas em Legislação Específica - Principal;18/10/2021;CORRESPONDENTE A RECEITA COM MULTAS DE TRANSITO.;000000011183X;BANCO DO BRASIL S/A;6273.05
324;112101111 ; Taxas de Inspeção, Controle e Fiscalização - Principal;15/10/2021;CORRESPONDENTE A RECEITA COM CADASTROS E AUTORIZAÇÃO DE TRANSPORTES.;000000011183X;BANCO DO BRASIL S/A;99.6
323;191001111 ; Multas Previstas em Legislação Específica - Principal;15/10/2021;CORRESPONDENTE A RECEITA COM MULTAS DE TRANSITO.;000000011183X;BANCO DO BRASIL S/A;3697.55
322;112101111 ; Taxas de Inspeção, Controle e Fiscalização - Principal;14/10/2021;CORRESPONDENTE A RECEITA COM CADASTROS E AUTORIZAÇÃO DE TRANSPORTES.;000000011183X;BANCO DO BRASIL S/A;83.6
321;191001111 ; Multas Previstas em Legislação Específica - Principal;14/10/2021;CORRESPONDENTE A RECEITA COM MULTAS DE TRANSITO.;000000011183X;BANCO DO BRASIL S/A;5281.97
320;191001111 ; Multas Previstas em Legislação Específica - Principal;13/10/2021;CORRESPONDENTE A RECEITA COM MULTAS DE TRANSITO.;000000011183X;BANCO DO BRASIL S/A;4414.58
319;191001111 ; Multas Previstas em Legislação Específica - Principal;11/10/2021;CORRESPONDENTE A RECEITA COM MULTAS DE TRANSITO.;000000011183X;BANCO DO BRASIL S/A;6638.50
318;112101111 ; Taxas de Inspeção, Controle e Fiscalização - Principal;08/10/2021;CORRESPONDENTE A RECEITA COM CADASTROS E AUTORIZAÇÃO DE TRANSPORTES.;000000011183X;BANCO DO BRASIL S/A;83.6
317;191001111 ; Multas Previstas em Legislação Específica - Principal;08/10/2021;CORRESPONDENTE A RECEITA COM MULTAS DE TRANSITO.;000000011183X;BANCO DO BRASIL S/A;6740.74
316;191001111 ; Multas Previstas em Legislação Específica - Principal;07/10/2021;CORRESPONDENTE A RECEITA COM MULTAS DE TRANSITO.;000000011183X;BANCO DO BRASIL S/A;8163.38
315;112101111 ; Taxas de Inspeção, Controle e Fiscalização - Principal;06/10/2021;CORRESPONDENTE A RECEITA COM CADASTROS E AUTORIZAÇÃO DE TRANSPORTES.;000000011183X;BANCO DO BRASIL S/A;183.2
314;191001111 ; Multas Previstas em Legislação Específica - Principal;06/10/2021;CORRESPONDENTE A RECEITA COM MULTAS DE TRANSITO.;000000011183X;BANCO DO BRASIL S/A;4741.28
313;112101111 ; Taxas de Inspeção, Controle e Fiscalização - Principal;05/10/2021;CORRESPONDENTE A RECEITA COM CADASTROS E AUTORIZAÇÃO DE TRANSPORTES.;000000011183X;BANCO DO BRASIL S/A;168.1
312;191001111 ; Multas Previstas em Legislação Específica - Principal;05/10/2021;CORRESPONDENTE A RECEITA COM MULTAS DE TRANSITO.;000000011183X;BANCO DO BRASIL S/A;20625.94
311;191001111 ; Multas Previstas em Legislação Específica - Principal;04/10/2021;CORRESPONDENTE A RECEITA COM MULTAS DE TRANSITO.;000000011183X;BANCO DO BRASIL S/A;6527.43
310;112101111 ; Taxas de Inspeção, Controle e Fiscalização - Principal;01/10/2021;CORRESPONDENTE A RECEITA COM CADASTROS E AUTORIZAÇÃO DE TRANSPORTES.;000000011183X;BANCO DO BRASIL S/A;499.6
309;191001111 ; Multas Previstas em Legislação Específica - Principal;01/10/2021;CORRESPONDENTE A RECEITA COM MULTAS DE TRANSITO.;000000011183X;BANCO DO BRASIL S/A;9915.08
308;132100111 ; Remuneração de Depósitos Bancários - Principal;30/09/2021;CORRESPONDENTE AOS RENDIMENTOS AUFERIDOS NO MES DE SETEMBRO/2021;000000011183X;BANCO DO BRASIL S/A;41.07
307;199099111 ; Outras Receitas - Primárias - Principal;30/09/2021;CORRESPONDENTE A RECEITA  DERIVADA DA CONCESSÃO DE EXPLORAÇÃO DA ZONA AZUL, COMPETENCIA AGOSTO/2021.;000000011183X;R2 MOBBI SISTEMAS E MOBILIDADE URBANA EIRELI;2452.72
306;112101111 ; Taxas de Inspeção, Controle e Fiscalização - Principal;30/09/2021;CORRESPONDENTE A RECEITA COM CADASTROS E AUTORIZAÇÃO DE TRANSPORTES.;000000011183X;BANCO DO BRASIL S/A;163.6
305;191001111 ; Multas Previstas em Legislação Específica - Principal;30/09/2021;CORRESPONDENTE A RECEITA COM MULTAS DE TRANSITO.;000000011183X;BANCO DO BRASIL S/A;8542.76
304;112101111 ; Taxas de Inspeção, Controle e Fiscalização - Principal;29/09/2021;CORRESPONDENTE A RECEITA COM CADASTROS E AUTORIZAÇÃO DE TRANSPORTES.;000000011183X;BANCO DO BRASIL S/A;96.6
303;191001111 ; Multas Previstas em Legislação Específica - Principal;29/09/2021;CORRESPONDENTE A RECEITA COM MULTAS DE TRANSITO.;000000011183X;BANCO DO BRASIL S/A;8919.49
302;112101111 ; Taxas de Inspeção, Controle e Fiscalização - Principal;28/09/2021;CORRESPONDENTE A RECEITA COM CADASTROS E AUTORIZAÇÃO DE TRANSPORTES.;000000011183X;BANCO DO BRASIL S/A;679.6
301;191001111 ; Multas Previstas em Legislação Específica - Principal;28/09/2021;CORRESPONDENTE A RECEITA COM MULTAS DE TRANSITO.;000000011183X;BANCO DO BRASIL S/A;6260.25
300;191001111 ; Multas Previstas em Legislação Específica - Principal;27/09/2021;CORRESPONDENTE A RECEITA COM MULTAS DE TRANSITO.;000000011183X;BANCO DO BRASIL S/A;6857.30
299;112101111 ; Taxas de Inspeção, Controle e Fiscalização - Principal;24/09/2021;CORRESPONDENTE A RECEITA COM CADASTROS E AUTORIZAÇÃO DE TRANSPORTES.;000000011183X;BANCO DO BRASIL S/A;236.2
298;191001111 ; Multas Previstas em Legislação Específica - Principal;24/09/2021;CORRESPONDENTE A RECEITA COM MULTAS DE TRANSITO.;000000011183X;BANCO DO BRASIL S/A;8976.43
297;112101111 ; Taxas de Inspeção, Controle e Fiscalização - Principal;23/09/2021;CORRESPONDENTE A RECEITA COM CADASTROS E AUTORIZAÇÃO DE TRANSPORTES.;000000011183X;BANCO DO BRASIL S/A;80
296;191001111 ; Multas Previstas em Legislação Específica - Principal;23/09/2021;CORRESPONDENTE A RECEITA COM MULTAS DE TRANSITO.;000000011183X;BANCO DO BRASIL S/A;5393.87
295;112101111 ; Taxas de Inspeção, Controle e Fiscalização - Principal;22/09/2021;CORRESPONDENTE A RECEITA COM CADASTROS E AUTORIZAÇÃO DE TRANSPORTES.;000000011183X;BANCO DO BRASIL S/A;448.2
294;191001111 ; Multas Previstas em Legislação Específica - Principal;22/09/2021;CORRESPONDENTE A RECEITA COM MULTAS DE TRANSITO.;000000011183X;BANCO DO BRASIL S/A;2157.66
293;191001111 ; Multas Previstas em Legislação Específica - Principal;21/09/2021;CORRESPONDENTE A RECEITA COM MULTAS DE TRANSITO - RENAINF;000000011183X;BANCO DO BRASIL S/A;12315.13
292;112101111 ; Taxas de Inspeção, Controle e Fiscalização - Principal;21/09/2021;CORRESPONDENTE A RECEITA COM CADASTROS E AUTORIZAÇÃO DE TRANSPORTES.;000000011183X;BANCO DO BRASIL S/A;417.2
291;191001111 ; Multas Previstas em Legislação Específica - Principal;21/09/2021;CORRESPONDENTE A RECEITA COM MULTAS DE TRANSITO.;000000011183X;BANCO DO BRASIL S/A;1442.13
290;112101111 ; Taxas de Inspeção, Controle e Fiscalização - Principal;20/09/2021;CORRESPONDENTE A RECEITA COM CADASTROS E AUTORIZAÇÃO DE TRANSPORTES.;000000011183X;BANCO DO BRASIL S/A;83.6
289;191001111 ; Multas Previstas em Legislação Específica - Principal;20/09/2021;CORRESPONDENTE A RECEITA COM MULTAS DE TRANSITO.;000000011183X;BANCO DO BRASIL S/A;176.56
288;112101111 ; Taxas de Inspeção, Controle e Fiscalização - Principal;17/09/2021;CORRESPONDENTE A RECEITA COM CADASTROS E AUTORIZAÇÃO DE TRANSPORTES.;000000011183X;BANCO DO BRASIL S/A;597.5
287;191001111 ; Multas Previstas em Legislação Específica - Principal;17/09/2021;CORRESPONDENTE A RECEITA COM MULTAS DE TRANSITO.;000000011183X;BANCO DO BRASIL S/A;1356.87
286;191001111 ; Multas Previstas em Legislação Específica - Principal;16/09/2021;CORRESPONDENTE A RECEITA COM MULTAS DE TRANSITO.;000000011183X;BANCO DO BRASIL S/A;1877.94
285;112101111 ; Taxas de Inspeção, Controle e Fiscalização - Principal;15/09/2021;CORRESPONDENTE A RECEITA COM CADASTROS E AUTORIZAÇÃO DE TRANSPORTES.;000000011183X;BANCO DO BRASIL S/A;167.2
284;191001111 ; Multas Previstas em Legislação Específica - Principal;15/09/2021;CORRESPONDENTE A RECEITA COM MULTAS DE TRANSITO.;000000011183X;BANCO DO BRASIL S/A;1104.76
283;112101111 ; Taxas de Inspeção, Controle e Fiscalização - Principal;14/09/2021;CORRESPONDENTE A RECEITA COM CADASTROS E AUTORIZAÇÃO DE TRANSPORTES.;000000011183X;BANCO DO BRASIL S/A;167.2
282;191001111 ; Multas Previstas em Legislação Específica - Principal;14/09/2021;CORRESPONDENTE A RECEITA COM MULTAS DE TRANSITO.;000000011183X;BANCO DO BRASIL S/A;2090.74
281;191001111 ; Multas Previstas em Legislação Específica - Principal;13/09/2021;CORRESPONDENTE A RECEITA COM MULTAS DE TRANSITO.;000000011183X;BANCO DO BRASIL S/A;2005.13
280;191001111 ; Multas Previstas em Legislação Específica - Principal;10/09/2021;CORRESPONDENTE A RECEITA COM MULTAS DE TRANSITO.;000000011183X;BANCO DO BRASIL S/A;1683.16
279;112101111 ; Taxas de Inspeção, Controle e Fiscalização - Principal;09/09/2021;CORRESPONDENTE A RECEITA COM CADASTROS E AUTORIZAÇÃO DE TRANSPORTES.;000000011183X;BANCO DO BRASIL S/A;84.5
278;191001111 ; Multas Previstas em Legislação Específica - Principal;09/09/2021;CORRESPONDENTE A RECEITA COM MULTAS DE TRANSITO.;000000011183X;BANCO DO BRASIL S/A;1753.32
277;191001111 ; Multas Previstas em Legislação Específica - Principal;08/09/2021;CORRESPONDENTE A RECEITA COM MULTAS DE TRANSITO.;000000011183X;BANCO DO BRASIL S/A;2065.00
276;112101111 ; Taxas de Inspeção, Controle e Fiscalização - Principal;06/09/2021;CORRESPONDENTE A RECEITA COM CADASTROS E AUTORIZAÇÃO DE TRANSPORTES.;000000011183X;BANCO DO BRASIL S/A;815.7
275;191001111 ; Multas Previstas em Legislação Específica - Principal;06/09/2021;CORRESPONDENTE A RECEITA COM MULTAS DE TRANSITO.;000000011183X;BANCO DO BRASIL S/A;2357.05
274;112101111 ; Taxas de Inspeção, Controle e Fiscalização - Principal;03/09/2021;CORRESPONDENTE A RECEITA COM CADASTROS E AUTORIZAÇÃO DE TRANSPORTES.;000000011183X;BANCO DO BRASIL S/A;355.2
273;191001111 ; Multas Previstas em Legislação Específica - Principal;03/09/2021;CORRESPONDENTE A RECEITA COM MULTAS DE TRANSITO.;000000011183X;BANCO DO BRASIL S/A;3614.24
272;199099111 ; Outras Receitas - Primárias - Principal;02/09/2021;CORRESPONDENTE A RECEITA  DERIVADA DA CONCESSÃO DE EXPLORAÇÃO DA ZONA AZUL, COMPETENCIA JULHO/2021.;000000011183X;R2 MOBBI SISTEMAS E MOBILIDADE URBANA EIRELI;2748.96
271;112101111 ; Taxas de Inspeção, Controle e Fiscalização - Principal;02/09/2021;CORRESPONDENTE A RECEITA COM CADASTROS E AUTORIZAÇÃO DE TRANSPORTES.;000000011183X;BANCO DO BRASIL S/A;99.6
270;191001111 ; Multas Previstas em Legislação Específica - Principal;02/09/2021;CORRESPONDENTE A RECEITA COM MULTAS DE TRANSITO.;000000011183X;BANCO DO BRASIL S/A;3464.07
269;112101111 ; Taxas de Inspeção, Controle e Fiscalização - Principal;01/09/2021;CORRESPONDENTE A RECEITA COM CADASTROS E AUTORIZAÇÃO DE TRANSPORTES.;000000011183X;BANCO DO BRASIL S/A;247.2
268;191001111 ; Multas Previstas em Legislação Específica - Principal;01/09/2021;CORRESPONDENTE A RECEITA COM MULTAS DE TRANSITO.;000000011183X;BANCO DO BRASIL S/A;938.67
267;132100111 ; Remuneração de Depósitos Bancários - Principal;31/08/2021;CORRESPONDENTE AOS RENDIMENTOS AUFERIDOS NO MES DE AGOSTO/2021;000000011183X;BANCO DO BRASIL S/A;20.86
266;112101111 ; Taxas de Inspeção, Controle e Fiscalização - Principal;31/08/2021;CORRESPONDENTE A RECEITA COM CADASTROS E AUTORIZAÇÃO DE TRANSPORTES.;000000011183X;BANCO DO BRASIL S/A;744.4
265;191001111 ; Multas Previstas em Legislação Específica - Principal;31/08/2021;CORRESPONDENTE A RECEITA COM MULTAS DE TRANSITO.;000000011183X;BANCO DO BRASIL S/A;1641.61
264;191001111 ; Multas Previstas em Legislação Específica - Principal;30/08/2021;CORRESPONDENTE A RECEITA COM MULTAS DE TRANSITO.;000000011183X;BANCO DO BRASIL S/A;2224.29
263;112101111 ; Taxas de Inspeção, Controle e Fiscalização - Principal;27/08/2021;CORRESPONDENTE A RECEITA COM CADASTROS E AUTORIZAÇÃO DE TRANSPORTES.;000000011183X;BANCO DO BRASIL S/A;681.6
262;191001111 ; Multas Previstas em Legislação Específica - Principal;27/08/2021;CORRESPONDENTE A RECEITA COM MULTAS DE TRANSITO.;000000011183X;BANCO DO BRASIL S/A;669.64
261;112101111 ; Taxas de Inspeção, Controle e Fiscalização - Principal;26/08/2021;CORRESPONDENTE A RECEITA COM CADASTROS E AUTORIZAÇÃO DE TRANSPORTES.;000000011183X;BANCO DO BRASIL S/A;744.5
260;191001111 ; Multas Previstas em Legislação Específica - Principal;26/08/2021;CORRESPONDENTE A RECEITA COM MULTAS DE TRANSITO.;000000011183X;BANCO DO BRASIL S/A;999.89
259;112101111 ; Taxas de Inspeção, Controle e Fiscalização - Principal;25/08/2021;CORRESPONDENTE A RECEITA COM CADASTROS E AUTORIZAÇÃO DE TRANSPORTES.;000000011183X;BANCO DO BRASIL S/A;410.8
258;191001111 ; Multas Previstas em Legislação Específica - Principal;25/08/2021;CORRESPONDENTE A RECEITA COM MULTAS DE TRANSITO.;000000011183X;BANCO DO BRASIL S/A;1406.58
257;112101111 ; Taxas de Inspeção, Controle e Fiscalização - Principal;24/08/2021;CORRESPONDENTE A RECEITA COM CADASTROS E AUTORIZAÇÃO DE TRANSPORTES.;000000011183X;BANCO DO BRASIL S/A;450
256;191001111 ; Multas Previstas em Legislação Específica - Principal;24/08/2021;CORRESPONDENTE A RECEITA COM MULTAS DE TRANSITO.;000000011183X;BANCO DO BRASIL S/A;1226.13
255;112101111 ; Taxas de Inspeção, Controle e Fiscalização - Principal;23/08/2021;CORRESPONDENTE A RECEITA COM CADASTROS E AUTORIZAÇÃO DE TRANSPORTES.;000000011183X;BANCO DO BRASIL S/A;1218.00
254;191001111 ; Multas Previstas em Legislação Específica - Principal;23/08/2021;CORRESPONDENTE A RECEITA COM MULTAS DE TRANSITO.;000000011183X;BANCO DO BRASIL S/A;2460.08
253;191001111 ; Multas Previstas em Legislação Específica - Principal;20/08/2021;CORRESPONDENTE A RECEITA COM MULTAS DE TRANSITO - RENAINF;000000011183X;BANCO DO BRASIL S/A;16583.95
252;112101111 ; Taxas de Inspeção, Controle e Fiscalização - Principal;20/08/2021;CORRESPONDENTE A RECEITA COM CADASTROS E AUTORIZAÇÃO DE TRANSPORTES.;000000011183X;BANCO DO BRASIL S/A;703.6
251;191001111 ; Multas Previstas em Legislação Específica - Principal;20/08/2021;CORRESPONDENTE A RECEITA COM MULTAS DE TRANSITO.;000000011183X;BANCO DO BRASIL S/A;1492.31
250;112101111 ; Taxas de Inspeção, Controle e Fiscalização - Principal;19/08/2021;CORRESPONDENTE A RECEITA COM CADASTROS E AUTORIZAÇÃO DE TRANSPORTES.;000000011183X;BANCO DO BRASIL S/A;40
249;191001111 ; Multas Previstas em Legislação Específica - Principal;19/08/2021;CORRESPONDENTE A RECEITA COM MULTAS DE TRANSITO.;000000011183X;BANCO DO BRASIL S/A;3349.74
248;112101111 ; Taxas de Inspeção, Controle e Fiscalização - Principal;18/08/2021;CORRESPONDENTE A RECEITA COM CADASTROS E AUTORIZAÇÃO DE TRANSPORTES.;000000011183X;BANCO DO BRASIL S/A;97.5
247;191001111 ; Multas Previstas em Legislação Específica - Principal;18/08/2021;CORRESPONDENTE A RECEITA COM MULTAS DE TRANSITO.;000000011183X;BANCO DO BRASIL S/A;869.02
246;112101111 ; Taxas de Inspeção, Controle e Fiscalização - Principal;17/08/2021;CORRESPONDENTE A RECEITA COM CADASTROS E AUTORIZAÇÃO DE TRANSPORTES.;000000011183X;BANCO DO BRASIL S/A;250.8
245;191001111 ; Multas Previstas em Legislação Específica - Principal;17/08/2021;CORRESPONDENTE A RECEITA COM MULTAS DE TRANSITO.;000000011183X;BANCO DO BRASIL S/A;3190.21
244;112101111 ; Taxas de Inspeção, Controle e Fiscalização - Principal;16/08/2021;CORRESPONDENTE A RECEITA COM CADASTROS E AUTORIZAÇÃO DE TRANSPORTES.;000000011183X;BANCO DO BRASIL S/A;163.6
243;191001111 ; Multas Previstas em Legislação Específica - Principal;16/08/2021;CORRESPONDENTE A RECEITA COM MULTAS DE TRANSITO.;000000011183X;BANCO DO BRASIL S/A;1347.88
242;112101111 ; Taxas de Inspeção, Controle e Fiscalização - Principal;13/08/2021;CORRESPONDENTE A RECEITA COM CADASTROS E AUTORIZAÇÃO DE TRANSPORTES.;000000011183X;BANCO DO BRASIL S/A;120
241;191001111 ; Multas Previstas em Legislação Específica - Principal;13/08/2021;CORRESPONDENTE A RECEITA COM MULTAS DE TRANSITO.;000000011183X;BANCO DO BRASIL S/A;3445.15
240;112101111 ; Taxas de Inspeção, Controle e Fiscalização - Principal;12/08/2021;CORRESPONDENTE A RECEITA COM CADASTROS E AUTORIZAÇÃO DE TRANSPORTES.;000000011183X;BANCO DO BRASIL S/A;107.6
239;191001111 ; Multas Previstas em Legislação Específica - Principal;12/08/2021;CORRESPONDENTE A RECEITA COM MULTAS DE TRANSITO.;000000011183X;BANCO DO BRASIL S/A;3719.96
238;112101111 ; Taxas de Inspeção, Controle e Fiscalização - Principal;11/08/2021;CORRESPONDENTE A RECEITA COM CADASTROS E AUTORIZAÇÃO DE TRANSPORTES.;000000011183X;BANCO DO BRASIL S/A;459.4
237;191001111 ; Multas Previstas em Legislação Específica - Principal;11/08/2021;CORRESPONDENTE A RECEITA COM MULTAS DE TRANSITO.;000000011183X;BANCO DO BRASIL S/A;2440.61
236;112101111 ; Taxas de Inspeção, Controle e Fiscalização - Principal;10/08/2021;CORRESPONDENTE A RECEITA COM CADASTROS E AUTORIZAÇÃO DE TRANSPORTES.;000000011183X;BANCO DO BRASIL S/A;817.2
235;191001111 ; Multas Previstas em Legislação Específica - Principal;10/08/2021;CORRESPONDENTE A RECEITA COM MULTAS DE TRANSITO.;000000011183X;BANCO DO BRASIL S/A;1532.09
234;112101111 ; Taxas de Inspeção, Controle e Fiscalização - Principal;09/08/2021;CORRESPONDENTE A RECEITA COM CADASTROS E AUTORIZAÇÃO DE TRANSPORTES.;000000011183X;BANCO DO BRASIL S/A;183.2
233;191001111 ; Multas Previstas em Legislação Específica - Principal;09/08/2021;CORRESPONDENTE A RECEITA COM MULTAS DE TRANSITO.;000000011183X;BANCO DO BRASIL S/A;2056.29
232;112101111 ; Taxas de Inspeção, Controle e Fiscalização - Principal;06/08/2021;CORRESPONDENTE A RECEITA COM CADASTROS E AUTORIZAÇÃO DE TRANSPORTES.;000000011183X;BANCO DO BRASIL S/A;603.6
231;191001111 ; Multas Previstas em Legislação Específica - Principal;06/08/2021;CORRESPONDENTE A RECEITA COM MULTAS DE TRANSITO.;000000011183X;BANCO DO BRASIL S/A;673.5
230;112101111 ; Taxas de Inspeção, Controle e Fiscalização - Principal;05/08/2021;CORRESPONDENTE A RECEITA COM CADASTROS E AUTORIZAÇÃO DE TRANSPORTES.;000000011183X;BANCO DO BRASIL S/A;524
229;191001111 ; Multas Previstas em Legislação Específica - Principal;05/08/2021;CORRESPONDENTE A RECEITA COM MULTAS DE TRANSITO.;000000011183X;BANCO DO BRASIL S/A;2795.31
228;199099111 ; Outras Receitas - Primárias - Principal;05/08/2021;CORRESPONDENTE A RECEITA  DERIVADA DA CONCESSÃO DE EXPLORAÇÃO DA ZONA AZUL, COMPETENCIA JUNHO/2021.;000000011183X;R2 MOBBI SISTEMAS E MOBILIDADE URBANA EIRELI;2210.97
227;112101111 ; Taxas de Inspeção, Controle e Fiscalização - Principal;04/08/2021;CORRESPONDENTE A RECEITA COM CADASTROS E AUTORIZAÇÃO DE TRANSPORTES.;000000011183X;BANCO DO BRASIL S/A;247.2
226;191001111 ; Multas Previstas em Legislação Específica - Principal;04/08/2021;CORRESPONDENTE A RECEITA COM MULTAS DE TRANSITO.;000000011183X;BANCO DO BRASIL S/A;4714.05
225;112101111 ; Taxas de Inspeção, Controle e Fiscalização - Principal;03/08/2021;CORRESPONDENTE A RECEITA COM CADASTROS E AUTORIZAÇÃO DE TRANSPORTES.;000000011183X;BANCO DO BRASIL S/A;167.2
224;191001111 ; Multas Previstas em Legislação Específica - Principal;03/08/2021;CORRESPONDENTE A RECEITA COM MULTAS DE TRANSITO.;000000011183X;BANCO DO BRASIL S/A;1407.19
223;112101111 ; Taxas de Inspeção, Controle e Fiscalização - Principal;02/08/2021;CORRESPONDENTE A RECEITA COM CADASTROS E AUTORIZAÇÃO DE TRANSPORTES.;000000011183X;BANCO DO BRASIL S/A;437.6
222;191001111 ; Multas Previstas em Legislação Específica - Principal;02/08/2021;CORRESPONDENTE A RECEITA COM MULTAS DE TRANSITO.;000000011183X;BANCO DO BRASIL S/A;2955.04
220;112101111 ; Taxas de Inspeção, Controle e Fiscalização - Principal;30/07/2021;CORRESPONDENTE A RECEITA COM CADASTROS E AUTORIZAÇÃO DE TRANSPORTES.;000000011183X;BANCO DO BRASIL S/A;1802.20
219;191001111 ; Multas Previstas em Legislação Específica - Principal;30/07/2021;CORRESPONDENTE A RECEITA COM MULTAS DE TRANSITO.;000000011183X;BANCO DO BRASIL S/A;3127.17
218;112101111 ; Taxas de Inspeção, Controle e Fiscalização - Principal;29/07/2021;CORRESPONDENTE A RECEITA COM CADASTROS E AUTORIZAÇÃO DE TRANSPORTES.;000000011183X;BANCO DO BRASIL S/A;147.6
217;191001111 ; Multas Previstas em Legislação Específica - Principal;29/07/2021;CORRESPONDENTE A RECEITA COM MULTAS DE TRANSITO.;000000011183X;BANCO DO BRASIL S/A;2387.77
216;112101111 ; Taxas de Inspeção, Controle e Fiscalização - Principal;28/07/2021;CORRESPONDENTE A RECEITA COM CADASTROS E AUTORIZAÇÃO DE TRANSPORTES.;000000011183X;BANCO DO BRASIL S/A;107.6
215;191001111 ; Multas Previstas em Legislação Específica - Principal;28/07/2021;CORRESPONDENTE A RECEITA COM MULTAS DE TRANSITO.;000000011183X;BANCO DO BRASIL S/A;878.68
214;191001111 ; Multas Previstas em Legislação Específica - Principal;27/07/2021;CORRESPONDENTE A RECEITA COM MULTAS DE TRANSITO. RENAINF;000000011183X;BANCO DO BRASIL S/A;15937.06
213;112101111 ; Taxas de Inspeção, Controle e Fiscalização - Principal;27/07/2021;CORRESPONDENTE A RECEITA COM CADASTROS E AUTORIZAÇÃO DE TRANSPORTES.;000000011183X;BANCO DO BRASIL S/A;667.2
212;191001111 ; Multas Previstas em Legislação Específica - Principal;27/07/2021;CORRESPONDENTE A RECEITA COM MULTAS DE TRANSITO.;000000011183X;BANCO DO BRASIL S/A;1343.75
211;112101111 ; Taxas de Inspeção, Controle e Fiscalização - Principal;26/07/2021;CORRESPONDENTE A RECEITA COM CADASTROS E AUTORIZAÇÃO DE TRANSPORTES.;000000011183X;BANCO DO BRASIL S/A;583.6
210;191001111 ; Multas Previstas em Legislação Específica - Principal;26/07/2021;CORRESPONDENTE A RECEITA COM MULTAS DE TRANSITO.;000000011183X;BANCO DO BRASIL S/A;970.25
209;112101111 ; Taxas de Inspeção, Controle e Fiscalização - Principal;23/07/2021;CORRESPONDENTE A RECEITA COM CADASTROS E AUTORIZAÇÃO DE TRANSPORTES.NO PERIODO DE 19 A 23 DE JULHO/2021.;000000011183X;BANCO DO BRASIL S/A;2579.50
208;191001111 ; Multas Previstas em Legislação Específica - Principal;23/07/2021;CORRESPONDENTE A RECEITA COM MULTAS DE TRANSITO, NO PERIODDO DE 19 A 23 DE JULHO/2021.;000000011183X;BANCO DO BRASIL S/A;9233.00
207;112101111 ; Taxas de Inspeção, Controle e Fiscalização - Principal;16/07/2021;CORRESPONDENTE A RECEITA COM CADASTROS E AUTORIZAÇÃO DE TRANSPORTES.;000000011183X;BANCO DO BRASIL S/A;442.4
206;191001111 ; Multas Previstas em Legislação Específica - Principal;16/07/2021;CORRESPONDENTE A RECEITA COM MULTAS DE TRANSITO.;000000011183X;BANCO DO BRASIL S/A;1840.44
205;112101111 ; Taxas de Inspeção, Controle e Fiscalização - Principal;15/07/2021;CORRESPONDENTE A RECEITA COM CADASTROS E AUTORIZAÇÃO DE TRANSPORTES.;000000011183X;BANCO DO BRASIL S/A;445.1
204;191001111 ; Multas Previstas em Legislação Específica - Principal;15/07/2021;CORRESPONDENTE A RECEITA COM MULTAS DE TRANSITO.;000000011183X;BANCO DO BRASIL S/A;1545.90
203;112101111 ; Taxas de Inspeção, Controle e Fiscalização - Principal;14/07/2021;CORRESPONDENTE A RECEITA COM CADASTROS E AUTORIZAÇÃO DE TRANSPORTES.;000000011183X;BANCO DO BRASIL S/A;595.7
202;191001111 ; Multas Previstas em Legislação Específica - Principal;14/07/2021;CORRESPONDENTE A RECEITA COM MULTAS DE TRANSITO.;000000011183X;BANCO DO BRASIL S/A;1623.65
201;112101111 ; Taxas de Inspeção, Controle e Fiscalização - Principal;13/07/2021;CORRESPONDENTE A RECEITA COM CADASTROS E AUTORIZAÇÃO DE TRANSPORTES.;000000011183X;BANCO DO BRASIL S/A;841.6
200;191001111 ; Multas Previstas em Legislação Específica - Principal;13/07/2021;CORRESPONDENTE A RECEITA COM MULTAS DE TRANSITO.;000000011183X;BANCO DO BRASIL S/A;1077.71
199;112101111 ; Taxas de Inspeção, Controle e Fiscalização - Principal;12/07/2021;CORRESPONDENTE A RECEITA COM CADASTROS E AUTORIZAÇÃO DE TRANSPORTES.;000000011183X;BANCO DO BRASIL S/A;762.8
198;191001111 ; Multas Previstas em Legislação Específica - Principal;12/07/2021;CORRESPONDENTE A RECEITA COM MULTAS DE TRANSITO.;000000011183X;BANCO DO BRASIL S/A;999.34
197;112101111 ; Taxas de Inspeção, Controle e Fiscalização - Principal;09/07/2021;CORRESPONDENTE A RECEITA COM CADASTROS E AUTORIZAÇÃO DE TRANSPORTES.;000000011183X;BANCO DO BRASIL S/A;1042.80
196;191001111 ; Multas Previstas em Legislação Específica - Principal;09/07/2021;CORRESPONDENTE A RECEITA COM MULTAS DE TRANSITO.;000000011183X;BANCO DO BRASIL S/A;1882.18
195;112101111 ; Taxas de Inspeção, Controle e Fiscalização - Principal;08/07/2021;CORRESPONDENTE A RECEITA COM CADASTROS E AUTORIZAÇÃO DE TRANSPORTES.;000000011183X;BANCO DO BRASIL S/A;120
194;191001111 ; Multas Previstas em Legislação Específica - Principal;08/07/2021;CORRESPONDENTE A RECEITA COM MULTAS DE TRANSITO.;000000011183X;BANCO DO BRASIL S/A;2133.14
193;112101111 ; Taxas de Inspeção, Controle e Fiscalização - Principal;07/07/2021;CORRESPONDENTE A RECEITA COM CADASTROS E AUTORIZAÇÃO DE TRANSPORTES.;000000011183X;BANCO DO BRASIL S/A;83.6
192;191001111 ; Multas Previstas em Legislação Específica - Principal;07/07/2021;CORRESPONDENTE A RECEITA COM MULTAS DE TRANSITO.;000000011183X;BANCO DO BRASIL S/A;1546.48
191;112101111 ; Taxas de Inspeção, Controle e Fiscalização - Principal;06/07/2021;CORRESPONDENTE A RECEITA COM CADASTROS E AUTORIZAÇÃO DE TRANSPORTES.;000000011183X;BANCO DO BRASIL S/A;1239.30
190;199099111 ; Outras Receitas - Primárias - Principal;06/07/2021;CORRESPONDENTE A RECEITA  DERIVADA DA CONCESSÃO DE EXPLORAÇÃO DA ZONA AZUL, COMPETENCIA MAIO/2021.;000000011183X;R2 MOBBI SISTEMAS E MOBILIDADE URBANA EIRELI;2805.69
189;191001111 ; Multas Previstas em Legislação Específica - Principal;06/07/2021;CORRESPONDENTE A RECEITA COM MULTAS DE TRANSITO.;000000011183X;BANCO DO BRASIL S/A;2587.46
188;112101111 ; Taxas de Inspeção, Controle e Fiscalização - Principal;05/07/2021;CORRESPONDENTE A RECEITA COM CADASTROS E AUTORIZAÇÃO DE TRANSPORTES.;000000011183X;BANCO DO BRASIL S/A;64
187;191001111 ; Multas Previstas em Legislação Específica - Principal;05/07/2021;CORRESPONDENTE A RECEITA COM MULTAS DE TRANSITO.;000000011183X;BANCO DO BRASIL S/A;4733.20
186;191001111 ; Multas Previstas em Legislação Específica - Principal;02/07/2021;CORRESPONDENTE A RECEITA COM MULTAS DE TRANSITO.;000000011183X;BANCO DO BRASIL S/A;971.28
185;112101111 ; Taxas de Inspeção, Controle e Fiscalização - Principal;01/07/2021;CORRESPONDENTE A RECEITA COM CADASTROS E AUTORIZAÇÃO DE TRANSPORTES.;000000011183X;BANCO DO BRASIL S/A;1187.20
184;191001111 ; Multas Previstas em Legislação Específica - Principal;01/07/2021;CORRESPONDENTE A RECEITA COM MULTAS DE TRANSITO.;000000011183X;BANCO DO BRASIL S/A;2450.98
183;132100111 ; Remuneração de Depósitos Bancários - Principal;30/06/2021;CORRESPONDENTE AOS RENDIMENTOS AUFERIDOS NO MES DE JUNHO/2021;000000011183X;BANCO DO BRASIL S/A;5.27
182;191001111 ; Multas Previstas em Legislação Específica - Principal;30/06/2021;CORRESPONDENTE A RECEITA COM MULTAS DE TRANSITO.;000000011183X;BANCO DO BRASIL S/A;1226.09
181;112101111 ; Taxas de Inspeção, Controle e Fiscalização - Principal;29/06/2021;CORRESPONDENTE A RECEITA COM CADASTROS E AUTORIZAÇÃO DE TRANSPORTES.;000000011183X;BANCO DO BRASIL S/A;366.4
180;112101111 ; Taxas de Inspeção, Controle e Fiscalização - Principal;28/06/2021;CORRESPONDENTE A RECEITA COM CADASTROS E AUTORIZAÇÃO DE TRANSPORTES.;000000011183X;BANCO DO BRASIL S/A;167.2
179;191001111 ; Multas Previstas em Legislação Específica - Principal;28/06/2021;CORRESPONDENTE A RECEITA COM MULTAS DE TRANSITO.;000000011183X;BANCO DO BRASIL S/A;702.76
178;191001111 ; Multas Previstas em Legislação Específica - Principal;25/06/2021;CORRESPONDENTE A RECEITA COM MULTAS DE TRANSITO.;000000011183X;BANCO DO BRASIL S/A;15434.23
177;191001111 ; Multas Previstas em Legislação Específica - Principal;25/06/2021;CORRESPONDENTE A RECEITA COM MULTAS DE TRANSITO.;000000011183X;BANCO DO BRASIL S/A;1403.62
176;191001111 ; Multas Previstas em Legislação Específica - Principal;24/06/2021;CORRESPONDENTE A RECEITA COM MULTAS DE TRANSITO.;000000011183X;BANCO DO BRASIL S/A;1493.43
175;112101111 ; Taxas de Inspeção, Controle e Fiscalização - Principal;23/06/2021;CORRESPONDENTE A RECEITA COM CADASTROS E AUTORIZAÇÃO DE TRANSPORTES.;000000011183X;BANCO DO BRASIL S/A;190
174;191001111 ; Multas Previstas em Legislação Específica - Principal;23/06/2021;CORRESPONDENTE A RECEITA COM MULTAS DE TRANSITO.;000000011183X;BANCO DO BRASIL S/A;1206.28
173;112101111 ; Taxas de Inspeção, Controle e Fiscalização - Principal;22/06/2021;CORRESPONDENTE A RECEITA COM CADASTROS E AUTORIZAÇÃO DE TRANSPORTES.;000000011183X;BANCO DO BRASIL S/A;557.6
172;191001111 ; Multas Previstas em Legislação Específica - Principal;22/06/2021;CORRESPONDENTE A RECEITA COM MULTAS DE TRANSITO.;000000011183X;BANCO DO BRASIL S/A;1397.52
171;112101111 ; Taxas de Inspeção, Controle e Fiscalização - Principal;21/06/2021;CORRESPONDENTE A RECEITA COM CADASTROS E AUTORIZAÇÃO DE TRANSPORTES.;000000011183X;BANCO DO BRASIL S/A;361.3
170;191001111 ; Multas Previstas em Legislação Específica - Principal;21/06/2021;CORRESPONDENTE A RECEITA COM MULTAS DE TRANSITO.;000000011183X;BANCO DO BRASIL S/A;1477.66
169;112101111 ; Taxas de Inspeção, Controle e Fiscalização - Principal;18/06/2021;CORRESPONDENTE A RECEITA COM CADASTROS E AUTORIZAÇÃO DE TRANSPORTES.;000000011183X;BANCO DO BRASIL S/A;167.2
168;191001111 ; Multas Previstas em Legislação Específica - Principal;18/06/2021;CORRESPONDENTE A RECEITA COM MULTAS DE TRANSITO.;000000011183X;BANCO DO BRASIL S/A;2501.78
167;112101111 ; Taxas de Inspeção, Controle e Fiscalização - Principal;17/06/2021;CORRESPONDENTE A RECEITA COM CADASTROS E AUTORIZAÇÃO DE TRANSPORTES.;000000011183X;BANCO DO BRASIL S/A;183.2
166;191001111 ; Multas Previstas em Legislação Específica - Principal;17/06/2021;CORRESPONDENTE A RECEITA COM MULTAS DE TRANSITO.;000000011183X;BANCO DO BRASIL S/A;2271.34
165;112101111 ; Taxas de Inspeção, Controle e Fiscalização - Principal;16/06/2021;CORRESPONDENTE A RECEITA COM CADASTROS E AUTORIZAÇÃO DE TRANSPORTES.;000000011183X;BANCO DO BRASIL S/A;167.2
164;191001111 ; Multas Previstas em Legislação Específica - Principal;16/06/2021;CORRESPONDENTE A RECEITA COM MULTAS DE TRANSITO.;000000011183X;BANCO DO BRASIL S/A;1901.06
163;112101111 ; Taxas de Inspeção, Controle e Fiscalização - Principal;15/06/2021;CORRESPONDENTE A RECEITA COM CADASTROS E AUTORIZAÇÃO DE TRANSPORTES.;000000011183X;BANCO DO BRASIL S/A;735.1
162;191001111 ; Multas Previstas em Legislação Específica - Principal;15/06/2021;CORRESPONDENTE A RECEITA COM MULTAS DE TRANSITO.;000000011183X;BANCO DO BRASIL S/A;2049.21
161;191001111 ; Multas Previstas em Legislação Específica - Principal;14/06/2021;CORRESPONDENTE A RECEITA COM MULTAS DE TRANSITO.;000000011183X;BANCO DO BRASIL S/A;2230.10
160;112101111 ; Taxas de Inspeção, Controle e Fiscalização - Principal;11/06/2021;CORRESPONDENTE A RECEITA COM CADASTROS E AUTORIZAÇÃO DE TRANSPORTES.;000000011183X;BANCO DO BRASIL S/A;123.6
159;112101111 ; Taxas de Inspeção, Controle e Fiscalização - Principal;10/06/2021;CORRESPONDENTE A RECEITA COM CADASTROS E AUTORIZAÇÃO DE TRANSPORTES.;000000011183X;BANCO DO BRASIL S/A;786
158;191001111 ; Multas Previstas em Legislação Específica - Principal;11/06/2021;CORRESPONDENTE A RECEITA COM MULTAS DE TRANSITO.;000000011183X;BANCO DO BRASIL S/A;2026.78
157;191001111 ; Multas Previstas em Legislação Específica - Principal;10/06/2021;CORRESPONDENTE A RECEITA COM MULTAS DE TRANSITO.;000000011183X;BANCO DO BRASIL S/A;1198.63
156;112101111 ; Taxas de Inspeção, Controle e Fiscalização - Principal;09/06/2021;CORRESPONDENTE A RECEITA COM CADASTROS E AUTORIZAÇÃO DE TRANSPORTES.;000000011183X;BANCO DO BRASIL S/A;350.4
155;191001111 ; Multas Previstas em Legislação Específica - Principal;09/06/2021;CORRESPONDENTE A RECEITA COM MULTAS DE TRANSITO.;000000011183X;BANCO DO BRASIL S/A;1312.13
154;112101111 ; Taxas de Inspeção, Controle e Fiscalização - Principal;08/06/2021;CORRESPONDENTE A RECEITA COM CADASTROS E AUTORIZAÇÃO DE TRANSPORTES.;000000011183X;BANCO DO BRASIL S/A;274.8
153;191001111 ; Multas Previstas em Legislação Específica - Principal;08/06/2021;CORRESPONDENTE A RECEITA COM MULTAS DE TRANSITO.;000000011183X;BANCO DO BRASIL S/A;1217.97
152;199099111 ; Outras Receitas - Primárias - Principal;07/06/2021;CORRESPONDENTE A RECEITA  DERIVADA DA CONCESSÃO DE EXPLORAÇÃO DA ZONA AZUL, COMPETENCIA ABRIL/2021.;000000011183X;R2 MOBBI SISTEMAS E MOBILIDADE URBANA EIRELI;2648.65
151;112101111 ; Taxas de Inspeção, Controle e Fiscalização - Principal;07/06/2021;CORRESPONDENTE A RECEITA COM CADASTROS E AUTORIZAÇÃO DE TRANSPORTES.;000000011183X;BANCO DO BRASIL S/A;470.4
150;191001111 ; Multas Previstas em Legislação Específica - Principal;07/06/2021;CORRESPONDENTE A RECEITA COM MULTAS DE TRANSITO.;000000011183X;BANCO DO BRASIL S/A;1207.44
149;112101111 ; Taxas de Inspeção, Controle e Fiscalização - Principal;04/06/2021;CORRESPONDENTE A RECEITA COM CADASTROS E AUTORIZAÇÃO DE TRANSPORTES.;000000011183X;BANCO DO BRASIL S/A;147.6
148;191001111 ; Multas Previstas em Legislação Específica - Principal;04/06/2021;CORRESPONDENTE A RECEITA COM MULTAS DE TRANSITO.;000000011183X;BANCO DO BRASIL S/A;6677.37
147;112101111 ; Taxas de Inspeção, Controle e Fiscalização - Principal;02/06/2021;CORRESPONDENTE A RECEITA COM CADASTROS E AUTORIZAÇÃO DE TRANSPORTES.;000000011183X;BANCO DO BRASIL S/A;572.4
146;191001111 ; Multas Previstas em Legislação Específica - Principal;02/06/2021;CORRESPONDENTE A RECEITA COM MULTAS DE TRANSITO.;000000011183X;BANCO DO BRASIL S/A;3045.25
145;112101111 ; Taxas de Inspeção, Controle e Fiscalização - Principal;01/06/2021;CORRESPONDENTE A RECEITA COM CADASTROS E AUTORIZAÇÃO DE TRANSPORTES.;000000011183X;BANCO DO BRASIL S/A;663.2
144;191001111 ; Multas Previstas em Legislação Específica - Principal;01/06/2021;CORRESPONDENTE A RECEITA COM MULTAS DE TRANSITO.;000000011183X;BANCO DO BRASIL S/A;2596.29
143;112101111 ; Taxas de Inspeção, Controle e Fiscalização - Principal;20/05/2021;CORRESPONDENTE A RECEITA COM CADASTROS E AUTORIZAÇÃO DE TRANSPORTES.;000000011183X;BANCO DO BRASIL S/A;148.1
142;191001111 ; Multas Previstas em Legislação Específica - Principal;20/05/2021;CORRESPONDENTE A RECEITA COM MULTAS DE TRANSITO.;000000011183X;BANCO DO BRASIL S/A;2428.37
141;132100111 ; Remuneração de Depósitos Bancários - Principal;31/05/2021;CORRESPONDENTE AOS RENDIMENTOS AUFERIDOS NO MES DE MAIO/2021;000000011183X;BANCO DO BRASIL S/A;4.98
140;112101111 ; Taxas de Inspeção, Controle e Fiscalização - Principal;31/05/2021;CORRESPONDENTE A RECEITA COM CADASTROS E AUTORIZAÇÃO DE TRANSPORTES.;000000011183X;BANCO DO BRASIL S/A;107.6
139;191001111 ; Multas Previstas em Legislação Específica - Principal;31/05/2021;CORRESPONDENTE A RECEITA COM MULTAS DE TRANSITO.;000000011183X;BANCO DO BRASIL S/A;1683.71
138;112101111 ; Taxas de Inspeção, Controle e Fiscalização - Principal;28/05/2021;CORRESPONDENTE A RECEITA COM CADASTROS E AUTORIZAÇÃO DE TRANSPORTES.;000000011183X;BANCO DO BRASIL S/A;434
137;191001111 ; Multas Previstas em Legislação Específica - Principal;28/05/2021;CORRESPONDENTE A RECEITA COM MULTAS DE TRANSITO.;000000011183X;BANCO DO BRASIL S/A;1739.19
136;112101111 ; Taxas de Inspeção, Controle e Fiscalização - Principal;27/05/2021;CORRESPONDENTE A RECEITA COM CADASTROS E AUTORIZAÇÃO DE TRANSPORTES.;000000011183X;BANCO DO BRASIL S/A;77
135;191001111 ; Multas Previstas em Legislação Específica - Principal;27/05/2021;CORRESPONDENTE A RECEITA COM MULTAS DE TRANSITO.;000000011183X;BANCO DO BRASIL S/A;2709.07
132;112101111 ; Taxas de Inspeção, Controle e Fiscalização - Principal;25/05/2021;CORRESPONDENTE A RECEITA COM CADASTROS E AUTORIZAÇÃO DE TRANSPORTES.;000000011183X;BANCO DO BRASIL S/A;215.2
131;191001111 ; Multas Previstas em Legislação Específica - Principal;25/05/2021;CORRESPONDENTE A RECEITA COM MULTAS DE TRANSITO.;000000011183X;BANCO DO BRASIL S/A;13160.41
130;191001111 ; Multas Previstas em Legislação Específica - Principal;25/05/2021;CORRESPONDENTE A RECEITA COM MULTAS DE TRANSITO.;000000011183X;BANCO DO BRASIL S/A;1465.08
129;112101111 ; Taxas de Inspeção, Controle e Fiscalização - Principal;24/05/2021;CORRESPONDENTE A RECEITA COM CADASTROS E AUTORIZAÇÃO DE TRANSPORTES.;000000011183X;BANCO DO BRASIL S/A;219.6
128;191001111 ; Multas Previstas em Legislação Específica - Principal;24/05/2021;CORRESPONDENTE A RECEITA COM MULTAS DE TRANSITO.;000000011183X;BANCO DO BRASIL S/A;1518.37
127;112101111 ; Taxas de Inspeção, Controle e Fiscalização - Principal;21/05/2021;CORRESPONDENTE A RECEITA COM CADASTROS E AUTORIZAÇÃO DE TRANSPORTES.;000000011183X;BANCO DO BRASIL S/A;719.2
126;191001111 ; Multas Previstas em Legislação Específica - Principal;21/05/2021;CORRESPONDENTE A RECEITA COM MULTAS DE TRANSITO.;000000011183X;BANCO DO BRASIL S/A;946.6
125;112101111 ; Taxas de Inspeção, Controle e Fiscalização - Principal;19/05/2021;CORRESPONDENTE A RECEITA COM CADASTROS E AUTORIZAÇÃO DE TRANSPORTES.;000000011183X;BANCO DO BRASIL S/A;167.2
124;191001111 ; Multas Previstas em Legislação Específica - Principal;19/05/2021;CORRESPONDENTE A RECEITA COM MULTAS DE TRANSITO.;000000011183X;BANCO DO BRASIL S/A;1358.06
123;112101111 ; Taxas de Inspeção, Controle e Fiscalização - Principal;18/05/2021;CORRESPONDENTE A RECEITA COM CADASTROS E AUTORIZAÇÃO DE TRANSPORTES.;000000011183X;BANCO DO BRASIL S/A;518.8
122;191001111 ; Multas Previstas em Legislação Específica - Principal;18/05/2021;CORRESPONDENTE A RECEITA COM MULTAS DE TRANSITO.;000000011183X;BANCO DO BRASIL S/A;611.25
121;112101111 ; Taxas de Inspeção, Controle e Fiscalização - Principal;17/05/2021;CORRESPONDENTE A RECEITA COM CADASTROS E AUTORIZAÇÃO DE TRANSPORTES.;000000011183X;BANCO DO BRASIL S/A;271.2
120;191001111 ; Multas Previstas em Legislação Específica - Principal;14/05/2021;CORRESPONDENTE A RECEITA COM MULTAS DE TRANSITO.;000000011183X;BANCO DO BRASIL S/A;1903.87
119;112101111 ; Taxas de Inspeção, Controle e Fiscalização - Principal;14/05/2021;CORRESPONDENTE A RECEITA COM CADASTROS E AUTORIZAÇÃO DE TRANSPORTES.;000000011183X;BANCO DO BRASIL S/A;327.2
118;191001111 ; Multas Previstas em Legislação Específica - Principal;14/05/2021;CORRESPONDENTE A RECEITA COM MULTAS DE TRANSITO.;000000011183X;BANCO DO BRASIL S/A;1306.99
117;112101111 ; Taxas de Inspeção, Controle e Fiscalização - Principal;13/05/2021;CORRESPONDENTE A RECEITA COM CADASTROS E AUTORIZAÇÃO DE TRANSPORTES.;000000011183X;BANCO DO BRASIL S/A;383.1
116;191001111 ; Multas Previstas em Legislação Específica - Principal;13/05/2021;CORRESPONDENTE A RECEITA COM MULTAS DE TRANSITO.;000000011183X;BANCO DO BRASIL S/A;1763.68
115;112101111 ; Taxas de Inspeção, Controle e Fiscalização - Principal;12/05/2021;CORRESPONDENTE A RECEITA COM CADASTROS E AUTORIZAÇÃO DE TRANSPORTES.;000000011183X;BANCO DO BRASIL S/A;426.8
114;191001111 ; Multas Previstas em Legislação Específica - Principal;12/05/2021;CORRESPONDENTE A RECEITA COM MULTAS DE TRANSITO.;000000011183X;BANCO DO BRASIL S/A;1051.29
113;112101111 ; Taxas de Inspeção, Controle e Fiscalização - Principal;11/05/2021;CORRESPONDENTE A RECEITA COM CADASTROS E AUTORIZAÇÃO DE TRANSPORTES.;000000011183X;BANCO DO BRASIL S/A;556.8
112;191001111 ; Multas Previstas em Legislação Específica - Principal;11/05/2021;CORRESPONDENTE A RECEITA COM MULTAS DE TRANSITO.;000000011183X;BANCO DO BRASIL S/A;3838.06
111;112101111 ; Taxas de Inspeção, Controle e Fiscalização - Principal;10/05/2021;CORRESPONDENTE A RECEITA COM CADASTROS E AUTORIZAÇÃO DE TRANSPORTES.;000000011183X;BANCO DO BRASIL S/A;335.6
110;191001111 ; Multas Previstas em Legislação Específica - Principal;10/05/2021;CORRESPONDENTE A RECEITA COM MULTAS DE TRANSITO.;000000011183X;BANCO DO BRASIL S/A;1458.34
109;112101111 ; Taxas de Inspeção, Controle e Fiscalização - Principal;07/05/2021;CORRESPONDENTE A RECEITA COM CADASTROS E AUTORIZAÇÃO DE TRANSPORTES.;000000011183X;BANCO DO BRASIL S/A;203.6
108;191001111 ; Multas Previstas em Legislação Específica - Principal;07/05/2021;CORRESPONDENTE A RECEITA COM MULTAS DE TRANSITO.;000000011183X;BANCO DO BRASIL S/A;1321.32
107;191001111 ; Multas Previstas em Legislação Específica - Principal;06/05/2021;CORRESPONDENTE A RECEITA COM MULTAS DE TRANSITO.;000000011183X;BANCO DO BRASIL S/A;1452.00
106;112101111 ; Taxas de Inspeção, Controle e Fiscalização - Principal;05/05/2021;CORRESPONDENTE A RECEITA COM CADASTROS E AUTORIZAÇÃO DE TRANSPORTES.;000000011183X;BANCO DO BRASIL S/A;823.8
105;191001111 ; Multas Previstas em Legislação Específica - Principal;05/05/2021;CORRESPONDENTE A RECEITA COM MULTAS DE TRANSITO.;000000011183X;BANCO DO BRASIL S/A;5398.31
104;199099111 ; Outras Receitas - Primárias - Principal;04/05/2021;CORRESPONDENTE A RECEITA  DERIVADA DA CONCESSÃO DE EXPLORAÇÃO DA ZONA AZUL, COMPETENCIA MARÇO/2021.;000000011183X;R2 MOBBI SISTEMAS E MOBILIDADE URBANA EIRELI;2634.38
103;112101111 ; Taxas de Inspeção, Controle e Fiscalização - Principal;04/05/2021;CORRESPONDENTE A RECEITA COM CADASTROS E AUTORIZAÇÃO DE TRANSPORTES.;000000011183X;BANCO DO BRASIL S/A;331.7
102;191001111 ; Multas Previstas em Legislação Específica - Principal;04/05/2021;CORRESPONDENTE A RECEITA COM MULTAS DE TRANSITO.;000000011183X;BANCO DO BRASIL S/A;2124.72
101;112101111 ; Taxas de Inspeção, Controle e Fiscalização - Principal;03/05/2021;CORRESPONDENTE A RECEITA COM CADASTROS E AUTORIZAÇÃO DE TRANSPORTES.;000000011183X;BANCO DO BRASIL S/A;203
100;191001111 ; Multas Previstas em Legislação Específica - Principal;03/05/2021;CORRESPONDENTE A RECEITA COM MULTAS DE TRANSITO.;000000011183X;BANCO DO BRASIL S/A;2317.80
99;112101111 ; Taxas de Inspeção, Controle e Fiscalização - Principal;30/04/2021;CORRESPONDENTE A RECEITA COM CADASTROS E AUTORIZAÇÃO DE TRANSPORTES.;000000011183X;BANCO DO BRASIL S/A;83.6
98;191001111 ; Multas Previstas em Legislação Específica - Principal;30/04/2021;CORRESPONDENTE A RECEITA COM MULTAS DE TRANSITO.;000000011183X;BANCO DO BRASIL S/A;1160.42
97;132100111 ; Remuneração de Depósitos Bancários - Principal;30/04/2021;CORRESPONDENTE AOS RENDIMENTOS AUFERIDOS NO MES DE ABRIL/2021;000000011183X;BANCO DO BRASIL S/A;6.39
96;112101111 ; Taxas de Inspeção, Controle e Fiscalização - Principal;29/04/2021;CORRESPONDENTE A RECEITA COM CADASTROS E AUTORIZAÇÃO DE TRANSPORTES.;000000011183X;BANCO DO BRASIL S/A;185.2
95;191001111 ; Multas Previstas em Legislação Específica - Principal;29/04/2021;CORRESPONDENTE A RECEITA COM MULTAS DE TRANSITO.;000000011183X;BANCO DO BRASIL S/A;1765.38
94;112101111 ; Taxas de Inspeção, Controle e Fiscalização - Principal;28/04/2021;CORRESPONDENTE A RECEITA COM CADASTROS E AUTORIZAÇÃO DE TRANSPORTES.;000000011183X;BANCO DO BRASIL S/A;631.6
93;191001111 ; Multas Previstas em Legislação Específica - Principal;28/04/2021;CORRESPONDENTE A RECEITA COM MULTAS DE TRANSITO.;000000011183X;BANCO DO BRASIL S/A;209.73
92;191001111 ; Multas Previstas em Legislação Específica - Principal;27/04/2021;CORRESPONDENTE A RECEITA COM MULTAS DE TRANSITO.;000000011183X;BANCO DO BRASIL S/A;3422.43
91;112101111 ; Taxas de Inspeção, Controle e Fiscalização - Principal;26/04/2021;CORRESPONDENTE A RECEITA COM CADASTROS E AUTORIZAÇÃO DE TRANSPORTES.;000000011183X;BANCO DO BRASIL S/A;282.8
90;191001111 ; Multas Previstas em Legislação Específica - Principal;26/04/2021;CORRESPONDENTE A RECEITA COM MULTAS DE TRANSITO.;000000011183X;BANCO DO BRASIL S/A;1233.67
89;191001111 ; Multas Previstas em Legislação Específica - Principal;23/04/2021;CORRESPONDENTE A RECEITA COM MULTAS DE TRANSITO.;000000011183X;BANCO DO BRASIL S/A;15159.18
88;112101111 ; Taxas de Inspeção, Controle e Fiscalização - Principal;23/04/2021;CORRESPONDENTE A RECEITA COM CADASTROS E AUTORIZAÇÃO DE TRANSPORTES.;000000011183X;BANCO DO BRASIL S/A;1748.00
87;112101111 ; Taxas de Inspeção, Controle e Fiscalização - Principal;22/04/2021;CORRESPONDENTE A RECEITA COM CADASTROS E AUTORIZAÇÃO DE TRANSPORTES.;000000011183X;BANCO DO BRASIL S/A;496.8
86;191001111 ; Multas Previstas em Legislação Específica - Principal;22/04/2021;CORRESPONDENTE A RECEITA COM MULTAS DE TRANSITO.;000000011183X;BANCO DO BRASIL S/A;5186.75
85;112101111 ; Taxas de Inspeção, Controle e Fiscalização - Principal;20/04/2021;CORRESPONDENTE A RECEITA COM CADASTROS E AUTORIZAÇÃO DE TRANSPORTES.;000000011183X;BANCO DO BRASIL S/A;1051.30
84;191001111 ; Multas Previstas em Legislação Específica - Principal;20/04/2021;CORRESPONDENTE A RECEITA COM MULTAS DE TRANSITO.;000000011183X;BANCO DO BRASIL S/A;2800.14
83;112101111 ; Taxas de Inspeção, Controle e Fiscalização - Principal;19/04/2021;CORRESPONDENTE A RECEITA COM CADASTROS E AUTORIZAÇÃO DE TRANSPORTES.;000000011183X;BANCO DO BRASIL S/A;203.6
82;191001111 ; Multas Previstas em Legislação Específica - Principal;19/04/2021;CORRESPONDENTE A RECEITA COM MULTAS DE TRANSITO.;000000011183X;BANCO DO BRASIL S/A;2223.43
81;112101111 ; Taxas de Inspeção, Controle e Fiscalização - Principal;16/04/2021;CORRESPONDENTE A RECEITA COM CADASTROS E AUTORIZAÇÃO DE TRANSPORTES.;000000011183X;BANCO DO BRASIL S/A;167.2
80;191001111 ; Multas Previstas em Legislação Específica - Principal;16/04/2021;CORRESPONDENTE A RECEITA COM MULTAS DE TRANSITO.;000000011183X;BANCO DO BRASIL S/A;1797.38
79;112101111 ; Taxas de Inspeção, Controle e Fiscalização - Principal;15/04/2021;CORRESPONDENTE A RECEITA COM CADASTROS E AUTORIZAÇÃO DE TRANSPORTES.;000000011183X;BANCO DO BRASIL S/A;770.4
78;191001111 ; Multas Previstas em Legislação Específica - Principal;15/04/2021;CORRESPONDENTE A RECEITA COM MULTAS DE TRANSITO.;000000011183X;BANCO DO BRASIL S/A;1334.19
77;112101111 ; Taxas de Inspeção, Controle e Fiscalização - Principal;14/04/2021;CORRESPONDENTE A RECEITA COM CADASTROS E AUTORIZAÇÃO DE TRANSPORTES.;000000011183X;BANCO DO BRASIL S/A;356.6
76;191001111 ; Multas Previstas em Legislação Específica - Principal;14/04/2021;CORRESPONDENTE A RECEITA COM MULTAS DE TRANSITO.;000000011183X;BANCO DO BRASIL S/A;2049.93
75;112101111 ; Taxas de Inspeção, Controle e Fiscalização - Principal;13/04/2021;CORRESPONDENTE A RECEITA COM CADASTROS E AUTORIZAÇÃO DE TRANSPORTES.;000000011183X;BANCO DO BRASIL S/A;80
74;191001111 ; Multas Previstas em Legislação Específica - Principal;13/04/2021;CORRESPONDENTE A RECEITA COM MULTAS DE TRANSITO.;000000011183X;BANCO DO BRASIL S/A;2007.41
73;112101111 ; Taxas de Inspeção, Controle e Fiscalização - Principal;12/04/2021;CORRESPONDENTE A RECEITA COM CADASTROS E AUTORIZAÇÃO DE TRANSPORTES.;000000011183X;BANCO DO BRASIL S/A;1600.20
72;191001111 ; Multas Previstas em Legislação Específica - Principal;12/04/2021;CORRESPONDENTE A RECEITA COM MULTAS DE TRANSITO.;000000011183X;BANCO DO BRASIL S/A;2473.79
71;112101111 ; Taxas de Inspeção, Controle e Fiscalização - Principal;09/04/2021;CORRESPONDENTE A RECEITA COM CADASTROS E AUTORIZAÇÃO DE TRANSPORTES.;000000011183X;BANCO DO BRASIL S/A;219.6
70;191001111 ; Multas Previstas em Legislação Específica - Principal;09/04/2021;CORRESPONDENTE A RECEITA COM MULTAS DE TRANSITO.;000000011183X;BANCO DO BRASIL S/A;2782.42
69;112101111 ; Taxas de Inspeção, Controle e Fiscalização - Principal;08/04/2021;CORRESPONDENTE A RECEITA COM CADASTROS E AUTORIZAÇÃO DE TRANSPORTES.;000000011183X;BANCO DO BRASIL S/A;3434.96
68;191001111 ; Multas Previstas em Legislação Específica - Principal;08/04/2021;CORRESPONDENTE A RECEITA COM MULTAS DE TRANSITO.;000000011183X;BANCO DO BRASIL S/A;4487.91
67;112101111 ; Taxas de Inspeção, Controle e Fiscalização - Principal;07/04/2021;CORRESPONDENTE A RECEITA COM CADASTROS E AUTORIZAÇÃO DE TRANSPORTES.;000000011183X;BANCO DO BRASIL S/A;770.8
66;191001111 ; Multas Previstas em Legislação Específica - Principal;07/04/2021;CORRESPONDENTE A RECEITA COM MULTAS DE TRANSITO.;000000011183X;BANCO DO BRASIL S/A;3388.16
65;112101111 ; Taxas de Inspeção, Controle e Fiscalização - Principal;06/04/2021;CORRESPONDENTE A RECEITA COM CADASTROS E AUTORIZAÇÃO DE TRANSPORTES.;000000011183X;BANCO DO BRASIL S/A;953.2
64;191001111 ; Multas Previstas em Legislação Específica - Principal;06/04/2021;CORRESPONDENTE A RECEITA COM MULTAS DE TRANSITO.;000000011183X;BANCO DO BRASIL S/A;6403.70
63;191001111 ; Multas Previstas em Legislação Específica - Principal;05/04/2021;CORRESPONDENTE A RECEITA COM MULTAS DE TRANSITO.;000000011183X;BANCO DO BRASIL S/A;2041.24
61;112101111 ; Taxas de Inspeção, Controle e Fiscalização - Principal;31/03/2021;CORRESPONDENTE A RECEITA COM CADASTROS E AUTORIZAÇÃO DE TRANSPORTES NO PERIODO DE 29 A 31 DE MARÇO/2021.;000000011183X;BANCO DO BRASIL S/A;1087.20
60;191001111 ; Multas Previstas em Legislação Específica - Principal;31/03/2021;CORRESPONDENTE A RECEITA COM MULTAS DE TRANSITO NO PERIODO DE 29 A 31 DE MARÇO/2021.;000000011183X;BANCO DO BRASIL S/A;2941.01
59;112101111 ; Taxas de Inspeção, Controle e Fiscalização - Principal;26/03/2021;CORRESPONDENTE A RECEITA COM CADASTROS E AUTORIZAÇÃO DE TRANSPORTES.;000000011183X;BANCO DO BRASIL S/A;287.7
58;191001111 ; Multas Previstas em Legislação Específica - Principal;26/03/2021;CORRESPONDENTE A RECEITA COM MULTAS DE TRANSITO.;000000011183X;BANCO DO BRASIL S/A;1846.88
57;112101111 ; Taxas de Inspeção, Controle e Fiscalização - Principal;25/03/2021;CORRESPONDENTE A RECEITA COM CADASTROS E AUTORIZAÇÃO DE TRANSPORTES NOS DIAS 24 E 25 DE MARÇO/2021.;000000011183X;BANCO DO BRASIL S/A;1648.40
56;191001111 ; Multas Previstas em Legislação Específica - Principal;25/03/2021;CORRESPONDENTE A RECEITA COM MULTAS DE TRANSITO NOS DIAS 24 E 25 DE MARÇO/2021.;000000011183X;BANCO DO BRASIL S/A;12196.18
55;112101111 ; Taxas de Inspeção, Controle e Fiscalização - Principal;23/03/2021;CORRESPONDENTE A RECEITA COM CADASTROS E AUTORIZAÇÃO DE TRANSPORTES.;000000011183X;BANCO DO BRASIL S/A;123.6
54;191001111 ; Multas Previstas em Legislação Específica - Principal;23/03/2021;CORRESPONDENTE A RECEITA COM MULTAS DE TRANSITO.;000000011183X;BANCO DO BRASIL S/A;1664.47
53;112101111 ; Taxas de Inspeção, Controle e Fiscalização - Principal;22/03/2021;CORRESPONDENTE A RECEITA COM CADASTROS E AUTORIZAÇÃO DE TRANSPORTES.;000000011183X;BANCO DO BRASIL S/A;99.6
52;191001111 ; Multas Previstas em Legislação Específica - Principal;22/03/2021;CORRESPONDENTE A RECEITA COM MULTAS DE TRANSITO.;000000011183X;BANCO DO BRASIL S/A;910.28
51;112101111 ; Taxas de Inspeção, Controle e Fiscalização - Principal;19/03/2021;CORRESPONDENTE A RECEITA COM CADASTROS E AUTORIZAÇÃO DE TRANSPORTES.;000000011183X;BANCO DO BRASIL S/A;2768.30
50;191001111 ; Multas Previstas em Legislação Específica - Principal;19/03/2021;CORRESPONDENTE A RECEITA COM MULTAS DE TRANSITO.;000000011183X;BANCO DO BRASIL S/A;1681.09
49;112101111 ; Taxas de Inspeção, Controle e Fiscalização - Principal;18/03/2021;CORRESPONDENTE A RECEITA COM CADASTROS E AUTORIZAÇÃO DE TRANSPORTES.;000000011183X;BANCO DO BRASIL S/A;99.6
48;191001111 ; Multas Previstas em Legislação Específica - Principal;18/03/2021;CORRESPONDENTE A RECEITA COM MULTAS DE TRANSITO.;000000011183X;BANCO DO BRASIL S/A;2461.87
43;112101111 ; Taxas de Inspeção, Controle e Fiscalização - Principal;16/03/2021;CORRESPONDENTE A RECEITA COM CADASTROS E AUTORIZAÇÃO DE TRANSPORTES.;000000011183X;BANCO DO BRASIL S/A;788.8
42;191001111 ; Multas Previstas em Legislação Específica - Principal;16/03/2021;CORRESPONDENTE A RECEITA COM MULTAS DE TRANSITO.;000000011183X;BANCO DO BRASIL S/A;1010.54
41;199099111 ; Outras Receitas - Primárias - Principal;16/03/2021;CORRESPONDENTE A RECEITA  DERIVADA DA CONCESSÃO DE EXPLORAÇÃO DA ZONA AZUL, COMPETENCIA FEVEREIRO/2021.;000000011183X;R2 MOBBI SISTEMAS E MOBILIDADE URBANA EIRELI;2356.30
40;112101111 ; Taxas de Inspeção, Controle e Fiscalização - Principal;15/03/2021;CORRESPONDENTE A RECEITA COM CADASTROS E AUTORIZAÇÃO DE TRANSPORTES.;000000011183X;BANCO DO BRASIL S/A;199.2
39;191001111 ; Multas Previstas em Legislação Específica - Principal;15/03/2021;CORRESPONDENTE A RECEITA COM MULTAS DE TRANSITO.;000000011183X;BANCO DO BRASIL S/A;1003.80
38;112101111 ; Taxas de Inspeção, Controle e Fiscalização - Principal;12/03/2021;CORRESPONDENTE A RECEITA COM CADASTROS E AUTORIZAÇÃO DE TRANSPORTES.;000000011183X;BANCO DO BRASIL S/A;1397.40
37;191001111 ; Multas Previstas em Legislação Específica - Principal;12/03/2021;CORRESPONDENTE A RECEITA COM MULTAS DE TRANSITO.;000000011183X;BANCO DO BRASIL S/A;782.21
36;112101111 ; Taxas de Inspeção, Controle e Fiscalização - Principal;11/03/2021;CORRESPONDENTE A RECEITA COM CADASTROS E AUTORIZAÇÃO DE TRANSPORTES.;000000011183X;BANCO DO BRASIL S/A;281.22
35;191001111 ; Multas Previstas em Legislação Específica - Principal;11/03/2021;CORRESPONDENTE A RECEITA COM MULTAS DE TRANSITO.;000000011183X;BANCO DO BRASIL S/A;1661.33
34;112101111 ; Taxas de Inspeção, Controle e Fiscalização - Principal;10/03/2021;CORRESPONDENTE A RECEITA COM CADASTROS E AUTORIZAÇÃO DE TRANSPORTES.;000000011183X;BANCO DO BRASIL S/A;223.2
33;191001111 ; Multas Previstas em Legislação Específica - Principal;10/03/2021;CORRESPONDENTE A RECEITA COM MULTAS DE TRANSITO.;000000011183X;BANCO DO BRASIL S/A;1073.01
32;112101111 ; Taxas de Inspeção, Controle e Fiscalização - Principal;09/03/2021;CORRESPONDENTE A RECEITA COM CADASTROS E AUTORIZAÇÃO DE TRANSPORTES.;000000011183X;BANCO DO BRASIL S/A;276.2
31;191001111 ; Multas Previstas em Legislação Específica - Principal;09/03/2021;CORRESPONDENTE A RECEITA COM MULTAS DE TRANSITO.;000000011183X;BANCO DO BRASIL S/A;1508.12
30;112101111 ; Taxas de Inspeção, Controle e Fiscalização - Principal;17/03/2021;CORRESPONDENTE A RECEITA COM CADASTROS E AUTORIZAÇÃO DE TRANSPORTES.;000000011183X;BANCO DO BRASIL S/A;676.96
29;191001111 ; Multas Previstas em Legislação Específica - Principal;17/03/2021;CORRESPONDENTE A RECEITA COM MULTAS DE TRANSITO.;000000011183X;BANCO DO BRASIL S/A;1475.59
28;112101111 ; Taxas de Inspeção, Controle e Fiscalização - Principal;04/03/2021;CORRESPONDENTE A RECEITA COM CADASTROS E AUTORIZAÇÃO DE TRANSPORTES.;000000011183X;BANCO DO BRASIL S/A;123.6
27;112101111 ; Taxas de Inspeção, Controle e Fiscalização - Principal;04/03/2021;CORRESPONDENTE A RECEITA COM CADASTROS E AUTORIZAÇÃO DE TRANSPORTES.;0;BANCO DO BRASIL S/A;123.6
26;191001111 ; Multas Previstas em Legislação Específica - Principal;04/03/2021;CORRESPONDENTE A RECEITA COM MULTAS DE TRANSITO.;000000011183X;BANCO DO BRASIL S/A;317.72
25;112101111 ; Taxas de Inspeção, Controle e Fiscalização - Principal;03/03/2021;CORRESPONDENTE A RECEITA COM CADASTROS E AUTORIZAÇÃO DE TRANSPORTES.;000000011183X;BANCO DO BRASIL S/A;1019.70
24;191001111 ; Multas Previstas em Legislação Específica - Principal;03/03/2021;CORRESPONDENTE A RECEITA COM MULTAS DE TRANSITO.;000000011183X;BANCO DO BRASIL S/A;1757.20
23;112101111 ; Taxas de Inspeção, Controle e Fiscalização - Principal;01/03/2021;CORRESPONDENTE A RECEITA COM CADASTROS E AUTORIZAÇÃO DE TRANSPORTES.;000000011183X;BANCO DO BRASIL S/A;99.6
22;191001111 ; Multas Previstas em Legislação Específica - Principal;01/03/2021;CORRESPONDENTE A RECEITA COM MULTAS DE TRANSITO.;000000011183X;BANCO DO BRASIL S/A;562.71
21;132100111 ; Remuneração de Depósitos Bancários - Principal;26/02/2021;CORRESPONDENTE AOS RENDIMENTOS AUFERIDOS NO MES DE FEVEREIRO/2021;000000011183X;BANCO DO BRASIL S/A;0.56
20;112101111 ; Taxas de Inspeção, Controle e Fiscalização - Principal;26/02/2021;CORRESPONDENTE A RECEITA COM CADASTROS E AUTORIZAÇÃO DE TRANSPORTES. RELATIVO AO PERIODO DE 24 A 26 DE FEVEREIRO/2021.;000000011183X;BANCO DO BRASIL S/A;2293.81
19;191001111 ; Multas Previstas em Legislação Específica - Principal;26/02/2021;CORRESPONDENTE A RECEITA COM MULTAS DE TRANSITO. PERIODO 24 A 26 DE FEVEREIRO/2021.;000000011183X;BANCO DO BRASIL S/A;2119.95
18;199099111 ; Outras Receitas - Primárias - Principal;22/02/2021;CORREPONDENTE A RECEITA FINANCEIRA DERIVADA DA CONCESSÃO DE EXPLORAÇÃO DA ZONA AZUL, COMPETENCIA DEZEMBRO/2020 E JANEIRO/2021.;000000011183X;R2 MOBBI SISTEMAS E MOBILIDADE URBANA EIRELI;5613.49
17;112101111 ; Taxas de Inspeção, Controle e Fiscalização - Principal;23/02/2021;CORRESPONDENTE A RECEITA COM CADASTROS E AUTORIZAÇÃO DE TRANSPORTES. RELATIVO AO PERIODO 22 A 23 DE FEVEREIRO/2021.;000000011183X;BANCO DO BRASIL S/A;1062.90
16;191001111 ; Multas Previstas em Legislação Específica - Principal;23/02/2021;CORRESPONDENTE A RECEITA COM MULTAS DE TRANSITO. PERIODO 22 A 23 DE FEVEREIRO/2021.;000000011183X;BANCO DO BRASIL S/A;12120.89
15;112101111 ; Taxas de Inspeção, Controle e Fiscalização - Principal;19/02/2021;CORRESPONDENTE A RECEITA COM CADASTROS E AUTORIZAÇÃO DE TRANSPORTES. RELATIVO AO PERIODO DE 13 A 19 DE FEVEREIRO/2021.;000000011183X;BANCO DO BRASIL S/A;2613.68
14;191001111 ; Multas Previstas em Legislação Específica - Principal;17/02/2021;CORRESPONDENTE A RECEITA COM MULTAS DE TRANSITO DO DIA 17/02/2021.;000000011183X;BANCO DO BRASIL S/A;113.89
13;112101111 ; Taxas de Inspeção, Controle e Fiscalização - Principal;12/02/2021;CORRESPONDENTE A RECEITA COM CADASTROS E AUTORIZAÇÃO DE TRANSPORTES NO DIA 12/02/2021.;000000011183X;BANCO DO BRASIL S/A;881.6
12;191001111 ; Multas Previstas em Legislação Específica - Principal;12/02/2021;CORRESPONDENTE A RECEITA COM MULTAS DE TRANSITO NO DIA 12/02/2021;000000011183X;BANCO DO BRASIL S/A;816.52
11;112101111 ; Taxas de Inspeção, Controle e Fiscalização - Principal;11/02/2021;CORRESPONDENTE A RECEITA COM CADASTROS E AUTORIZAÇÃO DE TRANSPORTES NO DIA 11/02/2021.;000000011183X;BANCO DO BRASIL S/A;1497.80
10;191001111 ; Multas Previstas em Legislação Específica - Principal;11/02/2021;CORRESPONDENTE A RECEITA COM MULTAS DE TRANSITO NO DIA 11/02/2021.;000000011183X;BANCO DO BRASIL S/A;308.65
9;112101111 ; Taxas de Inspeção, Controle e Fiscalização - Principal;10/02/2021;CORRESPONDENTE A RECEITA COM CADASTROS E AUTORIZAÇÃO DE TRANSPORTES NO DIA 10/02/2021.;000000011183X;BANCO DO BRASIL S/A;773.6
8;191001111 ; Multas Previstas em Legislação Específica - Principal;10/02/2021;CORRESPONDENTE A RECEITA COM MULTAS DE TRANSITO NO DIA 10/02/2021.;000000011183X;BANCO DO BRASIL S/A;832.67
7;112101111 ; Taxas de Inspeção, Controle e Fiscalização - Principal;09/02/2021;CORRESPONDENTE A RECEITA COM CADASTROS E AUTORIZAÇÃO DE TRANSPORTES. RELATIVO AO PERIODO DE 01 A 09 DE FEVEREIRO/2021.;000000011183X;BANCO DO BRASIL S/A;7239.23
6;191001111 ; Multas Previstas em Legislação Específica - Principal;09/02/2021;CORRESPONDENTE A RECEITA COM MULTAS DE TRANSITO. PERIODO 01 A 09 DE FEVEREIRO/2021.;000000011183X;BANCO DO BRASIL S/A;10439.34
5;132100111 ; Remuneração de Depósitos Bancários - Principal;29/01/2021;CORRESPONDENTE AOS RENDIMENTOS AUFERIDOS NO MES DE JANEIRO/2021;000000011183X;BANCO DO BRASIL S/A;2.58
4;112101111 ; Taxas de Inspeção, Controle e Fiscalização - Principal;29/01/2021;CORRESPONDENTE A RECEITA COM CADASTROS E AUTORIZAÇÃO DE TRANSPORTES. RELATIVO AO PERIODO DE 21 A 31 DE JANEIRO/2021.;000000011183X;BANCO DO BRASIL S/A;7915.78
3;191001111 ; Multas Previstas em Legislação Específica - Principal;29/01/2021;CORRESPONDENTE A RECEITA COM MULTAS DE TRANSITO. PERIODO 21 A 31 DE JANEIRO/2021.;000000011183X;BANCO DO BRASIL S/A;4640.81
2;112101111 ; Taxas de Inspeção, Controle e Fiscalização - Principal;20/01/2021;CORRESPONDENTE A RECEITA COM CADASTROS E AUTORIZAÇÃO DE TRANSPORTES. RELATIVO AO PERIODO DE 01 A 20 DE JANEIRO/2021.;000000011183X;BANCO DO BRASIL S/A;21085.76
1;191001111 ; Multas Previstas em Legislação Específica - Principal;20/01/2021;CORRESPONDENTE A RECEITA COM MULTAS DE TRANSITO. PERIODO 01 A 20 DE JANEIRO/2021.;000000011183X;BANCO DO BRASIL S/A;11073.77
